tick=267329640 thread=18196 session_start build=ragdoll-impulse-poc12-delayed-localized-experimental pid=13916
tick=267595359 thread=18196 deferred_apply_begin hit=43 owner=00000001F7A66290 actors=2 age_ms=47 capture_thread=18196 planned_horizontal=6060.24 safety_scale=1.00000
tick=267595359 thread=18196 deferred_actor_begin hit=43 actor=00000001615AF4E0 bone="Bip01 L Thigh" mass=1.00000 impulse=(329.735,68.628,312.828) expected_vtable=00000000D1CA3750
tick=267595359 thread=18196 deferred_force_enter hit=43 actor=00000001615AF4E0 method=00000000D1A67340
tick=267595359 thread=18196 deferred_actor_returned hit=43 actor=00000001615AF4E0 call_returned=1
tick=267595359 thread=18196 deferred_actor_begin hit=43 actor=00000001615AF360 bone="Bip01 L Calf" mass=1.00000 impulse=(4066.733,846.409,3858.217) expected_vtable=00000000D1CA3750
tick=267595359 thread=18196 deferred_force_enter hit=43 actor=00000001615AF360 method=00000000D1A67340
tick=267595359 thread=18196 deferred_actor_returned hit=43 actor=00000001615AF360 call_returned=1
tick=267595359 thread=18196 deferred_apply_end hit=43
tick=267595359 thread=18196 deferred_apply_begin hit=41 owner=00000001F7A50010 actors=13 age_ms=47 capture_thread=18196 planned_horizontal=7500.00 safety_scale=1.00000
tick=267595359 thread=18196 deferred_actor_begin hit=41 actor=00000001615AF720 bone="Bip01" mass=1.00000 impulse=(80.554,-12.115,31.621) expected_vtable=00000000D1CA3750
tick=267595359 thread=18196 deferred_force_enter hit=41 actor=00000001615AF720 method=00000000D1A67340
tick=267595359 thread=18196 deferred_actor_returned hit=41 actor=00000001615AF720 call_returned=1
tick=267595359 thread=18196 deferred_actor_begin hit=41 actor=00000001615AFA20 bone="Bip01 L Thigh" mass=1.00000 impulse=(80.554,-12.115,31.621) expected_vtable=00000000D1CA3750
tick=267595359 thread=18196 deferred_force_enter hit=41 actor=00000001615AFA20 method=00000000D1A67340
tick=267595359 thread=18196 deferred_actor_returned hit=41 actor=00000001615AFA20 call_returned=1
tick=267595359 thread=18196 deferred_actor_begin hit=41 actor=00000001615AED60 bone="Bip01 R Thigh" mass=1.00000 impulse=(80.554,-12.115,31.621) expected_vtable=00000000D1CA3750
tick=267595359 thread=18196 deferred_force_enter hit=41 actor=00000001615AED60 method=00000000D1A67340
tick=267595359 thread=18196 deferred_actor_returned hit=41 actor=00000001615AED60 call_returned=1
tick=267595359 thread=18196 deferred_actor_begin hit=41 actor=00000001615AF8A0 bone="Bip01 L Calf" mass=1.00000 impulse=(80.554,-12.115,31.621) expected_vtable=00000000D1CA3750
tick=267595359 thread=18196 deferred_force_enter hit=41 actor=00000001615AF8A0 method=00000000D1A67340
tick=267595359 thread=18196 deferred_actor_returned hit=41 actor=00000001615AF8A0 call_returned=1
tick=267595359 thread=18196 deferred_actor_begin hit=41 actor=00000001615AFAE0 bone="Bip01 R Calf" mass=1.00000 impulse=(80.554,-12.115,31.621) expected_vtable=00000000D1CA3750
tick=267595359 thread=18196 deferred_force_enter hit=41 actor=00000001615AFAE0 method=00000000D1A67340
tick=267595359 thread=18196 deferred_actor_returned hit=41 actor=00000001615AFAE0 call_returned=1
tick=267595359 thread=18196 deferred_actor_begin hit=41 actor=00000001615AFBA0 bone="Bip01 Spine1" mass=1.00000 impulse=(80.554,-12.115,31.621) expected_vtable=00000000D1CA3750
tick=267595359 thread=18196 deferred_force_enter hit=41 actor=00000001615AFBA0 method=00000000D1A67340
tick=267595359 thread=18196 deferred_actor_returned hit=41 actor=00000001615AFBA0 call_returned=1
tick=267595359 thread=18196 deferred_actor_begin hit=41 actor=00000001615AFEA0 bone="Bip01 Spine2" mass=1.00000 impulse=(6014.719,-904.615,2361.069) expected_vtable=00000000D1CA3750
tick=267595359 thread=18196 deferred_force_enter hit=41 actor=00000001615AFEA0 method=00000000D1A67340
tick=267595359 thread=18196 deferred_actor_returned hit=41 actor=00000001615AFEA0 call_returned=1
tick=267595359 thread=18196 deferred_actor_begin hit=41 actor=00000001615ADF20 bone="Bip01 Neck" mass=1.00000 impulse=(80.554,-12.115,31.621) expected_vtable=00000000D1CA3750
tick=267595359 thread=18196 deferred_force_enter hit=41 actor=00000001615ADF20 method=00000000D1A67340
tick=267595359 thread=18196 deferred_actor_returned hit=41 actor=00000001615ADF20 call_returned=1
tick=267595359 thread=18196 deferred_actor_begin hit=41 actor=00000001615AFF60 bone="Bip01 L UpperArm" mass=1.00000 impulse=(80.554,-12.115,31.621) expected_vtable=00000000D1CA3750
tick=267595359 thread=18196 deferred_force_enter hit=41 actor=00000001615AFF60 method=00000000D1A67340
tick=267595359 thread=18196 deferred_actor_returned hit=41 actor=00000001615AFF60 call_returned=1
tick=267595359 thread=18196 deferred_actor_begin hit=41 actor=00000001615B0020 bone="Bip01 Head" mass=1.00000 impulse=(80.554,-12.115,31.621) expected_vtable=00000000D1CA3750
tick=267595359 thread=18196 deferred_force_enter hit=41 actor=00000001615B0020 method=00000000D1A67340
tick=267595359 thread=18196 deferred_actor_returned hit=41 actor=00000001615B0020 call_returned=1
tick=267595359 thread=18196 deferred_actor_begin hit=41 actor=00000001615AE5E0 bone="Bip01 R UpperArm" mass=1.00000 impulse=(80.554,-12.115,31.621) expected_vtable=00000000D1CA3750
tick=267595359 thread=18196 deferred_force_enter hit=41 actor=00000001615AE5E0 method=00000000D1A67340
tick=267595359 thread=18196 deferred_actor_returned hit=41 actor=00000001615AE5E0 call_returned=1
tick=267595359 thread=18196 deferred_actor_begin hit=41 actor=00000001615B00E0 bone="Bip01 L Forearm" mass=1.00000 impulse=(80.554,-12.115,31.621) expected_vtable=00000000D1CA3750
tick=267595359 thread=18196 deferred_force_enter hit=41 actor=00000001615B00E0 method=00000000D1A67340
tick=267595359 thread=18196 deferred_actor_returned hit=41 actor=00000001615B00E0 call_returned=1
tick=267595359 thread=18196 deferred_actor_begin hit=41 actor=00000001615AE220 bone="Bip01 R Forearm" mass=1.00000 impulse=(80.554,-12.115,31.621) expected_vtable=00000000D1CA3750
tick=267595375 thread=18196 deferred_force_enter hit=41 actor=00000001615AE220 method=00000000D1A67340
tick=267595375 thread=18196 deferred_actor_returned hit=41 actor=00000001615AE220 call_returned=1
tick=267595375 thread=18196 deferred_apply_end hit=41
tick=267595375 thread=18196 deferred_apply_begin hit=42 owner=00000001F7845A88 actors=13 age_ms=63 capture_thread=18196 planned_horizontal=7500.00 safety_scale=1.00000
tick=267595375 thread=18196 deferred_actor_begin hit=42 actor=00000001615B0260 bone="Bip01" mass=1.00000 impulse=(-5.691,-12.115,-86.351) expected_vtable=00000000D1CA3750
tick=267595375 thread=18196 deferred_force_enter hit=42 actor=00000001615B0260 method=00000000D1A67340
tick=267595375 thread=18196 deferred_actor_returned hit=42 actor=00000001615B0260 call_returned=1
tick=267595375 thread=18196 deferred_actor_begin hit=42 actor=00000001615B0860 bone="Bip01 L Thigh" mass=1.00000 impulse=(-5.691,-12.115,-86.351) expected_vtable=00000000D1CA3750
tick=267595375 thread=18196 deferred_force_enter hit=42 actor=00000001615B0860 method=00000000D1A67340
tick=267595375 thread=18196 deferred_actor_returned hit=42 actor=00000001615B0860 call_returned=1
tick=267595375 thread=18196 deferred_actor_begin hit=42 actor=00000001615B04A0 bone="Bip01 R Thigh" mass=1.00000 impulse=(-5.691,-12.115,-86.351) expected_vtable=00000000D1CA3750
tick=267595375 thread=18196 deferred_force_enter hit=42 actor=00000001615B04A0 method=00000000D1A67340
tick=267595375 thread=18196 deferred_actor_returned hit=42 actor=00000001615B04A0 call_returned=1
tick=267595375 thread=18196 deferred_actor_begin hit=42 actor=00000001615B03E0 bone="Bip01 L Calf" mass=1.00000 impulse=(-5.691,-12.115,-86.351) expected_vtable=00000000D1CA3750
tick=267595375 thread=18196 deferred_force_enter hit=42 actor=00000001615B03E0 method=00000000D1A67340
tick=267595375 thread=18196 deferred_actor_returned hit=42 actor=00000001615B03E0 call_returned=1
tick=267595375 thread=18196 deferred_actor_begin hit=42 actor=00000001615AEA60 bone="Bip01 R Calf" mass=1.00000 impulse=(-5.691,-12.115,-86.351) expected_vtable=00000000D1CA3750
tick=267595375 thread=18196 deferred_force_enter hit=42 actor=00000001615AEA60 method=00000000D1A67340
tick=267595375 thread=18196 deferred_actor_returned hit=42 actor=00000001615AEA60 call_returned=1
tick=267595375 thread=18196 deferred_actor_begin hit=42 actor=00000001615B0620 bone="Bip01 Spine1" mass=1.00000 impulse=(-5.691,-12.115,-86.351) expected_vtable=00000000D1CA3750
tick=267595375 thread=18196 deferred_force_enter hit=42 actor=00000001615B0620 method=00000000D1A67340
tick=267595375 thread=18196 deferred_actor_returned hit=42 actor=00000001615B0620 call_returned=1
tick=267595375 thread=18196 deferred_actor_begin hit=42 actor=00000001615B07A0 bone="Bip01 Spine2" mass=1.00000 impulse=(-424.943,-904.615,-6447.550) expected_vtable=00000000D1CA3750
tick=267595375 thread=18196 deferred_force_enter hit=42 actor=00000001615B07A0 method=00000000D1A67340
tick=267595375 thread=18196 deferred_actor_returned hit=42 actor=00000001615B07A0 call_returned=1
tick=267595375 thread=18196 deferred_actor_begin hit=42 actor=00000001615B0B60 bone="Bip01 Neck" mass=1.00000 impulse=(-5.691,-12.115,-86.351) expected_vtable=00000000D1CA3750
tick=267595375 thread=18196 deferred_force_enter hit=42 actor=00000001615B0B60 method=00000000D1A67340
tick=267595375 thread=18196 deferred_actor_returned hit=42 actor=00000001615B0B60 call_returned=1
tick=267595375 thread=18196 deferred_actor_begin hit=42 actor=00000001615AE2E0 bone="Bip01 L UpperArm" mass=1.00000 impulse=(-5.691,-12.115,-86.351) expected_vtable=00000000D1CA3750
tick=267595375 thread=18196 deferred_force_enter hit=42 actor=00000001615AE2E0 method=00000000D1A67340
tick=267595375 thread=18196 deferred_actor_returned hit=42 actor=00000001615AE2E0 call_returned=1
tick=267595375 thread=18196 deferred_actor_begin hit=42 actor=00000001615B0C20 bone="Bip01 Head" mass=1.00000 impulse=(-5.691,-12.115,-86.351) expected_vtable=00000000D1CA3750
tick=267595375 thread=18196 deferred_force_enter hit=42 actor=00000001615B0C20 method=00000000D1A67340
tick=267595375 thread=18196 deferred_actor_returned hit=42 actor=00000001615B0C20 call_returned=1
tick=267595375 thread=18196 deferred_actor_begin hit=42 actor=00000001615B0CE0 bone="Bip01 R UpperArm" mass=1.00000 impulse=(-5.691,-12.115,-86.351) expected_vtable=00000000D1CA3750
tick=267595375 thread=18196 deferred_force_enter hit=42 actor=00000001615B0CE0 method=00000000D1A67340
tick=267595375 thread=18196 deferred_actor_returned hit=42 actor=00000001615B0CE0 call_returned=1
tick=267595375 thread=18196 deferred_actor_begin hit=42 actor=00000001615B09E0 bone="Bip01 L Forearm" mass=1.00000 impulse=(-5.691,-12.115,-86.351) expected_vtable=00000000D1CA3750
tick=267595375 thread=18196 deferred_force_enter hit=42 actor=00000001615B09E0 method=00000000D1A67340
tick=267595375 thread=18196 deferred_actor_returned hit=42 actor=00000001615B09E0 call_returned=1
tick=267595375 thread=18196 deferred_actor_begin hit=42 actor=00000001615ADFE0 bone="Bip01 R Forearm" mass=1.00000 impulse=(-5.691,-12.115,-86.351) expected_vtable=00000000D1CA3750
tick=267595375 thread=18196 deferred_force_enter hit=42 actor=00000001615ADFE0 method=00000000D1A67340
tick=267595375 thread=18196 deferred_actor_returned hit=42 actor=00000001615ADFE0 call_returned=1
tick=267595375 thread=18196 deferred_apply_end hit=42
tick=267601156 thread=18196 deferred_apply_begin hit=78 owner=00000001F7A66290 actors=13 age_ms=47 capture_thread=18196 planned_horizontal=6786.98 safety_scale=1.00000
tick=267601156 thread=18196 deferred_actor_begin hit=78 actor=00000001615AF1E0 bone="Bip01" mass=1.00000 impulse=(-65.809,-11.677,42.448) expected_vtable=00000000D1CA3750
tick=267601156 thread=18196 deferred_force_enter hit=78 actor=00000001615AF1E0 method=00000000D1A67340
tick=267601156 thread=18196 deferred_actor_returned hit=78 actor=00000001615AF1E0 call_returned=1
tick=267601156 thread=18196 deferred_actor_begin hit=78 actor=00000001615AEFA0 bone="Bip01 L Thigh" mass=1.00000 impulse=(-65.809,-11.677,42.448) expected_vtable=00000000D1CA3750
tick=267601156 thread=18196 deferred_force_enter hit=78 actor=00000001615AEFA0 method=00000000D1A67340
tick=267601156 thread=18196 deferred_actor_returned hit=78 actor=00000001615AEFA0 call_returned=1
tick=267601156 thread=18196 deferred_actor_begin hit=78 actor=00000001615AF4E0 bone="Bip01 R Thigh" mass=1.00000 impulse=(-65.809,-11.677,42.448) expected_vtable=00000000D1CA3750
tick=267601156 thread=18196 deferred_force_enter hit=78 actor=00000001615AF4E0 method=00000000D1A67340
tick=267601156 thread=18196 deferred_actor_returned hit=78 actor=00000001615AF4E0 call_returned=1
tick=267601156 thread=18196 deferred_actor_begin hit=78 actor=00000001615AF360 bone="Bip01 L Calf" mass=1.00000 impulse=(-65.809,-11.677,42.448) expected_vtable=00000000D1CA3750
tick=267601156 thread=18196 deferred_force_enter hit=78 actor=00000001615AF360 method=00000000D1A67340
tick=267601156 thread=18196 deferred_actor_returned hit=78 actor=00000001615AF360 call_returned=1
tick=267601156 thread=18196 deferred_actor_begin hit=78 actor=00000001615AF660 bone="Bip01 R Calf" mass=1.00000 impulse=(-65.809,-11.677,42.448) expected_vtable=00000000D1CA3750
tick=267601156 thread=18196 deferred_force_enter hit=78 actor=00000001615AF660 method=00000000D1A67340
tick=267601156 thread=18196 deferred_actor_returned hit=78 actor=00000001615AF660 call_returned=1
tick=267601156 thread=18196 deferred_actor_begin hit=78 actor=00000001615B21E0 bone="Bip01 Spine1" mass=1.00000 impulse=(-65.809,-11.677,42.448) expected_vtable=00000000D1CA3750
tick=267601156 thread=18196 deferred_force_enter hit=78 actor=00000001615B21E0 method=00000000D1A67340
tick=267601156 thread=18196 deferred_actor_returned hit=78 actor=00000001615B21E0 call_returned=1
tick=267601156 thread=18196 deferred_actor_begin hit=78 actor=00000001615B6920 bone="Bip01 Spine2" mass=1.00000 impulse=(-4913.761,-871.918,3169.423) expected_vtable=00000000D1CA3750
tick=267601156 thread=18196 deferred_force_enter hit=78 actor=00000001615B6920 method=00000000D1A67340
tick=267601156 thread=18196 deferred_actor_returned hit=78 actor=00000001615B6920 call_returned=1
tick=267601156 thread=18196 deferred_actor_begin hit=78 actor=00000001615B4220 bone="Bip01 Neck" mass=1.00000 impulse=(-65.809,-11.677,42.448) expected_vtable=00000000D1CA3750
tick=267601156 thread=18196 deferred_force_enter hit=78 actor=00000001615B4220 method=00000000D1A67340
tick=267601156 thread=18196 deferred_actor_returned hit=78 actor=00000001615B4220 call_returned=1
tick=267601156 thread=18196 deferred_actor_begin hit=78 actor=00000001615B4160 bone="Bip01 L UpperArm" mass=1.00000 impulse=(-65.809,-11.677,42.448) expected_vtable=00000000D1CA3750
tick=267601156 thread=18196 deferred_force_enter hit=78 actor=00000001615B4160 method=00000000D1A67340
tick=267601171 thread=18196 deferred_actor_returned hit=78 actor=00000001615B4160 call_returned=1
tick=267601171 thread=18196 deferred_actor_begin hit=78 actor=00000001615B43A0 bone="Bip01 Head" mass=1.00000 impulse=(-65.809,-11.677,42.448) expected_vtable=00000000D1CA3750
tick=267601171 thread=18196 deferred_force_enter hit=78 actor=00000001615B43A0 method=00000000D1A67340
tick=267601171 thread=18196 deferred_actor_returned hit=78 actor=00000001615B43A0 call_returned=1
tick=267601171 thread=18196 deferred_actor_begin hit=78 actor=00000001615B5360 bone="Bip01 R UpperArm" mass=1.00000 impulse=(-65.809,-11.677,42.448) expected_vtable=00000000D1CA3750
tick=267601171 thread=18196 deferred_force_enter hit=78 actor=00000001615B5360 method=00000000D1A67340
tick=267601171 thread=18196 deferred_actor_returned hit=78 actor=00000001615B5360 call_returned=1
tick=267601171 thread=18196 deferred_actor_begin hit=78 actor=00000001615B4820 bone="Bip01 L Forearm" mass=1.00000 impulse=(-65.809,-11.677,42.448) expected_vtable=00000000D1CA3750
tick=267601171 thread=18196 deferred_force_enter hit=78 actor=00000001615B4820 method=00000000D1A67340
tick=267601171 thread=18196 deferred_actor_returned hit=78 actor=00000001615B4820 call_returned=1
tick=267601171 thread=18196 deferred_actor_begin hit=78 actor=00000001615B4FA0 bone="Bip01 R Forearm" mass=1.00000 impulse=(-65.809,-11.677,42.448) expected_vtable=00000000D1CA3750
tick=267601171 thread=18196 deferred_force_enter hit=78 actor=00000001615B4FA0 method=00000000D1A67340
tick=267601171 thread=18196 deferred_actor_returned hit=78 actor=00000001615B4FA0 call_returned=1
tick=267601171 thread=18196 deferred_apply_end hit=78
tick=267601609 thread=18196 deferred_apply_begin hit=82 owner=000000016D6645E0 actors=2 age_ms=47 capture_thread=18196 planned_horizontal=7500.00 safety_scale=1.00000
tick=267601609 thread=18196 deferred_actor_begin hit=82 actor=00000001615B3F20 bone="Bip01 L Thigh" mass=1.00000 impulse=(-549.982,-78.750,-118.010) expected_vtable=00000000D1CA3750
tick=267601609 thread=18196 deferred_force_enter hit=82 actor=00000001615B3F20 method=00000000D1A67340
tick=267601609 thread=18196 deferred_actor_returned hit=82 actor=00000001615B3F20 call_returned=1
tick=267601609 thread=18196 deferred_actor_begin hit=82 actor=00000001615B6C20 bone="Bip01 L Calf" mass=1.00000 impulse=(-6783.109,-971.250,-1455.454) expected_vtable=00000000D1CA3750
tick=267601609 thread=18196 deferred_force_enter hit=82 actor=00000001615B6C20 method=00000000D1A67340
tick=267601609 thread=18196 deferred_actor_returned hit=82 actor=00000001615B6C20 call_returned=1
tick=267601609 thread=18196 deferred_apply_end hit=82
tick=267603421 thread=18196 deferred_apply_begin hit=104 owner=00000001F7A6B730 actors=13 age_ms=46 capture_thread=18196 planned_horizontal=7417.18 safety_scale=1.00000
tick=267603421 thread=18196 deferred_actor_begin hit=104 actor=00000001615B4760 bone="Bip01" mass=1.00000 impulse=(7.680,0.069,-85.238) expected_vtable=00000000D1CA3750
tick=267603421 thread=18196 deferred_force_enter hit=104 actor=00000001615B4760 method=00000000D1A67340
tick=267603421 thread=18196 deferred_actor_returned hit=104 actor=00000001615B4760 call_returned=1
tick=267603421 thread=18196 deferred_actor_begin hit=104 actor=00000001615B3E60 bone="Bip01 L Thigh" mass=1.00000 impulse=(7.680,0.069,-85.238) expected_vtable=00000000D1CA3750
tick=267603421 thread=18196 deferred_force_enter hit=104 actor=00000001615B3E60 method=00000000D1A67340
tick=267603421 thread=18196 deferred_actor_returned hit=104 actor=00000001615B3E60 call_returned=1
tick=267603421 thread=18196 deferred_actor_begin hit=104 actor=00000001615B69E0 bone="Bip01 R Thigh" mass=1.00000 impulse=(7.680,0.069,-85.238) expected_vtable=00000000D1CA3750
tick=267603421 thread=18196 deferred_force_enter hit=104 actor=00000001615B69E0 method=00000000D1A67340
tick=267603421 thread=18196 deferred_actor_returned hit=104 actor=00000001615B69E0 call_returned=1
tick=267603421 thread=18196 deferred_actor_begin hit=104 actor=00000001615B5720 bone="Bip01 L Calf" mass=1.00000 impulse=(7.680,0.069,-85.238) expected_vtable=00000000D1CA3750
tick=267603421 thread=18196 deferred_force_enter hit=104 actor=00000001615B5720 method=00000000D1A67340
tick=267603421 thread=18196 deferred_actor_returned hit=104 actor=00000001615B5720 call_returned=1
tick=267603421 thread=18196 deferred_actor_begin hit=104 actor=00000001615B6560 bone="Bip01 R Calf" mass=1.00000 impulse=(7.680,0.069,-85.238) expected_vtable=00000000D1CA3750
tick=267603421 thread=18196 deferred_force_enter hit=104 actor=00000001615B6560 method=00000000D1A67340
tick=267603421 thread=18196 deferred_actor_returned hit=104 actor=00000001615B6560 call_returned=1
tick=267603437 thread=18196 deferred_actor_begin hit=104 actor=00000001615B5960 bone="Bip01 Spine1" mass=1.00000 impulse=(7.680,0.069,-85.238) expected_vtable=00000000D1CA3750
tick=267603437 thread=18196 deferred_force_enter hit=104 actor=00000001615B5960 method=00000000D1A67340
tick=267603437 thread=18196 deferred_actor_returned hit=104 actor=00000001615B5960 call_returned=1
tick=267603437 thread=18196 deferred_actor_begin hit=104 actor=00000001615B5A20 bone="Bip01 Spine2" mass=1.00000 impulse=(573.453,5.169,-6364.401) expected_vtable=00000000D1CA3750
tick=267603437 thread=18196 deferred_force_enter hit=104 actor=00000001615B5A20 method=00000000D1A67340
tick=267603437 thread=18196 deferred_actor_returned hit=104 actor=00000001615B5A20 call_returned=1
tick=267603437 thread=18196 deferred_actor_begin hit=104 actor=00000001615B67A0 bone="Bip01 Neck" mass=1.00000 impulse=(7.680,0.069,-85.238) expected_vtable=00000000D1CA3750
tick=267603437 thread=18196 deferred_force_enter hit=104 actor=00000001615B67A0 method=00000000D1A67340
tick=267603437 thread=18196 deferred_actor_returned hit=104 actor=00000001615B67A0 call_returned=1
tick=267603437 thread=18196 deferred_actor_begin hit=104 actor=00000001615B4BE0 bone="Bip01 L UpperArm" mass=1.00000 impulse=(7.680,0.069,-85.238) expected_vtable=00000000D1CA3750
tick=267603437 thread=18196 deferred_force_enter hit=104 actor=00000001615B4BE0 method=00000000D1A67340
tick=267603437 thread=18196 deferred_actor_returned hit=104 actor=00000001615B4BE0 call_returned=1
tick=267603437 thread=18196 deferred_actor_begin hit=104 actor=00000001615B6CE0 bone="Bip01 Head" mass=1.00000 impulse=(7.680,0.069,-85.238) expected_vtable=00000000D1CA3750
tick=267603437 thread=18196 deferred_force_enter hit=104 actor=00000001615B6CE0 method=00000000D1A67340
tick=267603437 thread=18196 deferred_actor_returned hit=104 actor=00000001615B6CE0 call_returned=1
tick=267603437 thread=18196 deferred_actor_begin hit=104 actor=00000001615B6DA0 bone="Bip01 R UpperArm" mass=1.00000 impulse=(7.680,0.069,-85.238) expected_vtable=00000000D1CA3750
tick=267603437 thread=18196 deferred_force_enter hit=104 actor=00000001615B6DA0 method=00000000D1A67340
tick=267603437 thread=18196 deferred_actor_returned hit=104 actor=00000001615B6DA0 call_returned=1
tick=267603437 thread=18196 deferred_actor_begin hit=104 actor=00000001615B66E0 bone="Bip01 L Forearm" mass=1.00000 impulse=(7.680,0.069,-85.238) expected_vtable=00000000D1CA3750
tick=267603437 thread=18196 deferred_force_enter hit=104 actor=00000001615B66E0 method=00000000D1A67340
tick=267603437 thread=18196 deferred_actor_returned hit=104 actor=00000001615B66E0 call_returned=1
tick=267603437 thread=18196 deferred_actor_begin hit=104 actor=00000001615B6860 bone="Bip01 R Forearm" mass=1.00000 impulse=(7.680,0.069,-85.238) expected_vtable=00000000D1CA3750
tick=267603437 thread=18196 deferred_force_enter hit=104 actor=00000001615B6860 method=00000000D1A67340
tick=267603437 thread=18196 deferred_actor_returned hit=104 actor=00000001615B6860 call_returned=1
tick=267603437 thread=18196 deferred_apply_end hit=104
tick=267603859 thread=18196 deferred_apply_begin hit=110 owner=00000001F7A5D3F0 actors=13 age_ms=47 capture_thread=18196 planned_horizontal=7500.00 safety_scale=1.00000
tick=267603859 thread=18196 deferred_actor_begin hit=110 actor=00000001615B3B60 bone="Bip01" mass=1.00000 impulse=(-86.308,0.069,-6.306) expected_vtable=00000000D1CA3750
tick=267603859 thread=18196 deferred_force_enter hit=110 actor=00000001615B3B60 method=00000000D1A67340
tick=267603875 thread=18196 deferred_actor_returned hit=110 actor=00000001615B3B60 call_returned=1
tick=267603875 thread=18196 deferred_actor_begin hit=110 actor=00000001615B5DE0 bone="Bip01 L Thigh" mass=1.00000 impulse=(-86.308,0.069,-6.306) expected_vtable=00000000D1CA3750
tick=267603875 thread=18196 deferred_force_enter hit=110 actor=00000001615B5DE0 method=00000000D1A67340
tick=267603875 thread=18196 deferred_actor_returned hit=110 actor=00000001615B5DE0 call_returned=1
tick=267603875 thread=18196 deferred_actor_begin hit=110 actor=00000001615B5F60 bone="Bip01 R Thigh" mass=1.00000 impulse=(-86.308,0.069,-6.306) expected_vtable=00000000D1CA3750
tick=267603875 thread=18196 deferred_force_enter hit=110 actor=00000001615B5F60 method=00000000D1A67340
tick=267603875 thread=18196 deferred_actor_returned hit=110 actor=00000001615B5F60 call_returned=1
tick=267603875 thread=18196 deferred_actor_begin hit=110 actor=00000001615B6260 bone="Bip01 L Calf" mass=1.00000 impulse=(-86.308,0.069,-6.306) expected_vtable=00000000D1CA3750
tick=267603875 thread=18196 deferred_force_enter hit=110 actor=00000001615B6260 method=00000000D1A67340
tick=267603875 thread=18196 deferred_actor_returned hit=110 actor=00000001615B6260 call_returned=1
tick=267603875 thread=18196 deferred_actor_begin hit=110 actor=00000001615B60E0 bone="Bip01 R Calf" mass=1.00000 impulse=(-6444.359,5.169,-470.860) expected_vtable=00000000D1CA3750
tick=267603875 thread=18196 deferred_force_enter hit=110 actor=00000001615B60E0 method=00000000D1A67340
tick=267603875 thread=18196 deferred_actor_returned hit=110 actor=00000001615B60E0 call_returned=1
tick=267603875 thread=18196 deferred_actor_begin hit=110 actor=00000001615B48E0 bone="Bip01 Spine1" mass=1.00000 impulse=(-86.308,0.069,-6.306) expected_vtable=00000000D1CA3750
tick=267603875 thread=18196 deferred_force_enter hit=110 actor=00000001615B48E0 method=00000000D1A67340
tick=267603875 thread=18196 deferred_actor_returned hit=110 actor=00000001615B48E0 call_returned=1
tick=267603875 thread=18196 deferred_actor_begin hit=110 actor=00000001615B40A0 bone="Bip01 Spine2" mass=1.00000 impulse=(-86.308,0.069,-6.306) expected_vtable=00000000D1CA3750
tick=267603875 thread=18196 deferred_force_enter hit=110 actor=00000001615B40A0 method=00000000D1A67340
tick=267603875 thread=18196 deferred_actor_returned hit=110 actor=00000001615B40A0 call_returned=1
tick=267603875 thread=18196 deferred_actor_begin hit=110 actor=00000001615B61A0 bone="Bip01 Neck" mass=1.00000 impulse=(-86.308,0.069,-6.306) expected_vtable=00000000D1CA3750
tick=267603875 thread=18196 deferred_force_enter hit=110 actor=00000001615B61A0 method=00000000D1A67340
tick=267603875 thread=18196 deferred_actor_returned hit=110 actor=00000001615B61A0 call_returned=1
tick=267603875 thread=18196 deferred_actor_begin hit=110 actor=00000001615B42E0 bone="Bip01 L UpperArm" mass=1.00000 impulse=(-86.308,0.069,-6.306) expected_vtable=00000000D1CA3750
tick=267603875 thread=18196 deferred_force_enter hit=110 actor=00000001615B42E0 method=00000000D1A67340
tick=267603875 thread=18196 deferred_actor_returned hit=110 actor=00000001615B42E0 call_returned=1
tick=267603875 thread=18196 deferred_actor_begin hit=110 actor=00000001615B4B20 bone="Bip01 Head" mass=1.00000 impulse=(-86.308,0.069,-6.306) expected_vtable=00000000D1CA3750
tick=267603875 thread=18196 deferred_force_enter hit=110 actor=00000001615B4B20 method=00000000D1A67340
tick=267603875 thread=18196 deferred_actor_returned hit=110 actor=00000001615B4B20 call_returned=1
tick=267603875 thread=18196 deferred_actor_begin hit=110 actor=00000001615B64A0 bone="Bip01 R UpperArm" mass=1.00000 impulse=(-86.308,0.069,-6.306) expected_vtable=00000000D1CA3750
tick=267603875 thread=18196 deferred_force_enter hit=110 actor=00000001615B64A0 method=00000000D1A67340
tick=267603875 thread=18196 deferred_actor_returned hit=110 actor=00000001615B64A0 call_returned=1
tick=267603875 thread=18196 deferred_actor_begin hit=110 actor=00000001615B4A60 bone="Bip01 L Forearm" mass=1.00000 impulse=(-86.308,0.069,-6.306) expected_vtable=00000000D1CA3750
tick=267603875 thread=18196 deferred_force_enter hit=110 actor=00000001615B4A60 method=00000000D1A67340
tick=267603875 thread=18196 deferred_actor_returned hit=110 actor=00000001615B4A60 call_returned=1
tick=267603890 thread=18196 deferred_actor_begin hit=110 actor=00000001615B7460 bone="Bip01 R Forearm" mass=1.00000 impulse=(-86.308,0.069,-6.306) expected_vtable=00000000D1CA3750
tick=267603890 thread=18196 deferred_force_enter hit=110 actor=00000001615B7460 method=00000000D1A67340
tick=267603890 thread=18196 deferred_actor_returned hit=110 actor=00000001615B7460 call_returned=1
tick=267603890 thread=18196 deferred_apply_end hit=110
tick=267603890 thread=18196 deferred_apply_begin hit=109 owner=00000001F7A6FC70 actors=13 age_ms=62 capture_thread=18196 planned_horizontal=5895.84 safety_scale=1.00000
tick=267603890 thread=18196 deferred_actor_begin hit=109 actor=00000001615B3F20 bone="Bip01" mass=1.00000 impulse=(-18.308,-10.135,65.519) expected_vtable=00000000D1CA3750
tick=267603890 thread=18196 deferred_force_enter hit=109 actor=00000001615B3F20 method=00000000D1A67340
tick=267603890 thread=18196 deferred_actor_returned hit=109 actor=00000001615B3F20 call_returned=1
tick=267603890 thread=18196 deferred_actor_begin hit=109 actor=00000001615B79A0 bone="Bip01 L Thigh" mass=1.00000 impulse=(-18.308,-10.135,65.519) expected_vtable=00000000D1CA3750
tick=267603890 thread=18196 deferred_force_enter hit=109 actor=00000001615B79A0 method=00000000D1A67340
tick=267603890 thread=18196 deferred_actor_returned hit=109 actor=00000001615B79A0 call_returned=1
tick=267603890 thread=18196 deferred_actor_begin hit=109 actor=00000001615B7A60 bone="Bip01 R Thigh" mass=1.00000 impulse=(-18.308,-10.135,65.519) expected_vtable=00000000D1CA3750
tick=267603890 thread=18196 deferred_force_enter hit=109 actor=00000001615B7A60 method=00000000D1A67340
tick=267603890 thread=18196 deferred_actor_returned hit=109 actor=00000001615B7A60 call_returned=1
tick=267603890 thread=18196 deferred_actor_begin hit=109 actor=00000001615B88A0 bone="Bip01 L Calf" mass=1.00000 impulse=(-18.308,-10.135,65.519) expected_vtable=00000000D1CA3750
tick=267603890 thread=18196 deferred_force_enter hit=109 actor=00000001615B88A0 method=00000000D1A67340
tick=267603890 thread=18196 deferred_actor_returned hit=109 actor=00000001615B88A0 call_returned=1
tick=267603906 thread=18196 deferred_actor_begin hit=109 actor=00000001615B73A0 bone="Bip01 R Calf" mass=1.00000 impulse=(-18.308,-10.135,65.519) expected_vtable=00000000D1CA3750
tick=267603906 thread=18196 deferred_force_enter hit=109 actor=00000001615B73A0 method=00000000D1A67340
tick=267603906 thread=18196 deferred_actor_returned hit=109 actor=00000001615B73A0 call_returned=1
tick=267603906 thread=18196 deferred_actor_begin hit=109 actor=00000001615B94A0 bone="Bip01 Spine1" mass=1.00000 impulse=(-18.308,-10.135,65.519) expected_vtable=00000000D1CA3750
tick=267603906 thread=18196 deferred_force_enter hit=109 actor=00000001615B94A0 method=00000000D1A67340
tick=267603906 thread=18196 deferred_actor_returned hit=109 actor=00000001615B94A0 call_returned=1
tick=267603906 thread=18196 deferred_actor_begin hit=109 actor=00000001615B6E60 bone="Bip01 Spine2" mass=1.00000 impulse=(-1367.006,-756.755,4892.091) expected_vtable=00000000D1CA3750
tick=267603906 thread=18196 deferred_force_enter hit=109 actor=00000001615B6E60 method=00000000D1A67340
tick=267603906 thread=18196 deferred_actor_returned hit=109 actor=00000001615B6E60 call_returned=1
tick=267603906 thread=18196 deferred_actor_begin hit=109 actor=00000001615B9020 bone="Bip01 Neck" mass=1.00000 impulse=(-18.308,-10.135,65.519) expected_vtable=00000000D1CA3750
tick=267603906 thread=18196 deferred_force_enter hit=109 actor=00000001615B9020 method=00000000D1A67340
tick=267603906 thread=18196 deferred_actor_returned hit=109 actor=00000001615B9020 call_returned=1
tick=267603906 thread=18196 deferred_actor_begin hit=109 actor=00000001615B8DE0 bone="Bip01 L UpperArm" mass=1.00000 impulse=(-18.308,-10.135,65.519) expected_vtable=00000000D1CA3750
tick=267603906 thread=18196 deferred_force_enter hit=109 actor=00000001615B8DE0 method=00000000D1A67340
tick=267603906 thread=18196 deferred_actor_returned hit=109 actor=00000001615B8DE0 call_returned=1
tick=267603906 thread=18196 deferred_actor_begin hit=109 actor=00000001615B8AE0 bone="Bip01 Head" mass=1.00000 impulse=(-18.308,-10.135,65.519) expected_vtable=00000000D1CA3750
tick=267603906 thread=18196 deferred_force_enter hit=109 actor=00000001615B8AE0 method=00000000D1A67340
tick=267603906 thread=18196 deferred_actor_returned hit=109 actor=00000001615B8AE0 call_returned=1
tick=267603906 thread=18196 deferred_actor_begin hit=109 actor=00000001615B8360 bone="Bip01 R UpperArm" mass=1.00000 impulse=(-18.308,-10.135,65.519) expected_vtable=00000000D1CA3750
tick=267603906 thread=18196 deferred_force_enter hit=109 actor=00000001615B8360 method=00000000D1A67340
tick=267603906 thread=18196 deferred_actor_returned hit=109 actor=00000001615B8360 call_returned=1
tick=267603906 thread=18196 deferred_actor_begin hit=109 actor=00000001615B7B20 bone="Bip01 L Forearm" mass=1.00000 impulse=(-18.308,-10.135,65.519) expected_vtable=00000000D1CA3750
tick=267603906 thread=18196 deferred_force_enter hit=109 actor=00000001615B7B20 method=00000000D1A67340
tick=267603906 thread=18196 deferred_actor_returned hit=109 actor=00000001615B7B20 call_returned=1
tick=267603906 thread=18196 deferred_actor_begin hit=109 actor=00000001615B8EA0 bone="Bip01 R Forearm" mass=1.00000 impulse=(-18.308,-10.135,65.519) expected_vtable=00000000D1CA3750
tick=267603906 thread=18196 deferred_force_enter hit=109 actor=00000001615B8EA0 method=00000000D1A67340
tick=267603921 thread=18196 deferred_actor_returned hit=109 actor=00000001615B8EA0 call_returned=1
tick=267603921 thread=18196 deferred_apply_end hit=109
tick=267614484 thread=18196 deferred_apply_begin hit=134 owner=00000001F7825C28 actors=2 age_ms=47 capture_thread=18196 planned_horizontal=7500.00 safety_scale=1.00000
tick=267614484 thread=18196 deferred_actor_begin hit=134 actor=00000001615B9B60 bone="Bip01 L Thigh" mass=1.00000 impulse=(6386.250,-971.250,-2710.115) expected_vtable=00000000D1CA3750
tick=267614484 thread=18196 deferred_force_enter hit=134 actor=00000001615B9B60 method=00000000D1A67340
tick=267614484 thread=18196 deferred_actor_returned hit=134 actor=00000001615B9B60 call_returned=1
tick=267614484 thread=18196 deferred_actor_begin hit=134 actor=00000001615B7520 bone="Bip01 L Calf" mass=1.00000 impulse=(517.804,-78.750,-219.739) expected_vtable=00000000D1CA3750
tick=267614484 thread=18196 deferred_force_enter hit=134 actor=00000001615B7520 method=00000000D1A67340
tick=267614484 thread=18196 deferred_actor_returned hit=134 actor=00000001615B7520 call_returned=1
tick=267614484 thread=18196 deferred_apply_end hit=134
tick=267615156 thread=18196 deferred_apply_begin hit=141 owner=00000001F781C348 actors=13 age_ms=47 capture_thread=18196 planned_horizontal=7500.00 safety_scale=1.00000
tick=267615156 thread=18196 deferred_actor_begin hit=141 actor=00000001615B85A0 bone="Bip01" mass=1.00000 impulse=(81.139,0.069,30.088) expected_vtable=00000000D1CA3750
tick=267615156 thread=18196 deferred_force_enter hit=141 actor=00000001615B85A0 method=00000000D1A67340
tick=267615156 thread=18196 deferred_actor_returned hit=141 actor=00000001615B85A0 call_returned=1
tick=267615156 thread=18196 deferred_actor_begin hit=141 actor=00000001615B7EE0 bone="Bip01 L Thigh" mass=1.00000 impulse=(81.139,0.069,30.088) expected_vtable=00000000D1CA3750
tick=267615156 thread=18196 deferred_force_enter hit=141 actor=00000001615B7EE0 method=00000000D1A67340
tick=267615156 thread=18196 deferred_actor_returned hit=141 actor=00000001615B7EE0 call_returned=1
tick=267615156 thread=18196 deferred_actor_begin hit=141 actor=00000001615B81E0 bone="Bip01 R Thigh" mass=1.00000 impulse=(81.139,0.069,30.088) expected_vtable=00000000D1CA3750
tick=267615156 thread=18196 deferred_force_enter hit=141 actor=00000001615B81E0 method=00000000D1A67340
tick=267615156 thread=18196 deferred_actor_returned hit=141 actor=00000001615B81E0 call_returned=1
tick=267615156 thread=18196 deferred_actor_begin hit=141 actor=00000001615B7B20 bone="Bip01 L Calf" mass=1.00000 impulse=(81.139,0.069,30.088) expected_vtable=00000000D1CA3750
tick=267615156 thread=18196 deferred_force_enter hit=141 actor=00000001615B7B20 method=00000000D1A67340
tick=267615156 thread=18196 deferred_actor_returned hit=141 actor=00000001615B7B20 call_returned=1
tick=267615156 thread=18196 deferred_actor_begin hit=141 actor=00000001615B8A20 bone="Bip01 R Calf" mass=1.00000 impulse=(81.139,0.069,30.088) expected_vtable=00000000D1CA3750
tick=267615156 thread=18196 deferred_force_enter hit=141 actor=00000001615B8A20 method=00000000D1A67340
tick=267615156 thread=18196 deferred_actor_returned hit=141 actor=00000001615B8A20 call_returned=1
tick=267615171 thread=18196 deferred_actor_begin hit=141 actor=00000001615B6FE0 bone="Bip01 Spine1" mass=1.00000 impulse=(81.139,0.069,30.088) expected_vtable=00000000D1CA3750
tick=267615171 thread=18196 deferred_force_enter hit=141 actor=00000001615B6FE0 method=00000000D1A67340
tick=267615171 thread=18196 deferred_actor_returned hit=141 actor=00000001615B6FE0 call_returned=1
tick=267615171 thread=18196 deferred_actor_begin hit=141 actor=00000001615B9CE0 bone="Bip01 Spine2" mass=1.00000 impulse=(6058.403,5.169,2246.604) expected_vtable=00000000D1CA3750
tick=267615171 thread=18196 deferred_force_enter hit=141 actor=00000001615B9CE0 method=00000000D1A67340
tick=267615171 thread=18196 deferred_actor_returned hit=141 actor=00000001615B9CE0 call_returned=1
tick=267615171 thread=18196 deferred_actor_begin hit=141 actor=00000001615B6E60 bone="Bip01 Neck" mass=1.00000 impulse=(81.139,0.069,30.088) expected_vtable=00000000D1CA3750
tick=267615171 thread=18196 deferred_force_enter hit=141 actor=00000001615B6E60 method=00000000D1A67340
tick=267615171 thread=18196 deferred_actor_returned hit=141 actor=00000001615B6E60 call_returned=1
tick=267615171 thread=18196 deferred_actor_begin hit=141 actor=00000001615B9020 bone="Bip01 L UpperArm" mass=1.00000 impulse=(81.139,0.069,30.088) expected_vtable=00000000D1CA3750
tick=267615171 thread=18196 deferred_force_enter hit=141 actor=00000001615B9020 method=00000000D1A67340
tick=267615171 thread=18196 deferred_actor_returned hit=141 actor=00000001615B9020 call_returned=1
tick=267615171 thread=18196 deferred_actor_begin hit=141 actor=00000001615B70A0 bone="Bip01 Head" mass=1.00000 impulse=(81.139,0.069,30.088) expected_vtable=00000000D1CA3750
tick=267615171 thread=18196 deferred_force_enter hit=141 actor=00000001615B70A0 method=00000000D1A67340
tick=267615171 thread=18196 deferred_actor_returned hit=141 actor=00000001615B70A0 call_returned=1
tick=267615171 thread=18196 deferred_actor_begin hit=141 actor=00000001615B8AE0 bone="Bip01 R UpperArm" mass=1.00000 impulse=(81.139,0.069,30.088) expected_vtable=00000000D1CA3750
tick=267615171 thread=18196 deferred_force_enter hit=141 actor=00000001615B8AE0 method=00000000D1A67340
tick=267615171 thread=18196 deferred_actor_returned hit=141 actor=00000001615B8AE0 call_returned=1
tick=267615171 thread=18196 deferred_actor_begin hit=141 actor=00000001615B78E0 bone="Bip01 L Forearm" mass=1.00000 impulse=(81.139,0.069,30.088) expected_vtable=00000000D1CA3750
tick=267615171 thread=18196 deferred_force_enter hit=141 actor=00000001615B78E0 method=00000000D1A67340
tick=267615171 thread=18196 deferred_actor_returned hit=141 actor=00000001615B78E0 call_returned=1
tick=267615171 thread=18196 deferred_actor_begin hit=141 actor=00000001615B6F20 bone="Bip01 R Forearm" mass=1.00000 impulse=(81.139,0.069,30.088) expected_vtable=00000000D1CA3750
tick=267615171 thread=18196 deferred_force_enter hit=141 actor=00000001615B6F20 method=00000000D1A67340
tick=267615171 thread=18196 deferred_actor_returned hit=141 actor=00000001615B6F20 call_returned=1
tick=267615171 thread=18196 deferred_apply_end hit=141
tick=267615765 thread=18196 deferred_apply_begin hit=144 owner=00000001F7A54550 actors=2 age_ms=47 capture_thread=18196 planned_horizontal=7500.00 safety_scale=1.00000
tick=267615765 thread=18196 deferred_actor_begin hit=144 actor=00000001615B5F60 bone="Bip01 L UpperArm" mass=1.00000 impulse=(-400.355,0.450,395.123) expected_vtable=00000000D1CA3750
tick=267615765 thread=18196 deferred_force_enter hit=144 actor=00000001615B5F60 method=00000000D1A67340
tick=267615765 thread=18196 deferred_actor_returned hit=144 actor=00000001615B5F60 call_returned=1
tick=267615765 thread=18196 deferred_actor_begin hit=144 actor=00000001615B67A0 bone="Bip01 L Forearm" mass=1.00000 impulse=(-4937.711,5.550,4873.184) expected_vtable=00000000D1CA3750
tick=267615765 thread=18196 deferred_force_enter hit=144 actor=00000001615B67A0 method=00000000D1A67340
tick=267615765 thread=18196 deferred_actor_returned hit=144 actor=00000001615B67A0 call_returned=1
tick=267615765 thread=18196 deferred_apply_end hit=144
tick=267616343 thread=18196 deferred_apply_begin hit=150 owner=000000016D2069F0 actors=13 age_ms=47 capture_thread=18196 planned_horizontal=3697.09 safety_scale=1.00000
tick=267616343 thread=18196 deferred_actor_begin hit=150 actor=00000001615B69E0 bone="Bip01" mass=1.00000 impulse=(-36.526,0.069,22.037) expected_vtable=00000000D1CA3750
tick=267616343 thread=18196 deferred_force_enter hit=150 actor=00000001615B69E0 method=00000000D1A67340
tick=267616343 thread=18196 deferred_actor_returned hit=150 actor=00000001615B69E0 call_returned=1
tick=267616343 thread=18196 deferred_actor_begin hit=150 actor=00000001615B4A60 bone="Bip01 L Thigh" mass=1.00000 impulse=(-36.526,0.069,22.037) expected_vtable=00000000D1CA3750
tick=267616343 thread=18196 deferred_force_enter hit=150 actor=00000001615B4A60 method=00000000D1A67340
tick=267616343 thread=18196 deferred_actor_returned hit=150 actor=00000001615B4A60 call_returned=1
tick=267616343 thread=18196 deferred_actor_begin hit=150 actor=00000001615B61A0 bone="Bip01 R Thigh" mass=1.00000 impulse=(-36.526,0.069,22.037) expected_vtable=00000000D1CA3750
tick=267616343 thread=18196 deferred_force_enter hit=150 actor=00000001615B61A0 method=00000000D1A67340
tick=267616359 thread=18196 deferred_actor_returned hit=150 actor=00000001615B61A0 call_returned=1
tick=267616359 thread=18196 deferred_actor_begin hit=150 actor=00000001615B4B20 bone="Bip01 L Calf" mass=1.00000 impulse=(-36.526,0.069,22.037) expected_vtable=00000000D1CA3750
tick=267616359 thread=18196 deferred_force_enter hit=150 actor=00000001615B4B20 method=00000000D1A67340
tick=267616359 thread=18196 deferred_actor_returned hit=150 actor=00000001615B4B20 call_returned=1
tick=267616359 thread=18196 deferred_actor_begin hit=150 actor=00000001615B6260 bone="Bip01 R Calf" mass=1.00000 impulse=(-36.526,0.069,22.037) expected_vtable=00000000D1CA3750
tick=267616359 thread=18196 deferred_force_enter hit=150 actor=00000001615B6260 method=00000000D1A67340
tick=267616359 thread=18196 deferred_actor_returned hit=150 actor=00000001615B6260 call_returned=1
tick=267616359 thread=18196 deferred_actor_begin hit=150 actor=00000001615B6560 bone="Bip01 Spine1" mass=1.00000 impulse=(-2727.277,5.169,1645.414) expected_vtable=00000000D1CA3750
tick=267616359 thread=18196 deferred_force_enter hit=150 actor=00000001615B6560 method=00000000D1A67340
tick=267616359 thread=18196 deferred_actor_returned hit=150 actor=00000001615B6560 call_returned=1
tick=267616359 thread=18196 deferred_actor_begin hit=150 actor=00000001615B6CE0 bone="Bip01 Spine2" mass=1.00000 impulse=(-36.526,0.069,22.037) expected_vtable=00000000D1CA3750
tick=267616359 thread=18196 deferred_force_enter hit=150 actor=00000001615B6CE0 method=00000000D1A67340
tick=267616359 thread=18196 deferred_actor_returned hit=150 actor=00000001615B6CE0 call_returned=1
tick=267616359 thread=18196 deferred_actor_begin hit=150 actor=00000001615B6860 bone="Bip01 Neck" mass=1.00000 impulse=(-36.526,0.069,22.037) expected_vtable=00000000D1CA3750
tick=267616359 thread=18196 deferred_force_enter hit=150 actor=00000001615B6860 method=00000000D1A67340
tick=267616359 thread=18196 deferred_actor_returned hit=150 actor=00000001615B6860 call_returned=1
tick=267616359 thread=18196 deferred_actor_begin hit=150 actor=00000001615B66E0 bone="Bip01 L UpperArm" mass=1.00000 impulse=(-36.526,0.069,22.037) expected_vtable=00000000D1CA3750
tick=267616359 thread=18196 deferred_force_enter hit=150 actor=00000001615B66E0 method=00000000D1A67340
tick=267616359 thread=18196 deferred_actor_returned hit=150 actor=00000001615B66E0 call_returned=1
tick=267616359 thread=18196 deferred_actor_begin hit=150 actor=00000001615B6DA0 bone="Bip01 Head" mass=1.00000 impulse=(-36.526,0.069,22.037) expected_vtable=00000000D1CA3750
tick=267616359 thread=18196 deferred_force_enter hit=150 actor=00000001615B6DA0 method=00000000D1A67340
tick=267616359 thread=18196 deferred_actor_returned hit=150 actor=00000001615B6DA0 call_returned=1
tick=267616359 thread=18196 deferred_actor_begin hit=150 actor=00000001615B3E60 bone="Bip01 R UpperArm" mass=1.00000 impulse=(-36.526,0.069,22.037) expected_vtable=00000000D1CA3750
tick=267616359 thread=18196 deferred_force_enter hit=150 actor=00000001615B3E60 method=00000000D1A67340
tick=267616359 thread=18196 deferred_actor_returned hit=150 actor=00000001615B3E60 call_returned=1
tick=267616359 thread=18196 deferred_actor_begin hit=150 actor=00000001615B4BE0 bone="Bip01 L Forearm" mass=1.00000 impulse=(-36.526,0.069,22.037) expected_vtable=00000000D1CA3750
tick=267616359 thread=18196 deferred_force_enter hit=150 actor=00000001615B4BE0 method=00000000D1A67340
tick=267616359 thread=18196 deferred_actor_returned hit=150 actor=00000001615B4BE0 call_returned=1
tick=267616359 thread=18196 deferred_actor_begin hit=150 actor=00000001615B40A0 bone="Bip01 R Forearm" mass=1.00000 impulse=(-36.526,0.069,22.037) expected_vtable=00000000D1CA3750
tick=267616359 thread=18196 deferred_force_enter hit=150 actor=00000001615B40A0 method=00000000D1A67340
tick=267616359 thread=18196 deferred_actor_returned hit=150 actor=00000001615B40A0 call_returned=1
tick=267616359 thread=18196 deferred_apply_end hit=150
tick=267616359 thread=18196 deferred_apply_begin hit=148 owner=000000016D1CE750 actors=13 age_ms=63 capture_thread=18196 planned_horizontal=5609.35 safety_scale=1.00000
tick=267616359 thread=18196 deferred_actor_begin hit=148 actor=00000001615B3F20 bone="Bip01" mass=1.00000 impulse=(17.512,0.069,62.309) expected_vtable=00000000D1CA3750
tick=267616359 thread=18196 deferred_force_enter hit=148 actor=00000001615B3F20 method=00000000D1A67340
tick=267616359 thread=18196 deferred_actor_returned hit=148 actor=00000001615B3F20 call_returned=1
tick=267616359 thread=18196 deferred_actor_begin hit=148 actor=00000001615B42E0 bone="Bip01 L Thigh" mass=1.00000 impulse=(17.512,0.069,62.309) expected_vtable=00000000D1CA3750
tick=267616359 thread=18196 deferred_force_enter hit=148 actor=00000001615B42E0 method=00000000D1A67340
tick=267616359 thread=18196 deferred_actor_returned hit=148 actor=00000001615B42E0 call_returned=1
tick=267616359 thread=18196 deferred_actor_begin hit=148 actor=00000001615B7BE0 bone="Bip01 R Thigh" mass=1.00000 impulse=(17.512,0.069,62.309) expected_vtable=00000000D1CA3750
tick=267616359 thread=18196 deferred_force_enter hit=148 actor=00000001615B7BE0 method=00000000D1A67340
tick=267616359 thread=18196 deferred_actor_returned hit=148 actor=00000001615B7BE0 call_returned=1
tick=267616359 thread=18196 deferred_actor_begin hit=148 actor=00000001615B75E0 bone="Bip01 L Calf" mass=1.00000 impulse=(17.512,0.069,62.309) expected_vtable=00000000D1CA3750
tick=267616359 thread=18196 deferred_force_enter hit=148 actor=00000001615B75E0 method=00000000D1A67340
tick=267616359 thread=18196 deferred_actor_returned hit=148 actor=00000001615B75E0 call_returned=1
tick=267616359 thread=18196 deferred_actor_begin hit=148 actor=00000001615B8120 bone="Bip01 R Calf" mass=1.00000 impulse=(17.512,0.069,62.309) expected_vtable=00000000D1CA3750
tick=267616359 thread=18196 deferred_force_enter hit=148 actor=00000001615B8120 method=00000000D1A67340
tick=267616359 thread=18196 deferred_actor_returned hit=148 actor=00000001615B8120 call_returned=1
tick=267616359 thread=18196 deferred_actor_begin hit=148 actor=00000001615B8BA0 bone="Bip01 Spine1" mass=1.00000 impulse=(1307.575,5.169,4652.417) expected_vtable=00000000D1CA3750
tick=267616359 thread=18196 deferred_force_enter hit=148 actor=00000001615B8BA0 method=00000000D1A67340
tick=267616359 thread=18196 deferred_actor_returned hit=148 actor=00000001615B8BA0 call_returned=1
tick=267616359 thread=18196 deferred_actor_begin hit=148 actor=00000001615B82A0 bone="Bip01 Spine2" mass=1.00000 impulse=(17.512,0.069,62.309) expected_vtable=00000000D1CA3750
tick=267616359 thread=18196 deferred_force_enter hit=148 actor=00000001615B82A0 method=00000000D1A67340
tick=267616359 thread=18196 deferred_actor_returned hit=148 actor=00000001615B82A0 call_returned=1
tick=267616359 thread=18196 deferred_actor_begin hit=148 actor=00000001615B8360 bone="Bip01 Neck" mass=1.00000 impulse=(17.512,0.069,62.309) expected_vtable=00000000D1CA3750
tick=267616359 thread=18196 deferred_force_enter hit=148 actor=00000001615B8360 method=00000000D1A67340
tick=267616359 thread=18196 deferred_actor_returned hit=148 actor=00000001615B8360 call_returned=1
tick=267616359 thread=18196 deferred_actor_begin hit=148 actor=00000001615B7160 bone="Bip01 L UpperArm" mass=1.00000 impulse=(17.512,0.069,62.309) expected_vtable=00000000D1CA3750
tick=267616359 thread=18196 deferred_force_enter hit=148 actor=00000001615B7160 method=00000000D1A67340
tick=267616359 thread=18196 deferred_actor_returned hit=148 actor=00000001615B7160 call_returned=1
tick=267616359 thread=18196 deferred_actor_begin hit=148 actor=00000001615B72E0 bone="Bip01 Head" mass=1.00000 impulse=(17.512,0.069,62.309) expected_vtable=00000000D1CA3750
tick=267616359 thread=18196 deferred_force_enter hit=148 actor=00000001615B72E0 method=00000000D1A67340
tick=267616359 thread=18196 deferred_actor_returned hit=148 actor=00000001615B72E0 call_returned=1
tick=267616375 thread=18196 deferred_actor_begin hit=148 actor=00000001615B8C60 bone="Bip01 R UpperArm" mass=1.00000 impulse=(17.512,0.069,62.309) expected_vtable=00000000D1CA3750
tick=267616375 thread=18196 deferred_force_enter hit=148 actor=00000001615B8C60 method=00000000D1A67340
tick=267616375 thread=18196 deferred_actor_returned hit=148 actor=00000001615B8C60 call_returned=1
tick=267616375 thread=18196 deferred_actor_begin hit=148 actor=00000001615B7CA0 bone="Bip01 L Forearm" mass=1.00000 impulse=(17.512,0.069,62.309) expected_vtable=00000000D1CA3750
tick=267616375 thread=18196 deferred_force_enter hit=148 actor=00000001615B7CA0 method=00000000D1A67340
tick=267616375 thread=18196 deferred_actor_returned hit=148 actor=00000001615B7CA0 call_returned=1
tick=267616375 thread=18196 deferred_actor_begin hit=148 actor=00000001615B8420 bone="Bip01 R Forearm" mass=1.00000 impulse=(17.512,0.069,62.309) expected_vtable=00000000D1CA3750
tick=267616375 thread=18196 deferred_force_enter hit=148 actor=00000001615B8420 method=00000000D1A67340
tick=267616375 thread=18196 deferred_actor_returned hit=148 actor=00000001615B8420 call_returned=1
tick=267616375 thread=18196 deferred_apply_end hit=148
tick=267616531 thread=18196 deferred_apply_begin hit=153 owner=00000001F782FE48 actors=13 age_ms=47 capture_thread=18196 planned_horizontal=6791.94 safety_scale=1.00000
tick=267616531 thread=18196 deferred_actor_begin hit=153 actor=00000001615A0F60 bone="Bip01" mass=1.00000 impulse=(-77.355,0.069,-12.563) expected_vtable=00000000D1CA3750
tick=267616531 thread=18196 deferred_force_enter hit=153 actor=00000001615A0F60 method=00000000D1A67340
tick=267616531 thread=18196 deferred_actor_returned hit=153 actor=00000001615A0F60 call_returned=1
tick=267616531 thread=18196 deferred_actor_begin hit=153 actor=00000001615A2760 bone="Bip01 L Thigh" mass=1.00000 impulse=(-77.355,0.069,-12.563) expected_vtable=00000000D1CA3750
tick=267616531 thread=18196 deferred_force_enter hit=153 actor=00000001615A2760 method=00000000D1A67340
tick=267616531 thread=18196 deferred_actor_returned hit=153 actor=00000001615A2760 call_returned=1
tick=267616531 thread=18196 deferred_actor_begin hit=153 actor=00000001615A6EA0 bone="Bip01 R Thigh" mass=1.00000 impulse=(-77.355,0.069,-12.563) expected_vtable=00000000D1CA3750
tick=267616531 thread=18196 deferred_force_enter hit=153 actor=00000001615A6EA0 method=00000000D1A67340
tick=267616531 thread=18196 deferred_actor_returned hit=153 actor=00000001615A6EA0 call_returned=1
tick=267616531 thread=18196 deferred_actor_begin hit=153 actor=00000001615A3960 bone="Bip01 L Calf" mass=1.00000 impulse=(-77.355,0.069,-12.563) expected_vtable=00000000D1CA3750
tick=267616531 thread=18196 deferred_force_enter hit=153 actor=00000001615A3960 method=00000000D1A67340
tick=267616531 thread=18196 deferred_actor_returned hit=153 actor=00000001615A3960 call_returned=1
tick=267616531 thread=18196 deferred_actor_begin hit=153 actor=00000001615A5460 bone="Bip01 R Calf" mass=1.00000 impulse=(-77.355,0.069,-12.563) expected_vtable=00000000D1CA3750
tick=267616531 thread=18196 deferred_force_enter hit=153 actor=00000001615A5460 method=00000000D1A67340
tick=267616531 thread=18196 deferred_actor_returned hit=153 actor=00000001615A5460 call_returned=1
tick=267616531 thread=18196 deferred_actor_begin hit=153 actor=00000001615A7B60 bone="Bip01 Spine1" mass=1.00000 impulse=(-77.355,0.069,-12.563) expected_vtable=00000000D1CA3750
tick=267616531 thread=18196 deferred_force_enter hit=153 actor=00000001615A7B60 method=00000000D1A67340
tick=267616531 thread=18196 deferred_actor_returned hit=153 actor=00000001615A7B60 call_returned=1
tick=267616531 thread=18196 deferred_actor_begin hit=153 actor=00000001615A55E0 bone="Bip01 Spine2" mass=1.00000 impulse=(-5775.838,5.169,-938.051) expected_vtable=00000000D1CA3750
tick=267616531 thread=18196 deferred_force_enter hit=153 actor=00000001615A55E0 method=00000000D1A67340
tick=267616531 thread=18196 deferred_actor_returned hit=153 actor=00000001615A55E0 call_returned=1
tick=267616531 thread=18196 deferred_actor_begin hit=153 actor=00000001615A5CA0 bone="Bip01 Neck" mass=1.00000 impulse=(-77.355,0.069,-12.563) expected_vtable=00000000D1CA3750
tick=267616531 thread=18196 deferred_force_enter hit=153 actor=00000001615A5CA0 method=00000000D1A67340
tick=267616531 thread=18196 deferred_actor_returned hit=153 actor=00000001615A5CA0 call_returned=1
tick=267616531 thread=18196 deferred_actor_begin hit=153 actor=00000001615A7AA0 bone="Bip01 L UpperArm" mass=1.00000 impulse=(-77.355,0.069,-12.563) expected_vtable=00000000D1CA3750
tick=267616531 thread=18196 deferred_force_enter hit=153 actor=00000001615A7AA0 method=00000000D1A67340
tick=267616531 thread=18196 deferred_actor_returned hit=153 actor=00000001615A7AA0 call_returned=1
tick=267616531 thread=18196 deferred_actor_begin hit=153 actor=00000001615A5D60 bone="Bip01 Head" mass=1.00000 impulse=(-77.355,0.069,-12.563) expected_vtable=00000000D1CA3750
tick=267616531 thread=18196 deferred_force_enter hit=153 actor=00000001615A5D60 method=00000000D1A67340
tick=267616531 thread=18196 deferred_actor_returned hit=153 actor=00000001615A5D60 call_returned=1
tick=267616531 thread=18196 deferred_actor_begin hit=153 actor=00000001615A7CE0 bone="Bip01 R UpperArm" mass=1.00000 impulse=(-77.355,0.069,-12.563) expected_vtable=00000000D1CA3750
tick=267616531 thread=18196 deferred_force_enter hit=153 actor=00000001615A7CE0 method=00000000D1A67340
tick=267616531 thread=18196 deferred_actor_returned hit=153 actor=00000001615A7CE0 call_returned=1
tick=267616531 thread=18196 deferred_actor_begin hit=153 actor=00000001615A5160 bone="Bip01 L Forearm" mass=1.00000 impulse=(-77.355,0.069,-12.563) expected_vtable=00000000D1CA3750
tick=267616531 thread=18196 deferred_force_enter hit=153 actor=00000001615A5160 method=00000000D1A67340
tick=267616531 thread=18196 deferred_actor_returned hit=153 actor=00000001615A5160 call_returned=1
tick=267616531 thread=18196 deferred_actor_begin hit=153 actor=00000001615A68A0 bone="Bip01 R Forearm" mass=1.00000 impulse=(-77.355,0.069,-12.563) expected_vtable=00000000D1CA3750
tick=267616546 thread=18196 deferred_force_enter hit=153 actor=00000001615A68A0 method=00000000D1A67340
tick=267616546 thread=18196 deferred_actor_returned hit=153 actor=00000001615A68A0 call_returned=1
tick=267616546 thread=18196 deferred_apply_end hit=153
tick=267622937 thread=18196 deferred_apply_begin hit=191 owner=000000016D02AA08 actors=13 age_ms=47 capture_thread=18196 planned_horizontal=7500.00 safety_scale=1.00000
tick=267622937 thread=18196 deferred_actor_begin hit=191 actor=000000016107C230 bone="Bip01" mass=1.00000 impulse=(49.144,0.069,71.230) expected_vtable=00000000D1CA3750
tick=267622937 thread=18196 deferred_force_enter hit=191 actor=000000016107C230 method=00000000D1A67340
tick=267622937 thread=18196 deferred_actor_returned hit=191 actor=000000016107C230 call_returned=1
tick=267622937 thread=18196 deferred_actor_begin hit=191 actor=000000016107DA30 bone="Bip01 L Thigh" mass=1.00000 impulse=(49.144,0.069,71.230) expected_vtable=00000000D1CA3750
tick=267622937 thread=18196 deferred_force_enter hit=191 actor=000000016107DA30 method=00000000D1A67340
tick=267622937 thread=18196 deferred_actor_returned hit=191 actor=000000016107DA30 call_returned=1
tick=267622937 thread=18196 deferred_actor_begin hit=191 actor=000000016107D1F0 bone="Bip01 R Thigh" mass=1.00000 impulse=(49.144,0.069,71.230) expected_vtable=00000000D1CA3750
tick=267622937 thread=18196 deferred_force_enter hit=191 actor=000000016107D1F0 method=00000000D1A67340
tick=267622937 thread=18196 deferred_actor_returned hit=191 actor=000000016107D1F0 call_returned=1
tick=267622937 thread=18196 deferred_actor_begin hit=191 actor=000000016107DAF0 bone="Bip01 L Calf" mass=1.00000 impulse=(49.144,0.069,71.230) expected_vtable=00000000D1CA3750
tick=267622937 thread=18196 deferred_force_enter hit=191 actor=000000016107DAF0 method=00000000D1A67340
tick=267622937 thread=18196 deferred_actor_returned hit=191 actor=000000016107DAF0 call_returned=1
tick=267622937 thread=18196 deferred_actor_begin hit=191 actor=000000016107EF30 bone="Bip01 R Calf" mass=1.00000 impulse=(49.144,0.069,71.230) expected_vtable=00000000D1CA3750
tick=267622937 thread=18196 deferred_force_enter hit=191 actor=000000016107EF30 method=00000000D1A67340
tick=267622937 thread=18196 deferred_actor_returned hit=191 actor=000000016107EF30 call_returned=1
tick=267622937 thread=18196 deferred_actor_begin hit=191 actor=000000016107E0F0 bone="Bip01 Spine1" mass=1.00000 impulse=(49.144,0.069,71.230) expected_vtable=00000000D1CA3750
tick=267622937 thread=18196 deferred_force_enter hit=191 actor=000000016107E0F0 method=00000000D1A67340
tick=267622937 thread=18196 deferred_actor_returned hit=191 actor=000000016107E0F0 call_returned=1
tick=267622937 thread=18196 deferred_actor_begin hit=191 actor=000000016107D370 bone="Bip01 Spine2" mass=1.00000 impulse=(49.144,0.069,71.230) expected_vtable=00000000D1CA3750
tick=267622937 thread=18196 deferred_force_enter hit=191 actor=000000016107D370 method=00000000D1A67340
tick=267622937 thread=18196 deferred_actor_returned hit=191 actor=000000016107D370 call_returned=1
tick=267622937 thread=18196 deferred_actor_begin hit=191 actor=000000016107C2F0 bone="Bip01 Neck" mass=1.00000 impulse=(49.144,0.069,71.230) expected_vtable=00000000D1CA3750
tick=267622937 thread=18196 deferred_force_enter hit=191 actor=000000016107C2F0 method=00000000D1A67340
tick=267622937 thread=18196 deferred_actor_returned hit=191 actor=000000016107C2F0 call_returned=1
tick=267622937 thread=18196 deferred_actor_begin hit=191 actor=000000016107C530 bone="Bip01 L UpperArm" mass=1.00000 impulse=(49.144,0.069,71.230) expected_vtable=00000000D1CA3750
tick=267622937 thread=18196 deferred_force_enter hit=191 actor=000000016107C530 method=00000000D1A67340
tick=267622937 thread=18196 deferred_actor_returned hit=191 actor=000000016107C530 call_returned=1
tick=267622937 thread=18196 deferred_actor_begin hit=191 actor=000000016107EC30 bone="Bip01 Head" mass=1.00000 impulse=(3669.423,5.169,5318.535) expected_vtable=00000000D1CA3750
tick=267622937 thread=18196 deferred_force_enter hit=191 actor=000000016107EC30 method=00000000D1A67340
tick=267622937 thread=18196 deferred_actor_returned hit=191 actor=000000016107EC30 call_returned=1
tick=267622937 thread=18196 deferred_actor_begin hit=191 actor=000000016107CEF0 bone="Bip01 R UpperArm" mass=1.00000 impulse=(49.144,0.069,71.230) expected_vtable=00000000D1CA3750
tick=267622937 thread=18196 deferred_force_enter hit=191 actor=000000016107CEF0 method=00000000D1A67340
tick=267622937 thread=18196 deferred_actor_returned hit=191 actor=000000016107CEF0 call_returned=1
tick=267622937 thread=18196 deferred_actor_begin hit=191 actor=000000016107C830 bone="Bip01 L Forearm" mass=1.00000 impulse=(49.144,0.069,71.230) expected_vtable=00000000D1CA3750
tick=267622937 thread=18196 deferred_force_enter hit=191 actor=000000016107C830 method=00000000D1A67340
tick=267622937 thread=18196 deferred_actor_returned hit=191 actor=000000016107C830 call_returned=1
tick=267622937 thread=18196 deferred_actor_begin hit=191 actor=000000016107D430 bone="Bip01 R Forearm" mass=1.00000 impulse=(49.144,0.069,71.230) expected_vtable=00000000D1CA3750
tick=267622937 thread=18196 deferred_force_enter hit=191 actor=000000016107D430 method=00000000D1A67340
tick=267622937 thread=18196 deferred_actor_returned hit=191 actor=000000016107D430 call_returned=1
tick=267622937 thread=18196 deferred_apply_end hit=191
tick=267623031 thread=18196 deferred_apply_begin hit=193 owner=000000016D2347C0 actors=4 age_ms=47 capture_thread=18196 planned_horizontal=4321.15 safety_scale=1.00000
tick=267623031 thread=18196 deferred_actor_begin hit=193 actor=000000016159A7E0 bone="Bip01 L Thigh" mass=1.00000 impulse=(9.277,0.225,161.777) expected_vtable=00000000D1CA3750
tick=267623031 thread=18196 deferred_force_enter hit=193 actor=000000016159A7E0 method=00000000D1A67340
tick=267623031 thread=18196 deferred_actor_returned hit=193 actor=000000016159A7E0 call_returned=1
tick=267623031 thread=18196 deferred_actor_begin hit=193 actor=000000016159B0E0 bone="Bip01 L Calf" mass=1.00000 impulse=(9.277,0.225,161.777) expected_vtable=00000000D1CA3750
tick=267623031 thread=18196 deferred_force_enter hit=193 actor=000000016159B0E0 method=00000000D1A67340
tick=267623031 thread=18196 deferred_actor_returned hit=193 actor=000000016159B0E0 call_returned=1
tick=267623031 thread=18196 deferred_actor_begin hit=193 actor=00000001615A4FE0 bone="Bip01 L UpperArm" mass=1.00000 impulse=(9.277,0.225,161.777) expected_vtable=00000000D1CA3750
tick=267623031 thread=18196 deferred_force_enter hit=193 actor=00000001615A4FE0 method=00000000D1A67340
tick=267623031 thread=18196 deferred_actor_returned hit=193 actor=00000001615A4FE0 call_returned=1
tick=267623031 thread=18196 deferred_actor_begin hit=193 actor=00000001615A7560 bone="Bip01 L Forearm" mass=1.00000 impulse=(219.554,5.325,3828.732) expected_vtable=00000000D1CA3750
tick=267623031 thread=18196 deferred_force_enter hit=193 actor=00000001615A7560 method=00000000D1A67340
tick=267623031 thread=18196 deferred_actor_returned hit=193 actor=00000001615A7560 call_returned=1
tick=267623031 thread=18196 deferred_apply_end hit=193
tick=267624234 thread=18196 deferred_apply_begin hit=204 owner=00000001F7A54550 actors=13 age_ms=47 capture_thread=18196 planned_horizontal=7500.00 safety_scale=1.00000
tick=267624234 thread=18196 deferred_actor_begin hit=204 actor=00000001615B3B60 bone="Bip01" mass=1.00000 impulse=(-51.918,0.069,69.235) expected_vtable=00000000D1CA3750
tick=267624234 thread=18196 deferred_force_enter hit=204 actor=00000001615B3B60 method=00000000D1A67340
tick=267624234 thread=18196 deferred_actor_returned hit=204 actor=00000001615B3B60 call_returned=1
tick=267624234 thread=18196 deferred_actor_begin hit=204 actor=00000001615B2060 bone="Bip01 L Thigh" mass=1.00000 impulse=(-51.918,0.069,69.235) expected_vtable=00000000D1CA3750
tick=267624234 thread=18196 deferred_force_enter hit=204 actor=00000001615B2060 method=00000000D1A67340
tick=267624234 thread=18196 deferred_actor_returned hit=204 actor=00000001615B2060 call_returned=1
tick=267624234 thread=18196 deferred_actor_begin hit=204 actor=00000001615B25A0 bone="Bip01 R Thigh" mass=1.00000 impulse=(-51.918,0.069,69.235) expected_vtable=00000000D1CA3750
tick=267624234 thread=18196 deferred_force_enter hit=204 actor=00000001615B25A0 method=00000000D1A67340
tick=267624234 thread=18196 deferred_actor_returned hit=204 actor=00000001615B25A0 call_returned=1
tick=267624234 thread=18196 deferred_actor_begin hit=204 actor=00000001615B1BE0 bone="Bip01 L Calf" mass=1.00000 impulse=(-51.918,0.069,69.235) expected_vtable=00000000D1CA3750
tick=267624234 thread=18196 deferred_force_enter hit=204 actor=00000001615B1BE0 method=00000000D1A67340
tick=267624234 thread=18196 deferred_actor_returned hit=204 actor=00000001615B1BE0 call_returned=1
tick=267624234 thread=18196 deferred_actor_begin hit=204 actor=00000001615B0FE0 bone="Bip01 R Calf" mass=1.00000 impulse=(-51.918,0.069,69.235) expected_vtable=00000000D1CA3750
tick=267624234 thread=18196 deferred_force_enter hit=204 actor=00000001615B0FE0 method=00000000D1A67340
tick=267624234 thread=18196 deferred_actor_returned hit=204 actor=00000001615B0FE0 call_returned=1
tick=267624234 thread=18196 deferred_actor_begin hit=204 actor=00000001615B4760 bone="Bip01 Spine1" mass=1.00000 impulse=(-3876.533,5.169,5169.523) expected_vtable=00000000D1CA3750
tick=267624234 thread=18196 deferred_force_enter hit=204 actor=00000001615B4760 method=00000000D1A67340
tick=267624234 thread=18196 deferred_actor_returned hit=204 actor=00000001615B4760 call_returned=1
tick=267624234 thread=18196 deferred_actor_begin hit=204 actor=00000001615B5960 bone="Bip01 Spine2" mass=1.00000 impulse=(-51.918,0.069,69.235) expected_vtable=00000000D1CA3750
tick=267624234 thread=18196 deferred_force_enter hit=204 actor=00000001615B5960 method=00000000D1A67340
tick=267624234 thread=18196 deferred_actor_returned hit=204 actor=00000001615B5960 call_returned=1
tick=267624234 thread=18196 deferred_actor_begin hit=204 actor=00000001615B5720 bone="Bip01 Neck" mass=1.00000 impulse=(-51.918,0.069,69.235) expected_vtable=00000000D1CA3750
tick=267624234 thread=18196 deferred_force_enter hit=204 actor=00000001615B5720 method=00000000D1A67340
tick=267624234 thread=18196 deferred_actor_returned hit=204 actor=00000001615B5720 call_returned=1
tick=267624234 thread=18196 deferred_actor_begin hit=204 actor=00000001615B5F60 bone="Bip01 L UpperArm" mass=1.00000 impulse=(-51.918,0.069,69.235) expected_vtable=00000000D1CA3750
tick=267624234 thread=18196 deferred_force_enter hit=204 actor=00000001615B5F60 method=00000000D1A67340
tick=267624234 thread=18196 deferred_actor_returned hit=204 actor=00000001615B5F60 call_returned=1
tick=267624234 thread=18196 deferred_actor_begin hit=204 actor=00000001615B5AE0 bone="Bip01 Head" mass=1.00000 impulse=(-51.918,0.069,69.235) expected_vtable=00000000D1CA3750
tick=267624234 thread=18196 deferred_force_enter hit=204 actor=00000001615B5AE0 method=00000000D1A67340
tick=267624234 thread=18196 deferred_actor_returned hit=204 actor=00000001615B5AE0 call_returned=1
tick=267624250 thread=18196 deferred_actor_begin hit=204 actor=00000001615B5A20 bone="Bip01 R UpperArm" mass=1.00000 impulse=(-51.918,0.069,69.235) expected_vtable=00000000D1CA3750
tick=267624250 thread=18196 deferred_force_enter hit=204 actor=00000001615B5A20 method=00000000D1A67340
tick=267624250 thread=18196 deferred_actor_returned hit=204 actor=00000001615B5A20 call_returned=1
tick=267624250 thread=18196 deferred_actor_begin hit=204 actor=00000001615B67A0 bone="Bip01 L Forearm" mass=1.00000 impulse=(-51.918,0.069,69.235) expected_vtable=00000000D1CA3750
tick=267624250 thread=18196 deferred_force_enter hit=204 actor=00000001615B67A0 method=00000000D1A67340
tick=267624250 thread=18196 deferred_actor_returned hit=204 actor=00000001615B67A0 call_returned=1
tick=267624250 thread=18196 deferred_actor_begin hit=204 actor=00000001615B64A0 bone="Bip01 R Forearm" mass=1.00000 impulse=(-51.918,0.069,69.235) expected_vtable=00000000D1CA3750
tick=267624250 thread=18196 deferred_force_enter hit=204 actor=00000001615B64A0 method=00000000D1A67340
tick=267624250 thread=18196 deferred_actor_returned hit=204 actor=00000001615B64A0 call_returned=1
tick=267624250 thread=18196 deferred_apply_end hit=204
tick=267625875 thread=18196 deferred_apply_begin hit=219 owner=00000001F782B1D8 actors=2 age_ms=47 capture_thread=18196 planned_horizontal=6569.43 safety_scale=1.00000
tick=267625875 thread=18196 deferred_actor_begin hit=219 actor=00000001615A8FA0 bone="Bip01 L UpperArm" mass=1.00000 impulse=(1438.234,-905.959,-5904.071) expected_vtable=00000000D1CA3750
tick=267625875 thread=18196 deferred_force_enter hit=219 actor=00000001615A8FA0 method=00000000D1A67340
tick=267625875 thread=18196 deferred_actor_returned hit=219 actor=00000001615A8FA0 call_returned=1
tick=267625875 thread=18196 deferred_actor_begin hit=219 actor=00000001615AA6E0 bone="Bip01 L Forearm" mass=1.00000 impulse=(116.614,-73.456,-478.708) expected_vtable=00000000D1CA3750
tick=267625875 thread=18196 deferred_force_enter hit=219 actor=00000001615AA6E0 method=00000000D1A67340
tick=267625875 thread=18196 deferred_actor_returned hit=219 actor=00000001615AA6E0 call_returned=1
tick=267625875 thread=18196 deferred_apply_end hit=219
tick=267626234 thread=18196 deferred_apply_begin hit=221 owner=000000016CD23380 actors=13 age_ms=47 capture_thread=18196 planned_horizontal=1838.01 safety_scale=1.00000
tick=267626234 thread=18196 deferred_actor_begin hit=221 actor=00000001615A8460 bone="Bip01" mass=1.00000 impulse=(20.853,0.069,-3.865) expected_vtable=00000000D1CA3750
tick=267626234 thread=18196 deferred_force_enter hit=221 actor=00000001615A8460 method=00000000D1A67340
tick=267626234 thread=18196 deferred_actor_returned hit=221 actor=00000001615A8460 call_returned=1
tick=267626234 thread=18196 deferred_actor_begin hit=221 actor=00000001615A9F60 bone="Bip01 L Thigh" mass=1.00000 impulse=(20.853,0.069,-3.865) expected_vtable=00000000D1CA3750
tick=267626234 thread=18196 deferred_force_enter hit=221 actor=00000001615A9F60 method=00000000D1A67340
tick=267626234 thread=18196 deferred_actor_returned hit=221 actor=00000001615A9F60 call_returned=1
tick=267626234 thread=18196 deferred_actor_begin hit=221 actor=00000001615AACE0 bone="Bip01 R Thigh" mass=1.00000 impulse=(20.853,0.069,-3.865) expected_vtable=00000000D1CA3750
tick=267626234 thread=18196 deferred_force_enter hit=221 actor=00000001615AACE0 method=00000000D1A67340
tick=267626234 thread=18196 deferred_actor_returned hit=221 actor=00000001615AACE0 call_returned=1
tick=267626234 thread=18196 deferred_actor_begin hit=221 actor=00000001615AAC20 bone="Bip01 L Calf" mass=1.00000 impulse=(20.853,0.069,-3.865) expected_vtable=00000000D1CA3750
tick=267626234 thread=18196 deferred_force_enter hit=221 actor=00000001615AAC20 method=00000000D1A67340
tick=267626234 thread=18196 deferred_actor_returned hit=221 actor=00000001615AAC20 call_returned=1
tick=267626234 thread=18196 deferred_actor_begin hit=221 actor=00000001615A8520 bone="Bip01 R Calf" mass=1.00000 impulse=(20.853,0.069,-3.865) expected_vtable=00000000D1CA3750
tick=267626234 thread=18196 deferred_force_enter hit=221 actor=00000001615A8520 method=00000000D1A67340
tick=267626234 thread=18196 deferred_actor_returned hit=221 actor=00000001615A8520 call_returned=1
tick=267626234 thread=18196 deferred_actor_begin hit=221 actor=00000001615A85E0 bone="Bip01 Spine1" mass=1.00000 impulse=(20.853,0.069,-3.865) expected_vtable=00000000D1CA3750
tick=267626234 thread=18196 deferred_force_enter hit=221 actor=00000001615A85E0 method=00000000D1A67340
tick=267626234 thread=18196 deferred_actor_returned hit=221 actor=00000001615A85E0 call_returned=1
tick=267626234 thread=18196 deferred_actor_begin hit=221 actor=00000001615A88E0 bone="Bip01 Spine2" mass=1.00000 impulse=(1556.997,5.169,-288.603) expected_vtable=00000000D1CA3750
tick=267626234 thread=18196 deferred_force_enter hit=221 actor=00000001615A88E0 method=00000000D1A67340
tick=267626234 thread=18196 deferred_actor_returned hit=221 actor=00000001615A88E0 call_returned=1
tick=267626234 thread=18196 deferred_actor_begin hit=221 actor=00000001615A8D60 bone="Bip01 Neck" mass=1.00000 impulse=(20.853,0.069,-3.865) expected_vtable=00000000D1CA3750
tick=267626234 thread=18196 deferred_force_enter hit=221 actor=00000001615A8D60 method=00000000D1A67340
tick=267626234 thread=18196 deferred_actor_returned hit=221 actor=00000001615A8D60 call_returned=1
tick=267626234 thread=18196 deferred_actor_begin hit=221 actor=00000001615A89A0 bone="Bip01 L UpperArm" mass=1.00000 impulse=(20.853,0.069,-3.865) expected_vtable=00000000D1CA3750
tick=267626234 thread=18196 deferred_force_enter hit=221 actor=00000001615A89A0 method=00000000D1A67340
tick=267626234 thread=18196 deferred_actor_returned hit=221 actor=00000001615A89A0 call_returned=1
tick=267626234 thread=18196 deferred_actor_begin hit=221 actor=00000001615AA4A0 bone="Bip01 Head" mass=1.00000 impulse=(20.853,0.069,-3.865) expected_vtable=00000000D1CA3750
tick=267626234 thread=18196 deferred_force_enter hit=221 actor=00000001615AA4A0 method=00000000D1A67340
tick=267626234 thread=18196 deferred_actor_returned hit=221 actor=00000001615AA4A0 call_returned=1
tick=267626234 thread=18196 deferred_actor_begin hit=221 actor=00000001615A9420 bone="Bip01 R UpperArm" mass=1.00000 impulse=(20.853,0.069,-3.865) expected_vtable=00000000D1CA3750
tick=267626234 thread=18196 deferred_force_enter hit=221 actor=00000001615A9420 method=00000000D1A67340
tick=267626234 thread=18196 deferred_actor_returned hit=221 actor=00000001615A9420 call_returned=1
tick=267626234 thread=18196 deferred_actor_begin hit=221 actor=00000001615A8B20 bone="Bip01 L Forearm" mass=1.00000 impulse=(20.853,0.069,-3.865) expected_vtable=00000000D1CA3750
tick=267626234 thread=18196 deferred_force_enter hit=221 actor=00000001615A8B20 method=00000000D1A67340
tick=267626234 thread=18196 deferred_actor_returned hit=221 actor=00000001615A8B20 call_returned=1
tick=267626234 thread=18196 deferred_actor_begin hit=221 actor=00000001615A8E20 bone="Bip01 R Forearm" mass=1.00000 impulse=(20.853,0.069,-3.865) expected_vtable=00000000D1CA3750
tick=267626234 thread=18196 deferred_force_enter hit=221 actor=00000001615A8E20 method=00000000D1A67340
tick=267626234 thread=18196 deferred_actor_returned hit=221 actor=00000001615A8E20 call_returned=1
tick=267626234 thread=18196 deferred_apply_end hit=221
tick=267628203 thread=18196 deferred_apply_begin hit=234 owner=00000001F7A6FC70 actors=13 age_ms=47 capture_thread=18196 planned_horizontal=6388.21 safety_scale=1.00000
tick=267628203 thread=18196 deferred_actor_begin hit=234 actor=00000001615ACEA0 bone="Bip01" mass=1.00000 impulse=(-8.280,0.069,73.244) expected_vtable=00000000D1CA3750
tick=267628203 thread=18196 deferred_force_enter hit=234 actor=00000001615ACEA0 method=00000000D1A67340
tick=267628203 thread=18196 deferred_actor_returned hit=234 actor=00000001615ACEA0 call_returned=1
tick=267628203 thread=18196 deferred_actor_begin hit=234 actor=00000001615AC1E0 bone="Bip01 L Thigh" mass=1.00000 impulse=(-8.280,0.069,73.244) expected_vtable=00000000D1CA3750
tick=267628203 thread=18196 deferred_force_enter hit=234 actor=00000001615AC1E0 method=00000000D1A67340
tick=267628203 thread=18196 deferred_actor_returned hit=234 actor=00000001615AC1E0 call_returned=1
tick=267628203 thread=18196 deferred_actor_begin hit=234 actor=00000001615AC7E0 bone="Bip01 R Thigh" mass=1.00000 impulse=(-8.280,0.069,73.244) expected_vtable=00000000D1CA3750
tick=267628203 thread=18196 deferred_force_enter hit=234 actor=00000001615AC7E0 method=00000000D1A67340
tick=267628203 thread=18196 deferred_actor_returned hit=234 actor=00000001615AC7E0 call_returned=1
tick=267628203 thread=18196 deferred_actor_begin hit=234 actor=00000001615ADB60 bone="Bip01 L Calf" mass=1.00000 impulse=(-8.280,0.069,73.244) expected_vtable=00000000D1CA3750
tick=267628203 thread=18196 deferred_force_enter hit=234 actor=00000001615ADB60 method=00000000D1A67340
tick=267628203 thread=18196 deferred_actor_returned hit=234 actor=00000001615ADB60 call_returned=1
tick=267628203 thread=18196 deferred_actor_begin hit=234 actor=00000001615AC060 bone="Bip01 R Calf" mass=1.00000 impulse=(-8.280,0.069,73.244) expected_vtable=00000000D1CA3750
tick=267628203 thread=18196 deferred_force_enter hit=234 actor=00000001615AC060 method=00000000D1A67340
tick=267628203 thread=18196 deferred_actor_returned hit=234 actor=00000001615AC060 call_returned=1
tick=267628203 thread=18196 deferred_actor_begin hit=234 actor=00000001615AC8A0 bone="Bip01 Spine1" mass=1.00000 impulse=(-8.280,0.069,73.244) expected_vtable=00000000D1CA3750
tick=267628203 thread=18196 deferred_force_enter hit=234 actor=00000001615AC8A0 method=00000000D1A67340
tick=267628218 thread=18196 deferred_actor_returned hit=234 actor=00000001615AC8A0 call_returned=1
tick=267628218 thread=18196 deferred_actor_begin hit=234 actor=00000001615AB820 bone="Bip01 Spine2" mass=1.00000 impulse=(-8.280,0.069,73.244) expected_vtable=00000000D1CA3750
tick=267628218 thread=18196 deferred_force_enter hit=234 actor=00000001615AB820 method=00000000D1A67340
tick=267628218 thread=18196 deferred_actor_returned hit=234 actor=00000001615AB820 call_returned=1
tick=267628218 thread=18196 deferred_actor_begin hit=234 actor=00000001615AD0E0 bone="Bip01 Neck" mass=1.00000 impulse=(-8.280,0.069,73.244) expected_vtable=00000000D1CA3750
tick=267628218 thread=18196 deferred_force_enter hit=234 actor=00000001615AD0E0 method=00000000D1A67340
tick=267628218 thread=18196 deferred_actor_returned hit=234 actor=00000001615AD0E0 call_returned=1
tick=267628218 thread=18196 deferred_actor_begin hit=234 actor=00000001615ACBA0 bone="Bip01 L UpperArm" mass=1.00000 impulse=(-8.280,0.069,73.244) expected_vtable=00000000D1CA3750
tick=267628218 thread=18196 deferred_force_enter hit=234 actor=00000001615ACBA0 method=00000000D1A67340
tick=267628218 thread=18196 deferred_actor_returned hit=234 actor=00000001615ACBA0 call_returned=1
tick=267628218 thread=18196 deferred_actor_begin hit=234 actor=00000001615AC2A0 bone="Bip01 Head" mass=1.00000 impulse=(-8.280,0.069,73.244) expected_vtable=00000000D1CA3750
tick=267628218 thread=18196 deferred_force_enter hit=234 actor=00000001615AC2A0 method=00000000D1A67340
tick=267628218 thread=18196 deferred_actor_returned hit=234 actor=00000001615AC2A0 call_returned=1
tick=267628218 thread=18196 deferred_actor_begin hit=234 actor=00000001615AD1A0 bone="Bip01 R UpperArm" mass=1.00000 impulse=(-8.280,0.069,73.244) expected_vtable=00000000D1CA3750
tick=267628218 thread=18196 deferred_force_enter hit=234 actor=00000001615AD1A0 method=00000000D1A67340
tick=267628218 thread=18196 deferred_actor_returned hit=234 actor=00000001615AD1A0 call_returned=1
tick=267628218 thread=18196 deferred_actor_begin hit=234 actor=00000001615ABD60 bone="Bip01 L Forearm" mass=1.00000 impulse=(-618.247,5.169,5468.854) expected_vtable=00000000D1CA3750
tick=267628218 thread=18196 deferred_force_enter hit=234 actor=00000001615ABD60 method=00000000D1A67340
tick=267628218 thread=18196 deferred_actor_returned hit=234 actor=00000001615ABD60 call_returned=1
tick=267628218 thread=18196 deferred_actor_begin hit=234 actor=00000001615ABA60 bone="Bip01 R Forearm" mass=1.00000 impulse=(-8.280,0.069,73.244) expected_vtable=00000000D1CA3750
tick=267628218 thread=18196 deferred_force_enter hit=234 actor=00000001615ABA60 method=00000000D1A67340
tick=267628218 thread=18196 deferred_actor_returned hit=234 actor=00000001615ABA60 call_returned=1
tick=267628218 thread=18196 deferred_apply_end hit=234
tick=267628812 thread=18196 deferred_apply_begin hit=235 owner=00000001F78404D8 actors=13 age_ms=47 capture_thread=18196 planned_horizontal=7500.00 safety_scale=1.00000
tick=267628812 thread=18196 deferred_actor_begin hit=235 actor=00000001615BC320 bone="Bip01" mass=1.00000 impulse=(39.521,0.069,76.987) expected_vtable=00000000D1CA3750
tick=267628812 thread=18196 deferred_force_enter hit=235 actor=00000001615BC320 method=00000000D1A67340
tick=267628812 thread=18196 deferred_actor_returned hit=235 actor=00000001615BC320 call_returned=1
tick=267628812 thread=18196 deferred_actor_begin hit=235 actor=00000001615BC860 bone="Bip01 L Thigh" mass=1.00000 impulse=(39.521,0.069,76.987) expected_vtable=00000000D1CA3750
tick=267628812 thread=18196 deferred_force_enter hit=235 actor=00000001615BC860 method=00000000D1A67340
tick=267628812 thread=18196 deferred_actor_returned hit=235 actor=00000001615BC860 call_returned=1
tick=267628812 thread=18196 deferred_actor_begin hit=235 actor=00000001615BA6A0 bone="Bip01 R Thigh" mass=1.00000 impulse=(39.521,0.069,76.987) expected_vtable=00000000D1CA3750
tick=267628812 thread=18196 deferred_force_enter hit=235 actor=00000001615BA6A0 method=00000000D1A67340
tick=267628812 thread=18196 deferred_actor_returned hit=235 actor=00000001615BA6A0 call_returned=1
tick=267628812 thread=18196 deferred_actor_begin hit=235 actor=00000001615BCDA0 bone="Bip01 L Calf" mass=1.00000 impulse=(39.521,0.069,76.987) expected_vtable=00000000D1CA3750
tick=267628812 thread=18196 deferred_force_enter hit=235 actor=00000001615BCDA0 method=00000000D1A67340
tick=267628812 thread=18196 deferred_actor_returned hit=235 actor=00000001615BCDA0 call_returned=1
tick=267628812 thread=18196 deferred_actor_begin hit=235 actor=00000001615BA9A0 bone="Bip01 R Calf" mass=1.00000 impulse=(39.521,0.069,76.987) expected_vtable=00000000D1CA3750
tick=267628812 thread=18196 deferred_force_enter hit=235 actor=00000001615BA9A0 method=00000000D1A67340
tick=267628812 thread=18196 deferred_actor_returned hit=235 actor=00000001615BA9A0 call_returned=1
tick=267628812 thread=18196 deferred_actor_begin hit=235 actor=00000001615BBF60 bone="Bip01 Spine1" mass=1.00000 impulse=(2950.878,5.169,5748.373) expected_vtable=00000000D1CA3750
tick=267628828 thread=18196 deferred_force_enter hit=235 actor=00000001615BBF60 method=00000000D1A67340
tick=267628828 thread=18196 deferred_actor_returned hit=235 actor=00000001615BBF60 call_returned=1
tick=267628828 thread=18196 deferred_actor_begin hit=235 actor=00000001615BBEA0 bone="Bip01 Spine2" mass=1.00000 impulse=(39.521,0.069,76.987) expected_vtable=00000000D1CA3750
tick=267628828 thread=18196 deferred_force_enter hit=235 actor=00000001615BBEA0 method=00000000D1A67340
tick=267628828 thread=18196 deferred_actor_returned hit=235 actor=00000001615BBEA0 call_returned=1
tick=267628828 thread=18196 deferred_actor_begin hit=235 actor=00000001615BA460 bone="Bip01 Neck" mass=1.00000 impulse=(39.521,0.069,76.987) expected_vtable=00000000D1CA3750
tick=267628828 thread=18196 deferred_force_enter hit=235 actor=00000001615BA460 method=00000000D1A67340
tick=267628828 thread=18196 deferred_actor_returned hit=235 actor=00000001615BA460 call_returned=1
tick=267628828 thread=18196 deferred_actor_begin hit=235 actor=00000001615BA820 bone="Bip01 L UpperArm" mass=1.00000 impulse=(39.521,0.069,76.987) expected_vtable=00000000D1CA3750
tick=267628828 thread=18196 deferred_force_enter hit=235 actor=00000001615BA820 method=00000000D1A67340
tick=267628828 thread=18196 deferred_actor_returned hit=235 actor=00000001615BA820 call_returned=1
tick=267628828 thread=18196 deferred_actor_begin hit=235 actor=00000001615BA8E0 bone="Bip01 Head" mass=1.00000 impulse=(39.521,0.069,76.987) expected_vtable=00000000D1CA3750
tick=267628828 thread=18196 deferred_force_enter hit=235 actor=00000001615BA8E0 method=00000000D1A67340
tick=267628828 thread=18196 deferred_actor_returned hit=235 actor=00000001615BA8E0 call_returned=1
tick=267628828 thread=18196 deferred_actor_begin hit=235 actor=00000001615BCCE0 bone="Bip01 R UpperArm" mass=1.00000 impulse=(39.521,0.069,76.987) expected_vtable=00000000D1CA3750
tick=267628828 thread=18196 deferred_force_enter hit=235 actor=00000001615BCCE0 method=00000000D1A67340
tick=267628828 thread=18196 deferred_actor_returned hit=235 actor=00000001615BCCE0 call_returned=1
tick=267628828 thread=18196 deferred_actor_begin hit=235 actor=00000001615BC4A0 bone="Bip01 L Forearm" mass=1.00000 impulse=(39.521,0.069,76.987) expected_vtable=00000000D1CA3750
tick=267628828 thread=18196 deferred_force_enter hit=235 actor=00000001615BC4A0 method=00000000D1A67340
tick=267628828 thread=18196 deferred_actor_returned hit=235 actor=00000001615BC4A0 call_returned=1
tick=267628828 thread=18196 deferred_actor_begin hit=235 actor=00000001615BC9E0 bone="Bip01 R Forearm" mass=1.00000 impulse=(39.521,0.069,76.987) expected_vtable=00000000D1CA3750
tick=267628828 thread=18196 deferred_force_enter hit=235 actor=00000001615BC9E0 method=00000000D1A67340
tick=267628828 thread=18196 deferred_actor_returned hit=235 actor=00000001615BC9E0 call_returned=1
tick=267628828 thread=18196 deferred_apply_end hit=235
tick=267641515 thread=18196 deferred_apply_begin hit=262 owner=000000016D1F0140 actors=13 age_ms=47 capture_thread=18196 planned_horizontal=7500.00 safety_scale=1.00000
tick=267641515 thread=18196 deferred_actor_begin hit=262 actor=00000001615BC920 bone="Bip01" mass=1.00000 impulse=(50.761,-12.115,-70.087) expected_vtable=00000000D1CA3750
tick=267641515 thread=18196 deferred_force_enter hit=262 actor=00000001615BC920 method=00000000D1A67340
tick=267641515 thread=18196 deferred_actor_returned hit=262 actor=00000001615BC920 call_returned=1
tick=267641515 thread=18196 deferred_actor_begin hit=262 actor=00000001615BB420 bone="Bip01 L Thigh" mass=1.00000 impulse=(50.761,-12.115,-70.087) expected_vtable=00000000D1CA3750
tick=267641515 thread=18196 deferred_force_enter hit=262 actor=00000001615BB420 method=00000000D1A67340
tick=267641515 thread=18196 deferred_actor_returned hit=262 actor=00000001615BB420 call_returned=1
tick=267641515 thread=18196 deferred_actor_begin hit=262 actor=00000001615BAB20 bone="Bip01 R Thigh" mass=1.00000 impulse=(50.761,-12.115,-70.087) expected_vtable=00000000D1CA3750
tick=267641515 thread=18196 deferred_force_enter hit=262 actor=00000001615BAB20 method=00000000D1A67340
tick=267641515 thread=18196 deferred_actor_returned hit=262 actor=00000001615BAB20 call_returned=1
tick=267641515 thread=18196 deferred_actor_begin hit=262 actor=00000001615BAE20 bone="Bip01 L Calf" mass=1.00000 impulse=(50.761,-12.115,-70.087) expected_vtable=00000000D1CA3750
tick=267641515 thread=18196 deferred_force_enter hit=262 actor=00000001615BAE20 method=00000000D1A67340
tick=267641515 thread=18196 deferred_actor_returned hit=262 actor=00000001615BAE20 call_returned=1
tick=267641515 thread=18196 deferred_actor_begin hit=262 actor=00000001615BB4E0 bone="Bip01 R Calf" mass=1.00000 impulse=(50.761,-12.115,-70.087) expected_vtable=00000000D1CA3750
tick=267641515 thread=18196 deferred_force_enter hit=262 actor=00000001615BB4E0 method=00000000D1A67340
tick=267641515 thread=18196 deferred_actor_returned hit=262 actor=00000001615BB4E0 call_returned=1
tick=267641515 thread=18196 deferred_actor_begin hit=262 actor=00000001615BCC20 bone="Bip01 Spine1" mass=1.00000 impulse=(50.761,-12.115,-70.087) expected_vtable=00000000D1CA3750
tick=267641515 thread=18196 deferred_force_enter hit=262 actor=00000001615BCC20 method=00000000D1A67340
tick=267641515 thread=18196 deferred_actor_returned hit=262 actor=00000001615BCC20 call_returned=1
tick=267641515 thread=18196 deferred_actor_begin hit=262 actor=00000001615BA0A0 bone="Bip01 Spine2" mass=1.00000 impulse=(3790.191,-904.615,-5233.157) expected_vtable=00000000D1CA3750
tick=267641515 thread=18196 deferred_force_enter hit=262 actor=00000001615BA0A0 method=00000000D1A67340
tick=267641515 thread=18196 deferred_actor_returned hit=262 actor=00000001615BA0A0 call_returned=1
tick=267641515 thread=18196 deferred_actor_begin hit=262 actor=00000001615BACA0 bone="Bip01 Neck" mass=1.00000 impulse=(50.761,-12.115,-70.087) expected_vtable=00000000D1CA3750
tick=267641515 thread=18196 deferred_force_enter hit=262 actor=00000001615BACA0 method=00000000D1A67340
tick=267641515 thread=18196 deferred_actor_returned hit=262 actor=00000001615BACA0 call_returned=1
tick=267641515 thread=18196 deferred_actor_begin hit=262 actor=00000001615BABE0 bone="Bip01 L UpperArm" mass=1.00000 impulse=(50.761,-12.115,-70.087) expected_vtable=00000000D1CA3750
tick=267641515 thread=18196 deferred_force_enter hit=262 actor=00000001615BABE0 method=00000000D1A67340
tick=267641515 thread=18196 deferred_actor_returned hit=262 actor=00000001615BABE0 call_returned=1
tick=267641515 thread=18196 deferred_actor_begin hit=262 actor=00000001615BC560 bone="Bip01 Head" mass=1.00000 impulse=(50.761,-12.115,-70.087) expected_vtable=00000000D1CA3750
tick=267641515 thread=18196 deferred_force_enter hit=262 actor=00000001615BC560 method=00000000D1A67340
tick=267641515 thread=18196 deferred_actor_returned hit=262 actor=00000001615BC560 call_returned=1
tick=267641515 thread=18196 deferred_actor_begin hit=262 actor=00000001615BBBA0 bone="Bip01 R UpperArm" mass=1.00000 impulse=(50.761,-12.115,-70.087) expected_vtable=00000000D1CA3750
tick=267641515 thread=18196 deferred_force_enter hit=262 actor=00000001615BBBA0 method=00000000D1A67340
tick=267641515 thread=18196 deferred_actor_returned hit=262 actor=00000001615BBBA0 call_returned=1
tick=267641515 thread=18196 deferred_actor_begin hit=262 actor=00000001615BA520 bone="Bip01 L Forearm" mass=1.00000 impulse=(50.761,-12.115,-70.087) expected_vtable=00000000D1CA3750
tick=267641515 thread=18196 deferred_force_enter hit=262 actor=00000001615BA520 method=00000000D1A67340
tick=267641515 thread=18196 deferred_actor_returned hit=262 actor=00000001615BA520 call_returned=1
tick=267641515 thread=18196 deferred_actor_begin hit=262 actor=00000001615BB5A0 bone="Bip01 R Forearm" mass=1.00000 impulse=(50.761,-12.115,-70.087) expected_vtable=00000000D1CA3750
tick=267641515 thread=18196 deferred_force_enter hit=262 actor=00000001615BB5A0 method=00000000D1A67340
tick=267641515 thread=18196 deferred_actor_returned hit=262 actor=00000001615BB5A0 call_returned=1
tick=267641515 thread=18196 deferred_apply_end hit=262
tick=267646500 thread=18196 deferred_apply_begin hit=274 owner=000000016D1DF130 actors=13 age_ms=47 capture_thread=18196 planned_horizontal=3033.21 safety_scale=1.00000
tick=267646500 thread=18196 deferred_actor_begin hit=274 actor=000000016159C9A0 bone="Bip01" mass=1.00000 impulse=(30.161,0.069,17.755) expected_vtable=00000000D1CA3750
tick=267646500 thread=18196 deferred_force_enter hit=274 actor=000000016159C9A0 method=00000000D1A67340
tick=267646500 thread=18196 deferred_actor_returned hit=274 actor=000000016159C9A0 call_returned=1
tick=267646500 thread=18196 deferred_actor_begin hit=274 actor=00000001615A4E60 bone="Bip01 L Thigh" mass=1.00000 impulse=(30.161,0.069,17.755) expected_vtable=00000000D1CA3750
tick=267646500 thread=18196 deferred_force_enter hit=274 actor=00000001615A4E60 method=00000000D1A67340
tick=267646500 thread=18196 deferred_actor_returned hit=274 actor=00000001615A4E60 call_returned=1
tick=267646500 thread=18196 deferred_actor_begin hit=274 actor=00000001615A6DE0 bone="Bip01 R Thigh" mass=1.00000 impulse=(30.161,0.069,17.755) expected_vtable=00000000D1CA3750
tick=267646500 thread=18196 deferred_force_enter hit=274 actor=00000001615A6DE0 method=00000000D1A67340
tick=267646500 thread=18196 deferred_actor_returned hit=274 actor=00000001615A6DE0 call_returned=1
tick=267646500 thread=18196 deferred_actor_begin hit=274 actor=00000001615A61E0 bone="Bip01 L Calf" mass=1.00000 impulse=(30.161,0.069,17.755) expected_vtable=00000000D1CA3750
tick=267646500 thread=18196 deferred_force_enter hit=274 actor=00000001615A61E0 method=00000000D1A67340
tick=267646500 thread=18196 deferred_actor_returned hit=274 actor=00000001615A61E0 call_returned=1
tick=267646500 thread=18196 deferred_actor_begin hit=274 actor=00000001615A6D20 bone="Bip01 R Calf" mass=1.00000 impulse=(30.161,0.069,17.755) expected_vtable=00000000D1CA3750
tick=267646500 thread=18196 deferred_force_enter hit=274 actor=00000001615A6D20 method=00000000D1A67340
tick=267646500 thread=18196 deferred_actor_returned hit=274 actor=00000001615A6D20 call_returned=1
tick=267646500 thread=18196 deferred_actor_begin hit=274 actor=00000001615A6960 bone="Bip01 Spine1" mass=1.00000 impulse=(2251.985,5.169,1325.724) expected_vtable=00000000D1CA3750
tick=267646500 thread=18196 deferred_force_enter hit=274 actor=00000001615A6960 method=00000000D1A67340
tick=267646500 thread=18196 deferred_actor_returned hit=274 actor=00000001615A6960 call_returned=1
tick=267646500 thread=18196 deferred_actor_begin hit=274 actor=00000001615A52E0 bone="Bip01 Spine2" mass=1.00000 impulse=(30.161,0.069,17.755) expected_vtable=00000000D1CA3750
tick=267646500 thread=18196 deferred_force_enter hit=274 actor=00000001615A52E0 method=00000000D1A67340
tick=267646500 thread=18196 deferred_actor_returned hit=274 actor=00000001615A52E0 call_returned=1
tick=267646500 thread=18196 deferred_actor_begin hit=274 actor=00000001615A6F60 bone="Bip01 Neck" mass=1.00000 impulse=(30.161,0.069,17.755) expected_vtable=00000000D1CA3750
tick=267646500 thread=18196 deferred_force_enter hit=274 actor=00000001615A6F60 method=00000000D1A67340
tick=267646500 thread=18196 deferred_actor_returned hit=274 actor=00000001615A6F60 call_returned=1
tick=267646500 thread=18196 deferred_actor_begin hit=274 actor=00000001615A7320 bone="Bip01 L UpperArm" mass=1.00000 impulse=(30.161,0.069,17.755) expected_vtable=00000000D1CA3750
tick=267646500 thread=18196 deferred_force_enter hit=274 actor=00000001615A7320 method=00000000D1A67340
tick=267646500 thread=18196 deferred_actor_returned hit=274 actor=00000001615A7320 call_returned=1
tick=267646500 thread=18196 deferred_actor_begin hit=274 actor=00000001615A56A0 bone="Bip01 Head" mass=1.00000 impulse=(30.161,0.069,17.755) expected_vtable=00000000D1CA3750
tick=267646500 thread=18196 deferred_force_enter hit=274 actor=00000001615A56A0 method=00000000D1A67340
tick=267646500 thread=18196 deferred_actor_returned hit=274 actor=00000001615A56A0 call_returned=1
tick=267646500 thread=18196 deferred_actor_begin hit=274 actor=00000001615A53A0 bone="Bip01 R UpperArm" mass=1.00000 impulse=(30.161,0.069,17.755) expected_vtable=00000000D1CA3750
tick=267646500 thread=18196 deferred_force_enter hit=274 actor=00000001615A53A0 method=00000000D1A67340
tick=267646500 thread=18196 deferred_actor_returned hit=274 actor=00000001615A53A0 call_returned=1
tick=267646500 thread=18196 deferred_actor_begin hit=274 actor=00000001615A5B20 bone="Bip01 L Forearm" mass=1.00000 impulse=(30.161,0.069,17.755) expected_vtable=00000000D1CA3750
tick=267646500 thread=18196 deferred_force_enter hit=274 actor=00000001615A5B20 method=00000000D1A67340
tick=267646500 thread=18196 deferred_actor_returned hit=274 actor=00000001615A5B20 call_returned=1
tick=267646500 thread=18196 deferred_actor_begin hit=274 actor=00000001615A5520 bone="Bip01 R Forearm" mass=1.00000 impulse=(30.161,0.069,17.755) expected_vtable=00000000D1CA3750
tick=267646500 thread=18196 deferred_force_enter hit=274 actor=00000001615A5520 method=00000000D1A67340
tick=267646500 thread=18196 deferred_actor_returned hit=274 actor=00000001615A5520 call_returned=1
tick=267646500 thread=18196 deferred_apply_end hit=274
tick=267649203 thread=18196 deferred_apply_begin hit=284 owner=000000016D2347C0 actors=4 age_ms=47 capture_thread=18196 planned_horizontal=7500.00 safety_scale=1.00000
tick=267649203 thread=18196 deferred_actor_begin hit=284 actor=00000001615A4FE0 bone="Bip01 L UpperArm" mass=1.00000 impulse=(53.279,-39.375,-276.157) expected_vtable=00000000D1CA3750
tick=267649203 thread=18196 deferred_force_enter hit=284 actor=00000001615A4FE0 method=00000000D1A67340
tick=267649203 thread=18196 deferred_actor_returned hit=284 actor=00000001615A4FE0 call_returned=1
tick=267649203 thread=18196 deferred_actor_begin hit=284 actor=00000001615A76E0 bone="Bip01 R UpperArm" mass=1.00000 impulse=(1260.943,-931.875,-6535.725) expected_vtable=00000000D1CA3750
tick=267649203 thread=18196 deferred_force_enter hit=284 actor=00000001615A76E0 method=00000000D1A67340
tick=267649203 thread=18196 deferred_actor_returned hit=284 actor=00000001615A76E0 call_returned=1
tick=267649203 thread=18196 deferred_actor_begin hit=284 actor=00000001615A7560 bone="Bip01 L Forearm" mass=1.00000 impulse=(53.279,-39.375,-276.157) expected_vtable=00000000D1CA3750
tick=267649203 thread=18196 deferred_force_enter hit=284 actor=00000001615A7560 method=00000000D1A67340
tick=267649203 thread=18196 deferred_actor_returned hit=284 actor=00000001615A7560 call_returned=1
tick=267649203 thread=18196 deferred_actor_begin hit=284 actor=00000001615A77A0 bone="Bip01 R Forearm" mass=1.00000 impulse=(53.279,-39.375,-276.157) expected_vtable=00000000D1CA3750
tick=267649203 thread=18196 deferred_force_enter hit=284 actor=00000001615A77A0 method=00000000D1A67340
tick=267649203 thread=18196 deferred_actor_returned hit=284 actor=00000001615A77A0 call_returned=1
tick=267649203 thread=18196 deferred_apply_end hit=284
tick=267649234 thread=18196 deferred_apply_begin hit=283 owner=000000016D21D5C0 actors=2 age_ms=47 capture_thread=18196 planned_horizontal=7500.00 safety_scale=1.00000
tick=267649234 thread=18196 deferred_actor_begin hit=283 actor=00000001615A6AE0 bone="Bip01 R Thigh" mass=1.00000 impulse=(-1734.557,-971.250,6717.159) expected_vtable=00000000D1CA3750
tick=267649234 thread=18196 deferred_force_enter hit=283 actor=00000001615A6AE0 method=00000000D1A67340
tick=267649234 thread=18196 deferred_actor_returned hit=283 actor=00000001615A6AE0 call_returned=1
tick=267649234 thread=18196 deferred_actor_begin hit=283 actor=00000001615A6BA0 bone="Bip01 R Calf" mass=1.00000 impulse=(-140.640,-78.750,544.635) expected_vtable=00000000D1CA3750
tick=267649234 thread=18196 deferred_force_enter hit=283 actor=00000001615A6BA0 method=00000000D1A67340
tick=267649234 thread=18196 deferred_actor_returned hit=283 actor=00000001615A6BA0 call_returned=1
tick=267649234 thread=18196 deferred_apply_end hit=283
tick=267650250 thread=18196 deferred_apply_begin hit=288 owner=000000016D1D3FF0 actors=2 age_ms=47 capture_thread=18196 planned_horizontal=4968.34 safety_scale=1.00000
tick=267650265 thread=18196 deferred_actor_begin hit=288 actor=00000001615ABEE0 bone="Bip01 R Thigh" mass=1.00000 impulse=(45.201,-55.444,-369.874) expected_vtable=00000000D1CA3750
tick=267650265 thread=18196 deferred_force_enter hit=288 actor=00000001615ABEE0 method=00000000D1A67340
tick=267650265 thread=18196 deferred_actor_returned hit=288 actor=00000001615ABEE0 call_returned=1
tick=267650265 thread=18196 deferred_actor_begin hit=288 actor=00000001615AC7E0 bone="Bip01 R Calf" mass=1.00000 impulse=(557.475,-683.807,-4561.774) expected_vtable=00000000D1CA3750
tick=267650265 thread=18196 deferred_force_enter hit=288 actor=00000001615AC7E0 method=00000000D1A67340
tick=267650265 thread=18196 deferred_actor_returned hit=288 actor=00000001615AC7E0 call_returned=1
tick=267650265 thread=18196 deferred_apply_end hit=288
tick=267653328 thread=18196 deferred_apply_begin hit=293 owner=000000016D1FB280 actors=2 age_ms=47 capture_thread=18196 planned_horizontal=4747.47 safety_scale=1.00000
tick=267653328 thread=18196 deferred_actor_begin hit=293 actor=00000001615AC5A0 bone="Bip01 L UpperArm" mass=1.00000 impulse=(-260.936,0.450,242.264) expected_vtable=00000000D1CA3750
tick=267653328 thread=18196 deferred_force_enter hit=293 actor=00000001615AC5A0 method=00000000D1A67340
tick=267653328 thread=18196 deferred_actor_returned hit=293 actor=00000001615AC5A0 call_returned=1
tick=267653328 thread=18196 deferred_actor_begin hit=293 actor=00000001615AB9A0 bone="Bip01 L Forearm" mass=1.00000 impulse=(-3218.206,5.550,2987.921) expected_vtable=00000000D1CA3750
tick=267653328 thread=18196 deferred_force_enter hit=293 actor=00000001615AB9A0 method=00000000D1A67340
tick=267653328 thread=18196 deferred_actor_returned hit=293 actor=00000001615AB9A0 call_returned=1
tick=267653328 thread=18196 deferred_apply_end hit=293
tick=267657265 thread=18196 deferred_apply_begin hit=302 owner=000000016D1E5000 actors=13 age_ms=47 capture_thread=18196 planned_horizontal=3893.87 safety_scale=1.00000
tick=267657265 thread=18196 deferred_actor_begin hit=302 actor=00000001615AD620 bone="Bip01" mass=1.00000 impulse=(2.886,0.069,44.836) expected_vtable=00000000D1CA3750
tick=267657265 thread=18196 deferred_force_enter hit=302 actor=00000001615AD620 method=00000000D1A67340
tick=267657265 thread=18196 deferred_actor_returned hit=302 actor=00000001615AD620 call_returned=1
tick=267657265 thread=18196 deferred_actor_begin hit=302 actor=00000001615AD6E0 bone="Bip01 L Thigh" mass=1.00000 impulse=(2.886,0.069,44.836) expected_vtable=00000000D1CA3750
tick=267657265 thread=18196 deferred_force_enter hit=302 actor=00000001615AD6E0 method=00000000D1A67340
tick=267657265 thread=18196 deferred_actor_returned hit=302 actor=00000001615AD6E0 call_returned=1
tick=267657265 thread=18196 deferred_actor_begin hit=302 actor=00000001615BF560 bone="Bip01 R Thigh" mass=1.00000 impulse=(2.886,0.069,44.836) expected_vtable=00000000D1CA3750
tick=267657265 thread=18196 deferred_force_enter hit=302 actor=00000001615BF560 method=00000000D1A67340
tick=267657265 thread=18196 deferred_actor_returned hit=302 actor=00000001615BF560 call_returned=1
tick=267657265 thread=18196 deferred_actor_begin hit=302 actor=00000001615AD7A0 bone="Bip01 L Calf" mass=1.00000 impulse=(2.886,0.069,44.836) expected_vtable=00000000D1CA3750
tick=267657265 thread=18196 deferred_force_enter hit=302 actor=00000001615AD7A0 method=00000000D1A67340
tick=267657265 thread=18196 deferred_actor_returned hit=302 actor=00000001615AD7A0 call_returned=1
tick=267657265 thread=18196 deferred_actor_begin hit=302 actor=00000001615BD2E0 bone="Bip01 R Calf" mass=1.00000 impulse=(2.886,0.069,44.836) expected_vtable=00000000D1CA3750
tick=267657265 thread=18196 deferred_force_enter hit=302 actor=00000001615BD2E0 method=00000000D1A67340
tick=267657265 thread=18196 deferred_actor_returned hit=302 actor=00000001615BD2E0 call_returned=1
tick=267657265 thread=18196 deferred_actor_begin hit=302 actor=00000001615BFAA0 bone="Bip01 Spine1" mass=1.00000 impulse=(2.886,0.069,44.836) expected_vtable=00000000D1CA3750
tick=267657265 thread=18196 deferred_force_enter hit=302 actor=00000001615BFAA0 method=00000000D1A67340
tick=267657265 thread=18196 deferred_actor_returned hit=302 actor=00000001615BFAA0 call_returned=1
tick=267657265 thread=18196 deferred_actor_begin hit=302 actor=00000001615BE960 bone="Bip01 Spine2" mass=1.00000 impulse=(2.886,0.069,44.836) expected_vtable=00000000D1CA3750
tick=267657265 thread=18196 deferred_force_enter hit=302 actor=00000001615BE960 method=00000000D1A67340
tick=267657265 thread=18196 deferred_actor_returned hit=302 actor=00000001615BE960 call_returned=1
tick=267657265 thread=18196 deferred_actor_begin hit=302 actor=00000001615BDA60 bone="Bip01 Neck" mass=1.00000 impulse=(2.886,0.069,44.836) expected_vtable=00000000D1CA3750
tick=267657265 thread=18196 deferred_force_enter hit=302 actor=00000001615BDA60 method=00000000D1A67340
tick=267657265 thread=18196 deferred_actor_returned hit=302 actor=00000001615BDA60 call_returned=1
tick=267657265 thread=18196 deferred_actor_begin hit=302 actor=00000001615BDCA0 bone="Bip01 L UpperArm" mass=1.00000 impulse=(2.886,0.069,44.836) expected_vtable=00000000D1CA3750
tick=267657265 thread=18196 deferred_force_enter hit=302 actor=00000001615BDCA0 method=00000000D1A67340
tick=267657265 thread=18196 deferred_actor_returned hit=302 actor=00000001615BDCA0 call_returned=1
tick=267657265 thread=18196 deferred_actor_begin hit=302 actor=00000001615BDD60 bone="Bip01 Head" mass=1.00000 impulse=(215.491,5.169,3347.791) expected_vtable=00000000D1CA3750
tick=267657265 thread=18196 deferred_force_enter hit=302 actor=00000001615BDD60 method=00000000D1A67340
tick=267657265 thread=18196 deferred_actor_returned hit=302 actor=00000001615BDD60 call_returned=1
tick=267657265 thread=18196 deferred_actor_begin hit=302 actor=00000001615BE4E0 bone="Bip01 R UpperArm" mass=1.00000 impulse=(2.886,0.069,44.836) expected_vtable=00000000D1CA3750
tick=267657265 thread=18196 deferred_force_enter hit=302 actor=00000001615BE4E0 method=00000000D1A67340
tick=267657265 thread=18196 deferred_actor_returned hit=302 actor=00000001615BE4E0 call_returned=1
tick=267657265 thread=18196 deferred_actor_begin hit=302 actor=00000001615BF920 bone="Bip01 L Forearm" mass=1.00000 impulse=(2.886,0.069,44.836) expected_vtable=00000000D1CA3750
tick=267657265 thread=18196 deferred_force_enter hit=302 actor=00000001615BF920 method=00000000D1A67340
tick=267657265 thread=18196 deferred_actor_returned hit=302 actor=00000001615BF920 call_returned=1
tick=267657265 thread=18196 deferred_actor_begin hit=302 actor=00000001615BD3A0 bone="Bip01 R Forearm" mass=1.00000 impulse=(2.886,0.069,44.836) expected_vtable=00000000D1CA3750
tick=267657265 thread=18196 deferred_force_enter hit=302 actor=00000001615BD3A0 method=00000000D1A67340
tick=267657265 thread=18196 deferred_actor_returned hit=302 actor=00000001615BD3A0 call_returned=1
tick=267657265 thread=18196 deferred_apply_end hit=302
tick=267658125 thread=18196 deferred_apply_begin hit=304 owner=00000001F7A6B730 actors=13 age_ms=47 capture_thread=18196 planned_horizontal=6972.56 safety_scale=1.00000
tick=267658140 thread=18196 deferred_actor_begin hit=304 actor=00000001615BDE20 bone="Bip01" mass=1.00000 impulse=(-34.336,12.115,-72.758) expected_vtable=00000000D1CA3750
tick=267658140 thread=18196 deferred_force_enter hit=304 actor=00000001615BDE20 method=00000000D1A67340
tick=267658140 thread=18196 deferred_actor_returned hit=304 actor=00000001615BDE20 call_returned=1
tick=267658140 thread=18196 deferred_actor_begin hit=304 actor=00000001615BF020 bone="Bip01 L Thigh" mass=1.00000 impulse=(-34.336,12.115,-72.758) expected_vtable=00000000D1CA3750
tick=267658140 thread=18196 deferred_force_enter hit=304 actor=00000001615BF020 method=00000000D1A67340
tick=267658140 thread=18196 deferred_actor_returned hit=304 actor=00000001615BF020 call_returned=1
tick=267658140 thread=18196 deferred_actor_begin hit=304 actor=00000001615BDEE0 bone="Bip01 R Thigh" mass=1.00000 impulse=(-34.336,12.115,-72.758) expected_vtable=00000000D1CA3750
tick=267658140 thread=18196 deferred_force_enter hit=304 actor=00000001615BDEE0 method=00000000D1A67340
tick=267658140 thread=18196 deferred_actor_returned hit=304 actor=00000001615BDEE0 call_returned=1
tick=267658140 thread=18196 deferred_actor_begin hit=304 actor=00000001615BD760 bone="Bip01 L Calf" mass=1.00000 impulse=(-34.336,12.115,-72.758) expected_vtable=00000000D1CA3750
tick=267658140 thread=18196 deferred_force_enter hit=304 actor=00000001615BD760 method=00000000D1A67340
tick=267658140 thread=18196 deferred_actor_returned hit=304 actor=00000001615BD760 call_returned=1
tick=267658140 thread=18196 deferred_actor_begin hit=304 actor=00000001615BDFA0 bone="Bip01 R Calf" mass=1.00000 impulse=(-34.336,12.115,-72.758) expected_vtable=00000000D1CA3750
tick=267658140 thread=18196 deferred_force_enter hit=304 actor=00000001615BDFA0 method=00000000D1A67340
tick=267658140 thread=18196 deferred_actor_returned hit=304 actor=00000001615BDFA0 call_returned=1
tick=267658140 thread=18196 deferred_actor_begin hit=304 actor=00000001615BE2A0 bone="Bip01 Spine1" mass=1.00000 impulse=(-34.336,12.115,-72.758) expected_vtable=00000000D1CA3750
tick=267658140 thread=18196 deferred_force_enter hit=304 actor=00000001615BE2A0 method=00000000D1A67340
tick=267658140 thread=18196 deferred_actor_returned hit=304 actor=00000001615BE2A0 call_returned=1
tick=267658140 thread=18196 deferred_actor_begin hit=304 actor=00000001615BF6E0 bone="Bip01 Spine2" mass=1.00000 impulse=(-2563.751,904.615,-5432.564) expected_vtable=00000000D1CA3750
tick=267658140 thread=18196 deferred_force_enter hit=304 actor=00000001615BF6E0 method=00000000D1A67340
tick=267658140 thread=18196 deferred_actor_returned hit=304 actor=00000001615BF6E0 call_returned=1
tick=267658140 thread=18196 deferred_actor_begin hit=304 actor=00000001615BCF20 bone="Bip01 Neck" mass=1.00000 impulse=(-34.336,12.115,-72.758) expected_vtable=00000000D1CA3750
tick=267658140 thread=18196 deferred_force_enter hit=304 actor=00000001615BCF20 method=00000000D1A67340
tick=267658140 thread=18196 deferred_actor_returned hit=304 actor=00000001615BCF20 call_returned=1
tick=267658140 thread=18196 deferred_actor_begin hit=304 actor=00000001615BF7A0 bone="Bip01 L UpperArm" mass=1.00000 impulse=(-34.336,12.115,-72.758) expected_vtable=00000000D1CA3750
tick=267658140 thread=18196 deferred_force_enter hit=304 actor=00000001615BF7A0 method=00000000D1A67340
tick=267658140 thread=18196 deferred_actor_returned hit=304 actor=00000001615BF7A0 call_returned=1
tick=267658140 thread=18196 deferred_actor_begin hit=304 actor=00000001615BFDA0 bone="Bip01 Head" mass=1.00000 impulse=(-34.336,12.115,-72.758) expected_vtable=00000000D1CA3750
tick=267658140 thread=18196 deferred_force_enter hit=304 actor=00000001615BFDA0 method=00000000D1A67340
tick=267658140 thread=18196 deferred_actor_returned hit=304 actor=00000001615BFDA0 call_returned=1
tick=267658140 thread=18196 deferred_actor_begin hit=304 actor=00000001615BD8E0 bone="Bip01 R UpperArm" mass=1.00000 impulse=(-34.336,12.115,-72.758) expected_vtable=00000000D1CA3750
tick=267658140 thread=18196 deferred_force_enter hit=304 actor=00000001615BD8E0 method=00000000D1A67340
tick=267658140 thread=18196 deferred_actor_returned hit=304 actor=00000001615BD8E0 call_returned=1
tick=267658140 thread=18196 deferred_actor_begin hit=304 actor=00000001615BD0A0 bone="Bip01 L Forearm" mass=1.00000 impulse=(-34.336,12.115,-72.758) expected_vtable=00000000D1CA3750
tick=267658140 thread=18196 deferred_force_enter hit=304 actor=00000001615BD0A0 method=00000000D1A67340
tick=267658140 thread=18196 deferred_actor_returned hit=304 actor=00000001615BD0A0 call_returned=1
tick=267658140 thread=18196 deferred_actor_begin hit=304 actor=00000001615BE5A0 bone="Bip01 R Forearm" mass=1.00000 impulse=(-34.336,12.115,-72.758) expected_vtable=00000000D1CA3750
tick=267658140 thread=18196 deferred_force_enter hit=304 actor=00000001615BE5A0 method=00000000D1A67340
tick=267658140 thread=18196 deferred_actor_returned hit=304 actor=00000001615BE5A0 call_returned=1
tick=267658140 thread=18196 deferred_apply_end hit=304
tick=267659906 thread=18196 deferred_apply_begin hit=307 owner=000000016D1D3FF0 actors=13 age_ms=63 capture_thread=18196 planned_horizontal=7500.00 safety_scale=1.00000
tick=267659906 thread=18196 deferred_actor_begin hit=307 actor=00000001615BEEA0 bone="Bip01" mass=1.00000 impulse=(-66.992,-12.115,-54.781) expected_vtable=00000000D1CA3750
tick=267659906 thread=18196 deferred_force_enter hit=307 actor=00000001615BEEA0 method=00000000D1A67340
tick=267659906 thread=18196 deferred_actor_returned hit=307 actor=00000001615BEEA0 call_returned=1
tick=267659906 thread=18196 deferred_actor_begin hit=307 actor=00000001615BD6A0 bone="Bip01 L Thigh" mass=1.00000 impulse=(-66.992,-12.115,-54.781) expected_vtable=00000000D1CA3750
tick=267659906 thread=18196 deferred_force_enter hit=307 actor=00000001615BD6A0 method=00000000D1A67340
tick=267659906 thread=18196 deferred_actor_returned hit=307 actor=00000001615BD6A0 call_returned=1
tick=267659906 thread=18196 deferred_actor_begin hit=307 actor=00000001615BE060 bone="Bip01 R Thigh" mass=1.00000 impulse=(-66.992,-12.115,-54.781) expected_vtable=00000000D1CA3750
tick=267659906 thread=18196 deferred_force_enter hit=307 actor=00000001615BE060 method=00000000D1A67340
tick=267659906 thread=18196 deferred_actor_returned hit=307 actor=00000001615BE060 call_returned=1
tick=267659906 thread=18196 deferred_actor_begin hit=307 actor=00000001615BEF60 bone="Bip01 L Calf" mass=1.00000 impulse=(-66.992,-12.115,-54.781) expected_vtable=00000000D1CA3750
tick=267659906 thread=18196 deferred_force_enter hit=307 actor=00000001615BEF60 method=00000000D1A67340
tick=267659906 thread=18196 deferred_actor_returned hit=307 actor=00000001615BEF60 call_returned=1
tick=267659906 thread=18196 deferred_actor_begin hit=307 actor=00000001615BED20 bone="Bip01 R Calf" mass=1.00000 impulse=(-66.992,-12.115,-54.781) expected_vtable=00000000D1CA3750
tick=267659906 thread=18196 deferred_force_enter hit=307 actor=00000001615BED20 method=00000000D1A67340
tick=267659906 thread=18196 deferred_actor_returned hit=307 actor=00000001615BED20 call_returned=1
tick=267659906 thread=18196 deferred_actor_begin hit=307 actor=00000001615BD160 bone="Bip01 Spine1" mass=1.00000 impulse=(-5002.100,-904.615,-4090.292) expected_vtable=00000000D1CA3750
tick=267659906 thread=18196 deferred_force_enter hit=307 actor=00000001615BD160 method=00000000D1A67340
tick=267659906 thread=18196 deferred_actor_returned hit=307 actor=00000001615BD160 call_returned=1
tick=267659906 thread=18196 deferred_actor_begin hit=307 actor=00000001615BD5E0 bone="Bip01 Spine2" mass=1.00000 impulse=(-66.992,-12.115,-54.781) expected_vtable=00000000D1CA3750
tick=267659906 thread=18196 deferred_force_enter hit=307 actor=00000001615BD5E0 method=00000000D1A67340
tick=267659906 thread=18196 deferred_actor_returned hit=307 actor=00000001615BD5E0 call_returned=1
tick=267659906 thread=18196 deferred_actor_begin hit=307 actor=00000001615BE1E0 bone="Bip01 Neck" mass=1.00000 impulse=(-66.992,-12.115,-54.781) expected_vtable=00000000D1CA3750
tick=267659906 thread=18196 deferred_force_enter hit=307 actor=00000001615BE1E0 method=00000000D1A67340
tick=267659906 thread=18196 deferred_actor_returned hit=307 actor=00000001615BE1E0 call_returned=1
tick=267659906 thread=18196 deferred_actor_begin hit=307 actor=00000001615BD220 bone="Bip01 L UpperArm" mass=1.00000 impulse=(-66.992,-12.115,-54.781) expected_vtable=00000000D1CA3750
tick=267659906 thread=18196 deferred_force_enter hit=307 actor=00000001615BD220 method=00000000D1A67340
tick=267659906 thread=18196 deferred_actor_returned hit=307 actor=00000001615BD220 call_returned=1
tick=267659906 thread=18196 deferred_actor_begin hit=307 actor=00000001615BEBA0 bone="Bip01 Head" mass=1.00000 impulse=(-66.992,-12.115,-54.781) expected_vtable=00000000D1CA3750
tick=267659906 thread=18196 deferred_force_enter hit=307 actor=00000001615BEBA0 method=00000000D1A67340
tick=267659906 thread=18196 deferred_actor_returned hit=307 actor=00000001615BEBA0 call_returned=1
tick=267659906 thread=18196 deferred_actor_begin hit=307 actor=00000001615BE660 bone="Bip01 R UpperArm" mass=1.00000 impulse=(-66.992,-12.115,-54.781) expected_vtable=00000000D1CA3750
tick=267659906 thread=18196 deferred_force_enter hit=307 actor=00000001615BE660 method=00000000D1A67340
tick=267659906 thread=18196 deferred_actor_returned hit=307 actor=00000001615BE660 call_returned=1
tick=267659906 thread=18196 deferred_actor_begin hit=307 actor=00000001615BE120 bone="Bip01 L Forearm" mass=1.00000 impulse=(-66.992,-12.115,-54.781) expected_vtable=00000000D1CA3750
tick=267659906 thread=18196 deferred_force_enter hit=307 actor=00000001615BE120 method=00000000D1A67340
tick=267659906 thread=18196 deferred_actor_returned hit=307 actor=00000001615BE120 call_returned=1
tick=267659906 thread=18196 deferred_actor_begin hit=307 actor=00000001615BE720 bone="Bip01 R Forearm" mass=1.00000 impulse=(-66.992,-12.115,-54.781) expected_vtable=00000000D1CA3750
tick=267659906 thread=18196 deferred_force_enter hit=307 actor=00000001615BE720 method=00000000D1A67340
tick=267659906 thread=18196 deferred_actor_returned hit=307 actor=00000001615BE720 call_returned=1
tick=267659906 thread=18196 deferred_apply_end hit=307
tick=267660078 thread=18196 deferred_apply_begin hit=308 owner=000000016D21D5C0 actors=2 age_ms=47 capture_thread=18196 planned_horizontal=5235.78 safety_scale=1.00000
tick=267660078 thread=18196 deferred_actor_begin hit=308 actor=00000001615BF260 bone="Bip01 R Thigh" mass=1.00000 impulse=(-221.460,0.450,324.277) expected_vtable=00000000D1CA3750
tick=267660078 thread=18196 deferred_force_enter hit=308 actor=00000001615BF260 method=00000000D1A67340
tick=267660078 thread=18196 deferred_actor_returned hit=308 actor=00000001615BF260 call_returned=1
tick=267660078 thread=18196 deferred_actor_begin hit=308 actor=00000001615C0D60 bone="Bip01 R Calf" mass=1.00000 impulse=(-2731.342,5.550,3999.414) expected_vtable=00000000D1CA3750
tick=267660078 thread=18196 deferred_force_enter hit=308 actor=00000001615C0D60 method=00000000D1A67340
tick=267660078 thread=18196 deferred_actor_returned hit=308 actor=00000001615C0D60 call_returned=1
tick=267660078 thread=18196 deferred_apply_end hit=308
tick=267660578 thread=18196 deferred_apply_begin hit=312 owner=000000016D223490 actors=13 age_ms=47 capture_thread=18196 planned_horizontal=7500.00 safety_scale=1.00000
tick=267660578 thread=18196 deferred_actor_begin hit=312 actor=00000001615C05E0 bone="Bip01" mass=1.00000 impulse=(-60.184,0.069,-62.184) expected_vtable=00000000D1CA3750
tick=267660578 thread=18196 deferred_force_enter hit=312 actor=00000001615C05E0 method=00000000D1A67340
tick=267660578 thread=18196 deferred_actor_returned hit=312 actor=00000001615C05E0 call_returned=1
tick=267660578 thread=18196 deferred_actor_begin hit=312 actor=00000001615C06A0 bone="Bip01 L Thigh" mass=1.00000 impulse=(-60.184,0.069,-62.184) expected_vtable=00000000D1CA3750
tick=267660578 thread=18196 deferred_force_enter hit=312 actor=00000001615C06A0 method=00000000D1A67340
tick=267660578 thread=18196 deferred_actor_returned hit=312 actor=00000001615C06A0 call_returned=1
tick=267660578 thread=18196 deferred_actor_begin hit=312 actor=00000001615C1960 bone="Bip01 R Thigh" mass=1.00000 impulse=(-60.184,0.069,-62.184) expected_vtable=00000000D1CA3750
tick=267660578 thread=18196 deferred_force_enter hit=312 actor=00000001615C1960 method=00000000D1A67340
tick=267660578 thread=18196 deferred_actor_returned hit=312 actor=00000001615C1960 call_returned=1
tick=267660578 thread=18196 deferred_actor_begin hit=312 actor=00000001615C20E0 bone="Bip01 L Calf" mass=1.00000 impulse=(-60.184,0.069,-62.184) expected_vtable=00000000D1CA3750
tick=267660578 thread=18196 deferred_force_enter hit=312 actor=00000001615C20E0 method=00000000D1A67340
tick=267660578 thread=18196 deferred_actor_returned hit=312 actor=00000001615C20E0 call_returned=1
tick=267660578 thread=18196 deferred_actor_begin hit=312 actor=00000001615C2DA0 bone="Bip01 R Calf" mass=1.00000 impulse=(-60.184,0.069,-62.184) expected_vtable=00000000D1CA3750
tick=267660578 thread=18196 deferred_force_enter hit=312 actor=00000001615C2DA0 method=00000000D1A67340
tick=267660578 thread=18196 deferred_actor_returned hit=312 actor=00000001615C2DA0 call_returned=1
tick=267660578 thread=18196 deferred_actor_begin hit=312 actor=00000001615BFF20 bone="Bip01 Spine1" mass=1.00000 impulse=(-60.184,0.069,-62.184) expected_vtable=00000000D1CA3750
tick=267660578 thread=18196 deferred_force_enter hit=312 actor=00000001615BFF20 method=00000000D1A67340
tick=267660578 thread=18196 deferred_actor_returned hit=312 actor=00000001615BFF20 call_returned=1
tick=267660578 thread=18196 deferred_actor_begin hit=312 actor=00000001615BFE60 bone="Bip01 Spine2" mass=1.00000 impulse=(-4493.741,5.169,-4643.035) expected_vtable=00000000D1CA3750
tick=267660578 thread=18196 deferred_force_enter hit=312 actor=00000001615BFE60 method=00000000D1A67340
tick=267660578 thread=18196 deferred_actor_returned hit=312 actor=00000001615BFE60 call_returned=1
tick=267660578 thread=18196 deferred_actor_begin hit=312 actor=00000001615C2920 bone="Bip01 Neck" mass=1.00000 impulse=(-60.184,0.069,-62.184) expected_vtable=00000000D1CA3750
tick=267660578 thread=18196 deferred_force_enter hit=312 actor=00000001615C2920 method=00000000D1A67340
tick=267660578 thread=18196 deferred_actor_returned hit=312 actor=00000001615C2920 call_returned=1
tick=267660578 thread=18196 deferred_actor_begin hit=312 actor=00000001615C0760 bone="Bip01 L UpperArm" mass=1.00000 impulse=(-60.184,0.069,-62.184) expected_vtable=00000000D1CA3750
tick=267660578 thread=18196 deferred_force_enter hit=312 actor=00000001615C0760 method=00000000D1A67340
tick=267660578 thread=18196 deferred_actor_returned hit=312 actor=00000001615C0760 call_returned=1
tick=267660578 thread=18196 deferred_actor_begin hit=312 actor=00000001615C0BE0 bone="Bip01 Head" mass=1.00000 impulse=(-60.184,0.069,-62.184) expected_vtable=00000000D1CA3750
tick=267660578 thread=18196 deferred_force_enter hit=312 actor=00000001615C0BE0 method=00000000D1A67340
tick=267660578 thread=18196 deferred_actor_returned hit=312 actor=00000001615C0BE0 call_returned=1
tick=267660578 thread=18196 deferred_actor_begin hit=312 actor=00000001615C2AA0 bone="Bip01 R UpperArm" mass=1.00000 impulse=(-60.184,0.069,-62.184) expected_vtable=00000000D1CA3750
tick=267660578 thread=18196 deferred_force_enter hit=312 actor=00000001615C2AA0 method=00000000D1A67340
tick=267660578 thread=18196 deferred_actor_returned hit=312 actor=00000001615C2AA0 call_returned=1
tick=267660593 thread=18196 deferred_actor_begin hit=312 actor=00000001615C11E0 bone="Bip01 L Forearm" mass=1.00000 impulse=(-60.184,0.069,-62.184) expected_vtable=00000000D1CA3750
tick=267660593 thread=18196 deferred_force_enter hit=312 actor=00000001615C11E0 method=00000000D1A67340
tick=267660593 thread=18196 deferred_actor_returned hit=312 actor=00000001615C11E0 call_returned=1
tick=267660593 thread=18196 deferred_actor_begin hit=312 actor=00000001615C21A0 bone="Bip01 R Forearm" mass=1.00000 impulse=(-60.184,0.069,-62.184) expected_vtable=00000000D1CA3750
tick=267660593 thread=18196 deferred_force_enter hit=312 actor=00000001615C21A0 method=00000000D1A67340
tick=267660593 thread=18196 deferred_actor_returned hit=312 actor=00000001615C21A0 call_returned=1
tick=267660593 thread=18196 deferred_apply_end hit=312
tick=267661671 thread=18196 deferred_apply_begin hit=318 owner=000000016D1D9890 actors=13 age_ms=46 capture_thread=18196 planned_horizontal=3295.17 safety_scale=1.00000
tick=267661671 thread=18196 deferred_actor_begin hit=318 actor=00000001615C0FA0 bone="Bip01" mass=1.00000 impulse=(25.411,0.069,28.282) expected_vtable=00000000D1CA3750
tick=267661671 thread=18196 deferred_force_enter hit=318 actor=00000001615C0FA0 method=00000000D1A67340
tick=267661671 thread=18196 deferred_actor_returned hit=318 actor=00000001615C0FA0 call_returned=1
tick=267661671 thread=18196 deferred_actor_begin hit=318 actor=00000001615C1420 bone="Bip01 L Thigh" mass=1.00000 impulse=(25.411,0.069,28.282) expected_vtable=00000000D1CA3750
tick=267661671 thread=18196 deferred_force_enter hit=318 actor=00000001615C1420 method=00000000D1A67340
tick=267661671 thread=18196 deferred_actor_returned hit=318 actor=00000001615C1420 call_returned=1
tick=267661671 thread=18196 deferred_actor_begin hit=318 actor=00000001615C15A0 bone="Bip01 R Thigh" mass=1.00000 impulse=(25.411,0.069,28.282) expected_vtable=00000000D1CA3750
tick=267661671 thread=18196 deferred_force_enter hit=318 actor=00000001615C15A0 method=00000000D1A67340
tick=267661671 thread=18196 deferred_actor_returned hit=318 actor=00000001615C15A0 call_returned=1
tick=267661671 thread=18196 deferred_actor_begin hit=318 actor=00000001615C14E0 bone="Bip01 L Calf" mass=1.00000 impulse=(25.411,0.069,28.282) expected_vtable=00000000D1CA3750
tick=267661671 thread=18196 deferred_force_enter hit=318 actor=00000001615C14E0 method=00000000D1A67340
tick=267661671 thread=18196 deferred_actor_returned hit=318 actor=00000001615C14E0 call_returned=1
tick=267661671 thread=18196 deferred_actor_begin hit=318 actor=00000001615C2020 bone="Bip01 R Calf" mass=1.00000 impulse=(25.411,0.069,28.282) expected_vtable=00000000D1CA3750
tick=267661671 thread=18196 deferred_force_enter hit=318 actor=00000001615C2020 method=00000000D1A67340
tick=267661671 thread=18196 deferred_actor_returned hit=318 actor=00000001615C2020 call_returned=1
tick=267661671 thread=18196 deferred_actor_begin hit=318 actor=00000001615C1660 bone="Bip01 Spine1" mass=1.00000 impulse=(25.411,0.069,28.282) expected_vtable=00000000D1CA3750
tick=267661671 thread=18196 deferred_force_enter hit=318 actor=00000001615C1660 method=00000000D1A67340
tick=267661671 thread=18196 deferred_actor_returned hit=318 actor=00000001615C1660 call_returned=1
tick=267661671 thread=18196 deferred_actor_begin hit=318 actor=00000001615C26E0 bone="Bip01 Spine2" mass=1.00000 impulse=(1897.355,5.169,2111.752) expected_vtable=00000000D1CA3750
tick=267661671 thread=18196 deferred_force_enter hit=318 actor=00000001615C26E0 method=00000000D1A67340
tick=267661687 thread=18196 deferred_actor_returned hit=318 actor=00000001615C26E0 call_returned=1
tick=267661687 thread=18196 deferred_actor_begin hit=318 actor=00000001615C2C20 bone="Bip01 Neck" mass=1.00000 impulse=(25.411,0.069,28.282) expected_vtable=00000000D1CA3750
tick=267661687 thread=18196 deferred_force_enter hit=318 actor=00000001615C2C20 method=00000000D1A67340
tick=267661687 thread=18196 deferred_actor_returned hit=318 actor=00000001615C2C20 call_returned=1
tick=267661687 thread=18196 deferred_actor_begin hit=318 actor=00000001615C1A20 bone="Bip01 L UpperArm" mass=1.00000 impulse=(25.411,0.069,28.282) expected_vtable=00000000D1CA3750
tick=267661687 thread=18196 deferred_force_enter hit=318 actor=00000001615C1A20 method=00000000D1A67340
tick=267661687 thread=18196 deferred_actor_returned hit=318 actor=00000001615C1A20 call_returned=1
tick=267661687 thread=18196 deferred_actor_begin hit=318 actor=00000001615C1D20 bone="Bip01 Head" mass=1.00000 impulse=(25.411,0.069,28.282) expected_vtable=00000000D1CA3750
tick=267661687 thread=18196 deferred_force_enter hit=318 actor=00000001615C1D20 method=00000000D1A67340
tick=267661687 thread=18196 deferred_actor_returned hit=318 actor=00000001615C1D20 call_returned=1
tick=267661687 thread=18196 deferred_actor_begin hit=318 actor=00000001615C23E0 bone="Bip01 R UpperArm" mass=1.00000 impulse=(25.411,0.069,28.282) expected_vtable=00000000D1CA3750
tick=267661687 thread=18196 deferred_force_enter hit=318 actor=00000001615C23E0 method=00000000D1A67340
tick=267661687 thread=18196 deferred_actor_returned hit=318 actor=00000001615C23E0 call_returned=1
tick=267661687 thread=18196 deferred_actor_begin hit=318 actor=00000001615C1BA0 bone="Bip01 L Forearm" mass=1.00000 impulse=(25.411,0.069,28.282) expected_vtable=00000000D1CA3750
tick=267661687 thread=18196 deferred_force_enter hit=318 actor=00000001615C1BA0 method=00000000D1A67340
tick=267661687 thread=18196 deferred_actor_returned hit=318 actor=00000001615C1BA0 call_returned=1
tick=267661687 thread=18196 deferred_actor_begin hit=318 actor=00000001615C27A0 bone="Bip01 R Forearm" mass=1.00000 impulse=(25.411,0.069,28.282) expected_vtable=00000000D1CA3750
tick=267661687 thread=18196 deferred_force_enter hit=318 actor=00000001615C27A0 method=00000000D1A67340
tick=267661687 thread=18196 deferred_actor_returned hit=318 actor=00000001615C27A0 call_returned=1
tick=267661687 thread=18196 deferred_apply_end hit=318
tick=267662359 thread=18196 deferred_apply_begin hit=322 owner=000000016D6645E0 actors=13 age_ms=47 capture_thread=18196 planned_horizontal=7500.00 safety_scale=1.00000
tick=267662359 thread=18196 deferred_actor_begin hit=322 actor=00000001615C53E0 bone="Bip01" mass=1.00000 impulse=(-80.998,-12.115,30.468) expected_vtable=00000000D1CA3750
tick=267662359 thread=18196 deferred_force_enter hit=322 actor=00000001615C53E0 method=00000000D1A67340
tick=267662359 thread=18196 deferred_actor_returned hit=322 actor=00000001615C53E0 call_returned=1
tick=267662359 thread=18196 deferred_actor_begin hit=322 actor=00000001615C4960 bone="Bip01 L Thigh" mass=1.00000 impulse=(-80.998,-12.115,30.468) expected_vtable=00000000D1CA3750
tick=267662359 thread=18196 deferred_force_enter hit=322 actor=00000001615C4960 method=00000000D1A67340
tick=267662359 thread=18196 deferred_actor_returned hit=322 actor=00000001615C4960 call_returned=1
tick=267662359 thread=18196 deferred_actor_begin hit=322 actor=00000001615C3CA0 bone="Bip01 R Thigh" mass=1.00000 impulse=(-80.998,-12.115,30.468) expected_vtable=00000000D1CA3750
tick=267662359 thread=18196 deferred_force_enter hit=322 actor=00000001615C3CA0 method=00000000D1A67340
tick=267662359 thread=18196 deferred_actor_returned hit=322 actor=00000001615C3CA0 call_returned=1
tick=267662359 thread=18196 deferred_actor_begin hit=322 actor=00000001615C5320 bone="Bip01 L Calf" mass=1.00000 impulse=(-80.998,-12.115,30.468) expected_vtable=00000000D1CA3750
tick=267662359 thread=18196 deferred_force_enter hit=322 actor=00000001615C5320 method=00000000D1A67340
tick=267662359 thread=18196 deferred_actor_returned hit=322 actor=00000001615C5320 call_returned=1
tick=267662359 thread=18196 deferred_actor_begin hit=322 actor=00000001615C4AE0 bone="Bip01 R Calf" mass=1.00000 impulse=(-80.998,-12.115,30.468) expected_vtable=00000000D1CA3750
tick=267662359 thread=18196 deferred_force_enter hit=322 actor=00000001615C4AE0 method=00000000D1A67340
tick=267662359 thread=18196 deferred_actor_returned hit=322 actor=00000001615C4AE0 call_returned=1
tick=267662359 thread=18196 deferred_actor_begin hit=322 actor=00000001615C4060 bone="Bip01 Spine1" mass=1.00000 impulse=(-80.998,-12.115,30.468) expected_vtable=00000000D1CA3750
tick=267662359 thread=18196 deferred_force_enter hit=322 actor=00000001615C4060 method=00000000D1A67340
tick=267662359 thread=18196 deferred_actor_returned hit=322 actor=00000001615C4060 call_returned=1
tick=267662359 thread=18196 deferred_actor_begin hit=322 actor=00000001615C3BE0 bone="Bip01 Spine2" mass=1.00000 impulse=(-80.998,-12.115,30.468) expected_vtable=00000000D1CA3750
tick=267662359 thread=18196 deferred_force_enter hit=322 actor=00000001615C3BE0 method=00000000D1A67340
tick=267662359 thread=18196 deferred_actor_returned hit=322 actor=00000001615C3BE0 call_returned=1
tick=267662359 thread=18196 deferred_actor_begin hit=322 actor=00000001615C47E0 bone="Bip01 Neck" mass=1.00000 impulse=(-80.998,-12.115,30.468) expected_vtable=00000000D1CA3750
tick=267662359 thread=18196 deferred_force_enter hit=322 actor=00000001615C47E0 method=00000000D1A67340
tick=267662359 thread=18196 deferred_actor_returned hit=322 actor=00000001615C47E0 call_returned=1
tick=267662359 thread=18196 deferred_actor_begin hit=322 actor=00000001615C51A0 bone="Bip01 L UpperArm" mass=1.00000 impulse=(-80.998,-12.115,30.468) expected_vtable=00000000D1CA3750
tick=267662359 thread=18196 deferred_force_enter hit=322 actor=00000001615C51A0 method=00000000D1A67340
tick=267662359 thread=18196 deferred_actor_returned hit=322 actor=00000001615C51A0 call_returned=1
tick=267662359 thread=18196 deferred_actor_begin hit=322 actor=00000001615C5AA0 bone="Bip01 Head" mass=1.00000 impulse=(-6047.833,-904.615,2274.908) expected_vtable=00000000D1CA3750
tick=267662359 thread=18196 deferred_force_enter hit=322 actor=00000001615C5AA0 method=00000000D1A67340
tick=267662359 thread=18196 deferred_actor_returned hit=322 actor=00000001615C5AA0 call_returned=1
tick=267662359 thread=18196 deferred_actor_begin hit=322 actor=00000001615C3160 bone="Bip01 R UpperArm" mass=1.00000 impulse=(-80.998,-12.115,30.468) expected_vtable=00000000D1CA3750
tick=267662359 thread=18196 deferred_force_enter hit=322 actor=00000001615C3160 method=00000000D1A67340
tick=267662359 thread=18196 deferred_actor_returned hit=322 actor=00000001615C3160 call_returned=1
tick=267662359 thread=18196 deferred_actor_begin hit=322 actor=00000001615C5560 bone="Bip01 L Forearm" mass=1.00000 impulse=(-80.998,-12.115,30.468) expected_vtable=00000000D1CA3750
tick=267662359 thread=18196 deferred_force_enter hit=322 actor=00000001615C5560 method=00000000D1A67340
tick=267662359 thread=18196 deferred_actor_returned hit=322 actor=00000001615C5560 call_returned=1
tick=267662359 thread=18196 deferred_actor_begin hit=322 actor=00000001615C5DA0 bone="Bip01 R Forearm" mass=1.00000 impulse=(-80.998,-12.115,30.468) expected_vtable=00000000D1CA3750
tick=267662359 thread=18196 deferred_force_enter hit=322 actor=00000001615C5DA0 method=00000000D1A67340
tick=267662359 thread=18196 deferred_actor_returned hit=322 actor=00000001615C5DA0 call_returned=1
tick=267662359 thread=18196 deferred_apply_end hit=322
tick=267662562 thread=18196 deferred_apply_begin hit=324 owner=000000016D23A060 actors=13 age_ms=47 capture_thread=18196 planned_horizontal=7500.00 safety_scale=1.00000
tick=267662562 thread=18196 deferred_actor_begin hit=324 actor=00000001615C54A0 bone="Bip01" mass=1.00000 impulse=(85.671,-12.115,12.223) expected_vtable=00000000D1CA3750
tick=267662562 thread=18196 deferred_force_enter hit=324 actor=00000001615C54A0 method=00000000D1A67340
tick=267662562 thread=18196 deferred_actor_returned hit=324 actor=00000001615C54A0 call_returned=1
tick=267662562 thread=18196 deferred_actor_begin hit=324 actor=00000001615C4420 bone="Bip01 L Thigh" mass=1.00000 impulse=(85.671,-12.115,12.223) expected_vtable=00000000D1CA3750
tick=267662562 thread=18196 deferred_force_enter hit=324 actor=00000001615C4420 method=00000000D1A67340
tick=267662562 thread=18196 deferred_actor_returned hit=324 actor=00000001615C4420 call_returned=1
tick=267662562 thread=18196 deferred_actor_begin hit=324 actor=00000001615C3D60 bone="Bip01 R Thigh" mass=1.00000 impulse=(85.671,-12.115,12.223) expected_vtable=00000000D1CA3750
tick=267662562 thread=18196 deferred_force_enter hit=324 actor=00000001615C3D60 method=00000000D1A67340
tick=267662562 thread=18196 deferred_actor_returned hit=324 actor=00000001615C3D60 call_returned=1
tick=267662562 thread=18196 deferred_actor_begin hit=324 actor=00000001615C5620 bone="Bip01 L Calf" mass=1.00000 impulse=(85.671,-12.115,12.223) expected_vtable=00000000D1CA3750
tick=267662562 thread=18196 deferred_force_enter hit=324 actor=00000001615C5620 method=00000000D1A67340
tick=267662562 thread=18196 deferred_actor_returned hit=324 actor=00000001615C5620 call_returned=1
tick=267662562 thread=18196 deferred_actor_begin hit=324 actor=00000001615C4BA0 bone="Bip01 R Calf" mass=1.00000 impulse=(85.671,-12.115,12.223) expected_vtable=00000000D1CA3750
tick=267662562 thread=18196 deferred_force_enter hit=324 actor=00000001615C4BA0 method=00000000D1A67340
tick=267662562 thread=18196 deferred_actor_returned hit=324 actor=00000001615C4BA0 call_returned=1
tick=267662562 thread=18196 deferred_actor_begin hit=324 actor=00000001615C56E0 bone="Bip01 Spine1" mass=1.00000 impulse=(85.671,-12.115,12.223) expected_vtable=00000000D1CA3750
tick=267662562 thread=18196 deferred_force_enter hit=324 actor=00000001615C56E0 method=00000000D1A67340
tick=267662562 thread=18196 deferred_actor_returned hit=324 actor=00000001615C56E0 call_returned=1
tick=267662562 thread=18196 deferred_actor_begin hit=324 actor=00000001615C36A0 bone="Bip01 Spine2" mass=1.00000 impulse=(6396.757,-904.615,912.674) expected_vtable=00000000D1CA3750
tick=267662562 thread=18196 deferred_force_enter hit=324 actor=00000001615C36A0 method=00000000D1A67340
tick=267662578 thread=18196 deferred_actor_returned hit=324 actor=00000001615C36A0 call_returned=1
tick=267662578 thread=18196 deferred_actor_begin hit=324 actor=00000001615C50E0 bone="Bip01 Neck" mass=1.00000 impulse=(85.671,-12.115,12.223) expected_vtable=00000000D1CA3750
tick=267662578 thread=18196 deferred_force_enter hit=324 actor=00000001615C50E0 method=00000000D1A67340
tick=267662578 thread=18196 deferred_actor_returned hit=324 actor=00000001615C50E0 call_returned=1
tick=267662578 thread=18196 deferred_actor_begin hit=324 actor=00000001615C44E0 bone="Bip01 L UpperArm" mass=1.00000 impulse=(85.671,-12.115,12.223) expected_vtable=00000000D1CA3750
tick=267662578 thread=18196 deferred_force_enter hit=324 actor=00000001615C44E0 method=00000000D1A67340
tick=267662578 thread=18196 deferred_actor_returned hit=324 actor=00000001615C44E0 call_returned=1
tick=267662578 thread=18196 deferred_actor_begin hit=324 actor=00000001615C4720 bone="Bip01 Head" mass=1.00000 impulse=(85.671,-12.115,12.223) expected_vtable=00000000D1CA3750
tick=267662578 thread=18196 deferred_force_enter hit=324 actor=00000001615C4720 method=00000000D1A67340
tick=267662578 thread=18196 deferred_actor_returned hit=324 actor=00000001615C4720 call_returned=1
tick=267662578 thread=18196 deferred_actor_begin hit=324 actor=00000001615C57A0 bone="Bip01 R UpperArm" mass=1.00000 impulse=(85.671,-12.115,12.223) expected_vtable=00000000D1CA3750
tick=267662578 thread=18196 deferred_force_enter hit=324 actor=00000001615C57A0 method=00000000D1A67340
tick=267662578 thread=18196 deferred_actor_returned hit=324 actor=00000001615C57A0 call_returned=1
tick=267662578 thread=18196 deferred_actor_begin hit=324 actor=00000001615C3A60 bone="Bip01 L Forearm" mass=1.00000 impulse=(85.671,-12.115,12.223) expected_vtable=00000000D1CA3750
tick=267662578 thread=18196 deferred_force_enter hit=324 actor=00000001615C3A60 method=00000000D1A67340
tick=267662578 thread=18196 deferred_actor_returned hit=324 actor=00000001615C3A60 call_returned=1
tick=267662578 thread=18196 deferred_actor_begin hit=324 actor=00000001615C4D20 bone="Bip01 R Forearm" mass=1.00000 impulse=(85.671,-12.115,12.223) expected_vtable=00000000D1CA3750
tick=267662578 thread=18196 deferred_force_enter hit=324 actor=00000001615C4D20 method=00000000D1A67340
tick=267662578 thread=18196 deferred_actor_returned hit=324 actor=00000001615C4D20 call_returned=1
tick=267662578 thread=18196 deferred_apply_end hit=324
tick=267664421 thread=18196 deferred_apply_begin hit=331 owner=000000016D1FB280 actors=4 age_ms=984 capture_thread=18196 planned_horizontal=3961.54 safety_scale=1.00000
tick=267664421 thread=18196 deferred_actor_begin hit=331 actor=00000001615AB2E0 bone="Bip01 L Thigh" mass=1.00000 impulse=(-25.371,-22.059,-146.376) expected_vtable=00000000D1CA3750
tick=267664421 thread=18196 deferred_force_enter hit=331 actor=00000001615AB2E0 method=00000000D1A67340
tick=267664421 thread=18196 deferred_actor_returned hit=331 actor=00000001615AB2E0 call_returned=1
tick=267664421 thread=18196 deferred_actor_begin hit=331 actor=00000001615AD1A0 bone="Bip01 L Calf" mass=1.00000 impulse=(-600.439,-522.056,-3464.220) expected_vtable=00000000D1CA3750
tick=267664421 thread=18196 deferred_force_enter hit=331 actor=00000001615AD1A0 method=00000000D1A67340
tick=267664421 thread=18196 deferred_actor_returned hit=331 actor=00000001615AD1A0 call_returned=1
tick=267664421 thread=18196 deferred_actor_begin hit=331 actor=00000001615AC5A0 bone="Bip01 L UpperArm" mass=1.00000 impulse=(-25.371,-22.059,-146.376) expected_vtable=00000000D1CA3750
tick=267664421 thread=18196 deferred_force_enter hit=331 actor=00000001615AC5A0 method=00000000D1A67340
tick=267664421 thread=18196 deferred_actor_returned hit=331 actor=00000001615AC5A0 call_returned=1
tick=267664421 thread=18196 deferred_actor_begin hit=331 actor=00000001615AB9A0 bone="Bip01 L Forearm" mass=1.00000 impulse=(-25.371,-22.059,-146.376) expected_vtable=00000000D1CA3750
tick=267664421 thread=18196 deferred_force_enter hit=331 actor=00000001615AB9A0 method=00000000D1A67340
tick=267664421 thread=18196 deferred_actor_returned hit=331 actor=00000001615AB9A0 call_returned=1
tick=267664421 thread=18196 deferred_apply_end hit=331
tick=267664625 thread=18196 deferred_apply_begin hit=335 owner=00000001F7820FB8 actors=13 age_ms=47 capture_thread=18196 planned_horizontal=7500.00 safety_scale=1.00000
tick=267664625 thread=18196 deferred_actor_begin hit=335 actor=00000001615C59E0 bone="Bip01" mass=1.00000 impulse=(-74.698,-12.115,43.693) expected_vtable=00000000D1CA3750
tick=267664625 thread=18196 deferred_force_enter hit=335 actor=00000001615C59E0 method=00000000D1A67340
tick=267664625 thread=18196 deferred_actor_returned hit=335 actor=00000001615C59E0 call_returned=1
tick=267664625 thread=18196 deferred_actor_begin hit=335 actor=00000001615C4DE0 bone="Bip01 L Thigh" mass=1.00000 impulse=(-74.698,-12.115,43.693) expected_vtable=00000000D1CA3750
tick=267664625 thread=18196 deferred_force_enter hit=335 actor=00000001615C4DE0 method=00000000D1A67340
tick=267664625 thread=18196 deferred_actor_returned hit=335 actor=00000001615C4DE0 call_returned=1
tick=267664625 thread=18196 deferred_actor_begin hit=335 actor=00000001615C4660 bone="Bip01 R Thigh" mass=1.00000 impulse=(-74.698,-12.115,43.693) expected_vtable=00000000D1CA3750
tick=267664625 thread=18196 deferred_force_enter hit=335 actor=00000001615C4660 method=00000000D1A67340
tick=267664625 thread=18196 deferred_actor_returned hit=335 actor=00000001615C4660 call_returned=1
tick=267664625 thread=18196 deferred_actor_begin hit=335 actor=00000001615C4120 bone="Bip01 L Calf" mass=1.00000 impulse=(-74.698,-12.115,43.693) expected_vtable=00000000D1CA3750
tick=267664625 thread=18196 deferred_force_enter hit=335 actor=00000001615C4120 method=00000000D1A67340
tick=267664625 thread=18196 deferred_actor_returned hit=335 actor=00000001615C4120 call_returned=1
tick=267664625 thread=18196 deferred_actor_begin hit=335 actor=00000001615C45A0 bone="Bip01 R Calf" mass=1.00000 impulse=(-74.698,-12.115,43.693) expected_vtable=00000000D1CA3750
tick=267664625 thread=18196 deferred_force_enter hit=335 actor=00000001615C45A0 method=00000000D1A67340
tick=267664625 thread=18196 deferred_actor_returned hit=335 actor=00000001615C45A0 call_returned=1
tick=267664625 thread=18196 deferred_actor_begin hit=335 actor=00000001615C5B60 bone="Bip01 Spine1" mass=1.00000 impulse=(-74.698,-12.115,43.693) expected_vtable=00000000D1CA3750
tick=267664625 thread=18196 deferred_force_enter hit=335 actor=00000001615C5B60 method=00000000D1A67340
tick=267664625 thread=18196 deferred_actor_returned hit=335 actor=00000001615C5B60 call_returned=1
tick=267664625 thread=18196 deferred_actor_begin hit=335 actor=00000001615C4360 bone="Bip01 Spine2" mass=1.00000 impulse=(-5577.469,-904.615,3262.411) expected_vtable=00000000D1CA3750
tick=267664625 thread=18196 deferred_force_enter hit=335 actor=00000001615C4360 method=00000000D1A67340
tick=267664625 thread=18196 deferred_actor_returned hit=335 actor=00000001615C4360 call_returned=1
tick=267664625 thread=18196 deferred_actor_begin hit=335 actor=00000001615C30A0 bone="Bip01 Neck" mass=1.00000 impulse=(-74.698,-12.115,43.693) expected_vtable=00000000D1CA3750
tick=267664640 thread=18196 deferred_force_enter hit=335 actor=00000001615C30A0 method=00000000D1A67340
tick=267664640 thread=18196 deferred_actor_returned hit=335 actor=00000001615C30A0 call_returned=1
tick=267664640 thread=18196 deferred_actor_begin hit=335 actor=00000001615C4F60 bone="Bip01 L UpperArm" mass=1.00000 impulse=(-74.698,-12.115,43.693) expected_vtable=00000000D1CA3750
tick=267664640 thread=18196 deferred_force_enter hit=335 actor=00000001615C4F60 method=00000000D1A67340
tick=267664640 thread=18196 deferred_actor_returned hit=335 actor=00000001615C4F60 call_returned=1
tick=267664640 thread=18196 deferred_actor_begin hit=335 actor=00000001615C4EA0 bone="Bip01 Head" mass=1.00000 impulse=(-74.698,-12.115,43.693) expected_vtable=00000000D1CA3750
tick=267664640 thread=18196 deferred_force_enter hit=335 actor=00000001615C4EA0 method=00000000D1A67340
tick=267664640 thread=18196 deferred_actor_returned hit=335 actor=00000001615C4EA0 call_returned=1
tick=267664640 thread=18196 deferred_actor_begin hit=335 actor=00000001615C5020 bone="Bip01 R UpperArm" mass=1.00000 impulse=(-74.698,-12.115,43.693) expected_vtable=00000000D1CA3750
tick=267664640 thread=18196 deferred_force_enter hit=335 actor=00000001615C5020 method=00000000D1A67340
tick=267664640 thread=18196 deferred_actor_returned hit=335 actor=00000001615C5020 call_returned=1
tick=267664640 thread=18196 deferred_actor_begin hit=335 actor=00000001615C5C20 bone="Bip01 L Forearm" mass=1.00000 impulse=(-74.698,-12.115,43.693) expected_vtable=00000000D1CA3750
tick=267664640 thread=18196 deferred_force_enter hit=335 actor=00000001615C5C20 method=00000000D1A67340
tick=267664640 thread=18196 deferred_actor_returned hit=335 actor=00000001615C5C20 call_returned=1
tick=267664640 thread=18196 deferred_actor_begin hit=335 actor=00000001615C32E0 bone="Bip01 R Forearm" mass=1.00000 impulse=(-74.698,-12.115,43.693) expected_vtable=00000000D1CA3750
tick=267664640 thread=18196 deferred_force_enter hit=335 actor=00000001615C32E0 method=00000000D1A67340
tick=267664640 thread=18196 deferred_actor_returned hit=335 actor=00000001615C32E0 call_returned=1
tick=267664640 thread=18196 deferred_apply_end hit=335
tick=267665375 thread=18196 deferred_apply_begin hit=338 owner=000000016D212060 actors=13 age_ms=47 capture_thread=18196 planned_horizontal=6860.75 safety_scale=1.00000
tick=267665375 thread=18196 deferred_actor_begin hit=338 actor=00000001615B5C60 bone="Bip01" mass=1.00000 impulse=(-78.723,-11.805,8.333) expected_vtable=00000000D1CA3750
tick=267665375 thread=18196 deferred_force_enter hit=338 actor=00000001615B5C60 method=00000000D1A67340
tick=267665375 thread=18196 deferred_actor_returned hit=338 actor=00000001615B5C60 call_returned=1
tick=267665375 thread=18196 deferred_actor_begin hit=338 actor=00000001615C5F20 bone="Bip01 L Thigh" mass=1.00000 impulse=(-78.723,-11.805,8.333) expected_vtable=00000000D1CA3750
tick=267665375 thread=18196 deferred_force_enter hit=338 actor=00000001615C5F20 method=00000000D1A67340
tick=267665375 thread=18196 deferred_actor_returned hit=338 actor=00000001615C5F20 call_returned=1
tick=267665375 thread=18196 deferred_actor_begin hit=338 actor=00000001615C8320 bone="Bip01 R Thigh" mass=1.00000 impulse=(-78.723,-11.805,8.333) expected_vtable=00000000D1CA3750
tick=267665375 thread=18196 deferred_force_enter hit=338 actor=00000001615C8320 method=00000000D1A67340
tick=267665375 thread=18196 deferred_actor_returned hit=338 actor=00000001615C8320 call_returned=1
tick=267665375 thread=18196 deferred_actor_begin hit=338 actor=00000001615C6820 bone="Bip01 L Calf" mass=1.00000 impulse=(-78.723,-11.805,8.333) expected_vtable=00000000D1CA3750
tick=267665375 thread=18196 deferred_force_enter hit=338 actor=00000001615C6820 method=00000000D1A67340
tick=267665375 thread=18196 deferred_actor_returned hit=338 actor=00000001615C6820 call_returned=1
tick=267665375 thread=18196 deferred_actor_begin hit=338 actor=00000001615C6B20 bone="Bip01 R Calf" mass=1.00000 impulse=(-78.723,-11.805,8.333) expected_vtable=00000000D1CA3750
tick=267665375 thread=18196 deferred_force_enter hit=338 actor=00000001615C6B20 method=00000000D1A67340
tick=267665375 thread=18196 deferred_actor_returned hit=338 actor=00000001615C6B20 call_returned=1
tick=267665375 thread=18196 deferred_actor_begin hit=338 actor=00000001615C83E0 bone="Bip01 Spine1" mass=1.00000 impulse=(-78.723,-11.805,8.333) expected_vtable=00000000D1CA3750
tick=267665375 thread=18196 deferred_force_enter hit=338 actor=00000001615C83E0 method=00000000D1A67340
tick=267665375 thread=18196 deferred_actor_returned hit=338 actor=00000001615C83E0 call_returned=1
tick=267665375 thread=18196 deferred_actor_begin hit=338 actor=00000001615C75A0 bone="Bip01 Spine2" mass=1.00000 impulse=(-78.723,-11.805,8.333) expected_vtable=00000000D1CA3750
tick=267665375 thread=18196 deferred_force_enter hit=338 actor=00000001615C75A0 method=00000000D1A67340
tick=267665375 thread=18196 deferred_actor_returned hit=338 actor=00000001615C75A0 call_returned=1
tick=267665375 thread=18196 deferred_actor_begin hit=338 actor=00000001615C6520 bone="Bip01 Neck" mass=1.00000 impulse=(-78.723,-11.805,8.333) expected_vtable=00000000D1CA3750
tick=267665390 thread=18196 deferred_force_enter hit=338 actor=00000001615C6520 method=00000000D1A67340
tick=267665390 thread=18196 deferred_actor_returned hit=338 actor=00000001615C6520 call_returned=1
tick=267665390 thread=18196 deferred_actor_begin hit=338 actor=00000001615C6460 bone="Bip01 L UpperArm" mass=1.00000 impulse=(-78.723,-11.805,8.333) expected_vtable=00000000D1CA3750
tick=267665390 thread=18196 deferred_force_enter hit=338 actor=00000001615C6460 method=00000000D1A67340
tick=267665390 thread=18196 deferred_actor_returned hit=338 actor=00000001615C6460 call_returned=1
tick=267665390 thread=18196 deferred_actor_begin hit=338 actor=00000001615C6A60 bone="Bip01 Head" mass=1.00000 impulse=(-5877.959,-881.451,622.209) expected_vtable=00000000D1CA3750
tick=267665390 thread=18196 deferred_force_enter hit=338 actor=00000001615C6A60 method=00000000D1A67340
tick=267665390 thread=18196 deferred_actor_returned hit=338 actor=00000001615C6A60 call_returned=1
tick=267665390 thread=18196 deferred_actor_begin hit=338 actor=00000001615C7DE0 bone="Bip01 R UpperArm" mass=1.00000 impulse=(-78.723,-11.805,8.333) expected_vtable=00000000D1CA3750
tick=267665390 thread=18196 deferred_force_enter hit=338 actor=00000001615C7DE0 method=00000000D1A67340
tick=267665390 thread=18196 deferred_actor_returned hit=338 actor=00000001615C7DE0 call_returned=1
tick=267665390 thread=18196 deferred_actor_begin hit=338 actor=00000001615C6D60 bone="Bip01 L Forearm" mass=1.00000 impulse=(-78.723,-11.805,8.333) expected_vtable=00000000D1CA3750
tick=267665390 thread=18196 deferred_force_enter hit=338 actor=00000001615C6D60 method=00000000D1A67340
tick=267665390 thread=18196 deferred_actor_returned hit=338 actor=00000001615C6D60 call_returned=1
tick=267665390 thread=18196 deferred_actor_begin hit=338 actor=00000001615C7BA0 bone="Bip01 R Forearm" mass=1.00000 impulse=(-78.723,-11.805,8.333) expected_vtable=00000000D1CA3750
tick=267665390 thread=18196 deferred_force_enter hit=338 actor=00000001615C7BA0 method=00000000D1A67340
tick=267665390 thread=18196 deferred_actor_returned hit=338 actor=00000001615C7BA0 call_returned=1
tick=267665390 thread=18196 deferred_apply_end hit=338
tick=267668453 thread=18196 deferred_apply_begin hit=345 owner=000000016D08EAC8 actors=13 age_ms=47 capture_thread=18196 planned_horizontal=7500.00 safety_scale=1.00000
tick=267668453 thread=18196 deferred_actor_begin hit=345 actor=00000001615C8AA0 bone="Bip01" mass=1.00000 impulse=(-73.229,-12.115,-46.112) expected_vtable=00000000D1CA3750
tick=267668453 thread=18196 deferred_force_enter hit=345 actor=00000001615C8AA0 method=00000000D1A67340
tick=267668453 thread=18196 deferred_actor_returned hit=345 actor=00000001615C8AA0 call_returned=1
tick=267668453 thread=18196 deferred_actor_begin hit=345 actor=00000001615C7960 bone="Bip01 L Thigh" mass=1.00000 impulse=(-73.229,-12.115,-46.112) expected_vtable=00000000D1CA3750
tick=267668453 thread=18196 deferred_force_enter hit=345 actor=00000001615C7960 method=00000000D1A67340
tick=267668453 thread=18196 deferred_actor_returned hit=345 actor=00000001615C7960 call_returned=1
tick=267668453 thread=18196 deferred_actor_begin hit=345 actor=00000001615C81A0 bone="Bip01 R Thigh" mass=1.00000 impulse=(-73.229,-12.115,-46.112) expected_vtable=00000000D1CA3750
tick=267668453 thread=18196 deferred_force_enter hit=345 actor=00000001615C81A0 method=00000000D1A67340
tick=267668453 thread=18196 deferred_actor_returned hit=345 actor=00000001615C81A0 call_returned=1
tick=267668453 thread=18196 deferred_actor_begin hit=345 actor=00000001615C7A20 bone="Bip01 L Calf" mass=1.00000 impulse=(-73.229,-12.115,-46.112) expected_vtable=00000000D1CA3750
tick=267668453 thread=18196 deferred_force_enter hit=345 actor=00000001615C7A20 method=00000000D1A67340
tick=267668453 thread=18196 deferred_actor_returned hit=345 actor=00000001615C7A20 call_returned=1
tick=267668453 thread=18196 deferred_actor_begin hit=345 actor=00000001615C7AE0 bone="Bip01 R Calf" mass=1.00000 impulse=(-73.229,-12.115,-46.112) expected_vtable=00000000D1CA3750
tick=267668468 thread=18196 deferred_force_enter hit=345 actor=00000001615C7AE0 method=00000000D1A67340
tick=267668468 thread=18196 deferred_actor_returned hit=345 actor=00000001615C7AE0 call_returned=1
tick=267668468 thread=18196 deferred_actor_begin hit=345 actor=00000001615C8920 bone="Bip01 Spine1" mass=1.00000 impulse=(-73.229,-12.115,-46.112) expected_vtable=00000000D1CA3750
tick=267668468 thread=18196 deferred_force_enter hit=345 actor=00000001615C8920 method=00000000D1A67340
tick=267668468 thread=18196 deferred_actor_returned hit=345 actor=00000001615C8920 call_returned=1
tick=267668468 thread=18196 deferred_actor_begin hit=345 actor=00000001615C8860 bone="Bip01 Spine2" mass=1.00000 impulse=(-73.229,-12.115,-46.112) expected_vtable=00000000D1CA3750
tick=267668468 thread=18196 deferred_force_enter hit=345 actor=00000001615C8860 method=00000000D1A67340
tick=267668468 thread=18196 deferred_actor_returned hit=345 actor=00000001615C8860 call_returned=1
tick=267668468 thread=18196 deferred_actor_begin hit=345 actor=00000001615C8020 bone="Bip01 Neck" mass=1.00000 impulse=(-73.229,-12.115,-46.112) expected_vtable=00000000D1CA3750
tick=267668468 thread=18196 deferred_force_enter hit=345 actor=00000001615C8020 method=00000000D1A67340
tick=267668468 thread=18196 deferred_actor_returned hit=345 actor=00000001615C8020 call_returned=1
tick=267668468 thread=18196 deferred_actor_begin hit=345 actor=00000001615C7EA0 bone="Bip01 L UpperArm" mass=1.00000 impulse=(-73.229,-12.115,-46.112) expected_vtable=00000000D1CA3750
tick=267668468 thread=18196 deferred_force_enter hit=345 actor=00000001615C7EA0 method=00000000D1A67340
tick=267668468 thread=18196 deferred_actor_returned hit=345 actor=00000001615C7EA0 call_returned=1
tick=267668468 thread=18196 deferred_actor_begin hit=345 actor=00000001615CBB60 bone="Bip01 Head" mass=1.00000 impulse=(-5467.801,-904.615,-3443.055) expected_vtable=00000000D1CA3750
tick=267668468 thread=18196 deferred_force_enter hit=345 actor=00000001615CBB60 method=00000000D1A67340
tick=267668468 thread=18196 deferred_actor_returned hit=345 actor=00000001615CBB60 call_returned=1
tick=267668468 thread=18196 deferred_actor_begin hit=345 actor=00000001615CB0E0 bone="Bip01 R UpperArm" mass=1.00000 impulse=(-73.229,-12.115,-46.112) expected_vtable=00000000D1CA3750
tick=267668468 thread=18196 deferred_force_enter hit=345 actor=00000001615CB0E0 method=00000000D1A67340
tick=267668468 thread=18196 deferred_actor_returned hit=345 actor=00000001615CB0E0 call_returned=1
tick=267668468 thread=18196 deferred_actor_begin hit=345 actor=00000001615C7F60 bone="Bip01 L Forearm" mass=1.00000 impulse=(-73.229,-12.115,-46.112) expected_vtable=00000000D1CA3750
tick=267668468 thread=18196 deferred_force_enter hit=345 actor=00000001615C7F60 method=00000000D1A67340
tick=267668468 thread=18196 deferred_actor_returned hit=345 actor=00000001615C7F60 call_returned=1
tick=267668468 thread=18196 deferred_actor_begin hit=345 actor=00000001615CA2A0 bone="Bip01 R Forearm" mass=1.00000 impulse=(-73.229,-12.115,-46.112) expected_vtable=00000000D1CA3750
tick=267668468 thread=18196 deferred_force_enter hit=345 actor=00000001615CA2A0 method=00000000D1A67340
tick=267668468 thread=18196 deferred_actor_returned hit=345 actor=00000001615CA2A0 call_returned=1
tick=267668468 thread=18196 deferred_apply_end hit=345
tick=267669703 thread=18196 deferred_apply_begin hit=350 owner=000000016D22E5D0 actors=2 age_ms=47 capture_thread=18196 planned_horizontal=7500.00 safety_scale=1.00000
tick=267669703 thread=18196 deferred_actor_begin hit=350 actor=00000001615CB260 bone="Bip01 L UpperArm" mass=1.00000 impulse=(4356.318,5.550,-5399.204) expected_vtable=00000000D1CA3750
tick=267669703 thread=18196 deferred_force_enter hit=350 actor=00000001615CB260 method=00000000D1A67340
tick=267669703 thread=18196 deferred_actor_returned hit=350 actor=00000001615CB260 call_returned=1
tick=267669703 thread=18196 deferred_actor_begin hit=350 actor=00000001615C9EE0 bone="Bip01 L Forearm" mass=1.00000 impulse=(353.215,0.450,-437.773) expected_vtable=00000000D1CA3750
tick=267669703 thread=18196 deferred_force_enter hit=350 actor=00000001615C9EE0 method=00000000D1A67340
tick=267669703 thread=18196 deferred_actor_returned hit=350 actor=00000001615C9EE0 call_returned=1
tick=267669703 thread=18196 deferred_apply_end hit=350
tick=267678734 thread=18196 deferred_apply_begin hit=377 owner=000000016D22E5D0 actors=4 age_ms=47 capture_thread=18196 planned_horizontal=3614.99 safety_scale=1.00000
tick=267678734 thread=18196 deferred_actor_begin hit=377 actor=00000001615C90A0 bone="Bip01 R Thigh" mass=1.00000 impulse=(105.253,0.225,-85.433) expected_vtable=00000000D1CA3750
tick=267678734 thread=18196 deferred_force_enter hit=377 actor=00000001615C90A0 method=00000000D1A67340
tick=267678734 thread=18196 deferred_actor_returned hit=377 actor=00000001615C90A0 call_returned=1
tick=267678734 thread=18196 deferred_actor_begin hit=377 actor=00000001615C9B20 bone="Bip01 R Calf" mass=1.00000 impulse=(2490.996,5.325,-2021.916) expected_vtable=00000000D1CA3750
tick=267678734 thread=18196 deferred_force_enter hit=377 actor=00000001615C9B20 method=00000000D1A67340
tick=267678734 thread=18196 deferred_actor_returned hit=377 actor=00000001615C9B20 call_returned=1
tick=267678734 thread=18196 deferred_actor_begin hit=377 actor=00000001615CB260 bone="Bip01 L UpperArm" mass=1.00000 impulse=(105.253,0.225,-85.433) expected_vtable=00000000D1CA3750
tick=267678734 thread=18196 deferred_force_enter hit=377 actor=00000001615CB260 method=00000000D1A67340
tick=267678734 thread=18196 deferred_actor_returned hit=377 actor=00000001615CB260 call_returned=1
tick=267678734 thread=18196 deferred_actor_begin hit=377 actor=00000001615C9EE0 bone="Bip01 L Forearm" mass=1.00000 impulse=(105.253,0.225,-85.433) expected_vtable=00000000D1CA3750
tick=267678734 thread=18196 deferred_force_enter hit=377 actor=00000001615C9EE0 method=00000000D1A67340
tick=267678750 thread=18196 deferred_actor_returned hit=377 actor=00000001615C9EE0 call_returned=1
tick=267678750 thread=18196 deferred_apply_end hit=377
tick=267678875 thread=18196 deferred_apply_begin hit=378 owner=000000016D1FB280 actors=4 age_ms=63 capture_thread=18196 planned_horizontal=5077.87 safety_scale=1.00000
tick=267678875 thread=18196 deferred_actor_begin hit=378 actor=00000001615AB2E0 bone="Bip01 L Thigh" mass=1.00000 impulse=(1245.995,5.325,-4330.936) expected_vtable=00000000D1CA3750
tick=267678875 thread=18196 deferred_force_enter hit=378 actor=00000001615AB2E0 method=00000000D1A67340
tick=267678875 thread=18196 deferred_actor_returned hit=378 actor=00000001615AB2E0 call_returned=1
tick=267678875 thread=18196 deferred_actor_begin hit=378 actor=00000001615AD1A0 bone="Bip01 L Calf" mass=1.00000 impulse=(52.648,0.225,-182.997) expected_vtable=00000000D1CA3750
tick=267678875 thread=18196 deferred_force_enter hit=378 actor=00000001615AD1A0 method=00000000D1A67340
tick=267678875 thread=18196 deferred_actor_returned hit=378 actor=00000001615AD1A0 call_returned=1
tick=267678875 thread=18196 deferred_actor_begin hit=378 actor=00000001615AC5A0 bone="Bip01 L UpperArm" mass=1.00000 impulse=(52.648,0.225,-182.997) expected_vtable=00000000D1CA3750
tick=267678875 thread=18196 deferred_force_enter hit=378 actor=00000001615AC5A0 method=00000000D1A67340
tick=267678875 thread=18196 deferred_actor_returned hit=378 actor=00000001615AC5A0 call_returned=1
tick=267678875 thread=18196 deferred_actor_begin hit=378 actor=00000001615AB9A0 bone="Bip01 L Forearm" mass=1.00000 impulse=(52.648,0.225,-182.997) expected_vtable=00000000D1CA3750
tick=267678875 thread=18196 deferred_force_enter hit=378 actor=00000001615AB9A0 method=00000000D1A67340
tick=267678875 thread=18196 deferred_actor_returned hit=378 actor=00000001615AB9A0 call_returned=1
tick=267678875 thread=18196 deferred_apply_end hit=378
tick=267686703 thread=18196 deferred_apply_begin hit=387 owner=00000001F782B1D8 actors=13 age_ms=47 capture_thread=18196 planned_horizontal=4155.83 safety_scale=1.00000
tick=267686703 thread=18196 deferred_actor_begin hit=387 actor=00000001615A7E60 bone="Bip01" mass=1.00000 impulse=(11.755,7.262,46.489) expected_vtable=00000000D1CA3750
tick=267686703 thread=18196 deferred_force_enter hit=387 actor=00000001615A7E60 method=00000000D1A67340
tick=267686703 thread=18196 deferred_actor_returned hit=387 actor=00000001615A7E60 call_returned=1
tick=267686703 thread=18196 deferred_actor_begin hit=387 actor=00000001615A9120 bone="Bip01 L Thigh" mass=1.00000 impulse=(11.755,7.262,46.489) expected_vtable=00000000D1CA3750
tick=267686703 thread=18196 deferred_force_enter hit=387 actor=00000001615A9120 method=00000000D1A67340
tick=267686703 thread=18196 deferred_actor_returned hit=387 actor=00000001615A9120 call_returned=1
tick=267686703 thread=18196 deferred_actor_begin hit=387 actor=00000001615A92A0 bone="Bip01 R Thigh" mass=1.00000 impulse=(11.755,7.262,46.489) expected_vtable=00000000D1CA3750
tick=267686703 thread=18196 deferred_force_enter hit=387 actor=00000001615A92A0 method=00000000D1A67340
tick=267686703 thread=18196 deferred_actor_returned hit=387 actor=00000001615A92A0 call_returned=1
tick=267686703 thread=18196 deferred_actor_begin hit=387 actor=00000001615AAB60 bone="Bip01 L Calf" mass=1.00000 impulse=(11.755,7.262,46.489) expected_vtable=00000000D1CA3750
tick=267686703 thread=18196 deferred_force_enter hit=387 actor=00000001615AAB60 method=00000000D1A67340
tick=267686703 thread=18196 deferred_actor_returned hit=387 actor=00000001615AAB60 call_returned=1
tick=267686703 thread=18196 deferred_actor_begin hit=387 actor=00000001615A82E0 bone="Bip01 R Calf" mass=1.00000 impulse=(11.755,7.262,46.489) expected_vtable=00000000D1CA3750
tick=267686703 thread=18196 deferred_force_enter hit=387 actor=00000001615A82E0 method=00000000D1A67340
tick=267686703 thread=18196 deferred_actor_returned hit=387 actor=00000001615A82E0 call_returned=1
tick=267686703 thread=18196 deferred_actor_begin hit=387 actor=00000001615AADA0 bone="Bip01 Spine1" mass=1.00000 impulse=(877.702,542.231,3471.163) expected_vtable=00000000D1CA3750
tick=267686703 thread=18196 deferred_force_enter hit=387 actor=00000001615AADA0 method=00000000D1A67340
tick=267686703 thread=18196 deferred_actor_returned hit=387 actor=00000001615AADA0 call_returned=1
tick=267686703 thread=18196 deferred_actor_begin hit=387 actor=00000001615A8BE0 bone="Bip01 Spine2" mass=1.00000 impulse=(11.755,7.262,46.489) expected_vtable=00000000D1CA3750
tick=267686703 thread=18196 deferred_force_enter hit=387 actor=00000001615A8BE0 method=00000000D1A67340
tick=267686703 thread=18196 deferred_actor_returned hit=387 actor=00000001615A8BE0 call_returned=1
tick=267686703 thread=18196 deferred_actor_begin hit=387 actor=00000001615AA3E0 bone="Bip01 Neck" mass=1.00000 impulse=(11.755,7.262,46.489) expected_vtable=00000000D1CA3750
tick=267686703 thread=18196 deferred_force_enter hit=387 actor=00000001615AA3E0 method=00000000D1A67340
tick=267686703 thread=18196 deferred_actor_returned hit=387 actor=00000001615AA3E0 call_returned=1
tick=267686703 thread=18196 deferred_actor_begin hit=387 actor=00000001615A8FA0 bone="Bip01 L UpperArm" mass=1.00000 impulse=(11.755,7.262,46.489) expected_vtable=00000000D1CA3750
tick=267686703 thread=18196 deferred_force_enter hit=387 actor=00000001615A8FA0 method=00000000D1A67340
tick=267686703 thread=18196 deferred_actor_returned hit=387 actor=00000001615A8FA0 call_returned=1
tick=267686703 thread=18196 deferred_actor_begin hit=387 actor=00000001615A86A0 bone="Bip01 Head" mass=1.00000 impulse=(11.755,7.262,46.489) expected_vtable=00000000D1CA3750
tick=267686703 thread=18196 deferred_force_enter hit=387 actor=00000001615A86A0 method=00000000D1A67340
tick=267686703 thread=18196 deferred_actor_returned hit=387 actor=00000001615A86A0 call_returned=1
tick=267686703 thread=18196 deferred_actor_begin hit=387 actor=00000001615A8820 bone="Bip01 R UpperArm" mass=1.00000 impulse=(11.755,7.262,46.489) expected_vtable=00000000D1CA3750
tick=267686703 thread=18196 deferred_force_enter hit=387 actor=00000001615A8820 method=00000000D1A67340
tick=267686703 thread=18196 deferred_actor_returned hit=387 actor=00000001615A8820 call_returned=1
tick=267686703 thread=18196 deferred_actor_begin hit=387 actor=00000001615AA6E0 bone="Bip01 L Forearm" mass=1.00000 impulse=(11.755,7.262,46.489) expected_vtable=00000000D1CA3750
tick=267686703 thread=18196 deferred_force_enter hit=387 actor=00000001615AA6E0 method=00000000D1A67340
tick=267686703 thread=18196 deferred_actor_returned hit=387 actor=00000001615AA6E0 call_returned=1
tick=267686703 thread=18196 deferred_actor_begin hit=387 actor=00000001615A94E0 bone="Bip01 R Forearm" mass=1.00000 impulse=(11.755,7.262,46.489) expected_vtable=00000000D1CA3750
tick=267686703 thread=18196 deferred_force_enter hit=387 actor=00000001615A94E0 method=00000000D1A67340
tick=267686703 thread=18196 deferred_actor_returned hit=387 actor=00000001615A94E0 call_returned=1
tick=267686703 thread=18196 deferred_apply_end hit=387
tick=267687000 thread=18196 deferred_apply_begin hit=389 owner=00000001F7A6FC70 actors=2 age_ms=47 capture_thread=18196 planned_horizontal=7500.00 safety_scale=1.00000
tick=267687000 thread=18196 deferred_actor_begin hit=389 actor=00000001615CD4E0 bone="Bip01 L UpperArm" mass=1.00000 impulse=(6416.606,5.550,2637.435) expected_vtable=00000000D1CA3750
tick=267687000 thread=18196 deferred_force_enter hit=389 actor=00000001615CD4E0 method=00000000D1A67340
tick=267687000 thread=18196 deferred_actor_returned hit=389 actor=00000001615CD4E0 call_returned=1
tick=267687000 thread=18196 deferred_actor_begin hit=389 actor=00000001615CCCA0 bone="Bip01 L Forearm" mass=1.00000 impulse=(520.265,0.450,213.846) expected_vtable=00000000D1CA3750
tick=267687000 thread=18196 deferred_force_enter hit=389 actor=00000001615CCCA0 method=00000000D1A67340
tick=267687000 thread=18196 deferred_actor_returned hit=389 actor=00000001615CCCA0 call_returned=1
tick=267687000 thread=18196 deferred_apply_end hit=389
tick=267687968 thread=18196 deferred_apply_begin hit=392 owner=00000001F7A6FC70 actors=13 age_ms=47 capture_thread=18196 planned_horizontal=2864.66 safety_scale=1.00000
tick=267687968 thread=18196 deferred_actor_begin hit=392 actor=00000001615AA9E0 bone="Bip01" mass=1.00000 impulse=(22.505,0.069,24.209) expected_vtable=00000000D1CA3750
tick=267687968 thread=18196 deferred_force_enter hit=392 actor=00000001615AA9E0 method=00000000D1A67340
tick=267687968 thread=18196 deferred_actor_returned hit=392 actor=00000001615AA9E0 call_returned=1
tick=267687968 thread=18196 deferred_actor_begin hit=392 actor=00000001615A9DE0 bone="Bip01 L Thigh" mass=1.00000 impulse=(22.505,0.069,24.209) expected_vtable=00000000D1CA3750
tick=267687968 thread=18196 deferred_force_enter hit=392 actor=00000001615A9DE0 method=00000000D1A67340
tick=267687984 thread=18196 deferred_actor_returned hit=392 actor=00000001615A9DE0 call_returned=1
tick=267687984 thread=18196 deferred_actor_begin hit=392 actor=00000001615AAF20 bone="Bip01 R Thigh" mass=1.00000 impulse=(22.505,0.069,24.209) expected_vtable=00000000D1CA3750
tick=267687984 thread=18196 deferred_force_enter hit=392 actor=00000001615AAF20 method=00000000D1A67340
tick=267687984 thread=18196 deferred_actor_returned hit=392 actor=00000001615AAF20 call_returned=1
tick=267687984 thread=18196 deferred_actor_begin hit=392 actor=00000001615ADB60 bone="Bip01 L Calf" mass=1.00000 impulse=(22.505,0.069,24.209) expected_vtable=00000000D1CA3750
tick=267687984 thread=18196 deferred_force_enter hit=392 actor=00000001615ADB60 method=00000000D1A67340
tick=267687984 thread=18196 deferred_actor_returned hit=392 actor=00000001615ADB60 call_returned=1
tick=267687984 thread=18196 deferred_actor_begin hit=392 actor=00000001615AB820 bone="Bip01 R Calf" mass=1.00000 impulse=(22.505,0.069,24.209) expected_vtable=00000000D1CA3750
tick=267687984 thread=18196 deferred_force_enter hit=392 actor=00000001615AB820 method=00000000D1A67340
tick=267687984 thread=18196 deferred_actor_returned hit=392 actor=00000001615AB820 call_returned=1
tick=267687984 thread=18196 deferred_actor_begin hit=392 actor=00000001615AC2A0 bone="Bip01 Spine1" mass=1.00000 impulse=(22.505,0.069,24.209) expected_vtable=00000000D1CA3750
tick=267687984 thread=18196 deferred_force_enter hit=392 actor=00000001615AC2A0 method=00000000D1A67340
tick=267687984 thread=18196 deferred_actor_returned hit=392 actor=00000001615AC2A0 call_returned=1
tick=267687984 thread=18196 deferred_actor_begin hit=392 actor=00000001615AF5A0 bone="Bip01 Spine2" mass=1.00000 impulse=(1680.398,5.169,1807.584) expected_vtable=00000000D1CA3750
tick=267687984 thread=18196 deferred_force_enter hit=392 actor=00000001615AF5A0 method=00000000D1A67340
tick=267687984 thread=18196 deferred_actor_returned hit=392 actor=00000001615AF5A0 call_returned=1
tick=267687984 thread=18196 deferred_actor_begin hit=392 actor=00000001615CDD20 bone="Bip01 Neck" mass=1.00000 impulse=(22.505,0.069,24.209) expected_vtable=00000000D1CA3750
tick=267687984 thread=18196 deferred_force_enter hit=392 actor=00000001615CDD20 method=00000000D1A67340
tick=267687984 thread=18196 deferred_actor_returned hit=392 actor=00000001615CDD20 call_returned=1
tick=267687984 thread=18196 deferred_actor_begin hit=392 actor=00000001615CD4E0 bone="Bip01 L UpperArm" mass=1.00000 impulse=(22.505,0.069,24.209) expected_vtable=00000000D1CA3750
tick=267687984 thread=18196 deferred_force_enter hit=392 actor=00000001615CD4E0 method=00000000D1A67340
tick=267687984 thread=18196 deferred_actor_returned hit=392 actor=00000001615CD4E0 call_returned=1
tick=267687984 thread=18196 deferred_actor_begin hit=392 actor=00000001615CD060 bone="Bip01 Head" mass=1.00000 impulse=(22.505,0.069,24.209) expected_vtable=00000000D1CA3750
tick=267687984 thread=18196 deferred_force_enter hit=392 actor=00000001615CD060 method=00000000D1A67340
tick=267687984 thread=18196 deferred_actor_returned hit=392 actor=00000001615CD060 call_returned=1
tick=267687984 thread=18196 deferred_actor_begin hit=392 actor=00000001615CE020 bone="Bip01 R UpperArm" mass=1.00000 impulse=(22.505,0.069,24.209) expected_vtable=00000000D1CA3750
tick=267687984 thread=18196 deferred_force_enter hit=392 actor=00000001615CE020 method=00000000D1A67340
tick=267687984 thread=18196 deferred_actor_returned hit=392 actor=00000001615CE020 call_returned=1
tick=267687984 thread=18196 deferred_actor_begin hit=392 actor=00000001615CCCA0 bone="Bip01 L Forearm" mass=1.00000 impulse=(22.505,0.069,24.209) expected_vtable=00000000D1CA3750
tick=267687984 thread=18196 deferred_force_enter hit=392 actor=00000001615CCCA0 method=00000000D1A67340
tick=267687984 thread=18196 deferred_actor_returned hit=392 actor=00000001615CCCA0 call_returned=1
tick=267687984 thread=18196 deferred_actor_begin hit=392 actor=00000001615CD960 bone="Bip01 R Forearm" mass=1.00000 impulse=(22.505,0.069,24.209) expected_vtable=00000000D1CA3750
tick=267687984 thread=18196 deferred_force_enter hit=392 actor=00000001615CD960 method=00000000D1A67340
tick=267687984 thread=18196 deferred_actor_returned hit=392 actor=00000001615CD960 call_returned=1
tick=267687984 thread=18196 deferred_apply_end hit=392
tick=267688234 thread=18196 deferred_apply_begin hit=395 owner=000000016D201150 actors=2 age_ms=47 capture_thread=18196 planned_horizontal=2597.25 safety_scale=1.00000
tick=267688234 thread=18196 deferred_actor_begin hit=395 actor=00000001615CEC20 bone="Bip01 R UpperArm" mass=1.00000 impulse=(-1997.096,5.550,-1335.444) expected_vtable=00000000D1CA3750
tick=267688234 thread=18196 deferred_force_enter hit=395 actor=00000001615CEC20 method=00000000D1A67340
tick=267688234 thread=18196 deferred_actor_returned hit=395 actor=00000001615CEC20 call_returned=1
tick=267688234 thread=18196 deferred_actor_begin hit=395 actor=00000001615CECE0 bone="Bip01 R Forearm" mass=1.00000 impulse=(-161.927,0.450,-108.279) expected_vtable=00000000D1CA3750
tick=267688234 thread=18196 deferred_force_enter hit=395 actor=00000001615CECE0 method=00000000D1A67340
tick=267688234 thread=18196 deferred_actor_returned hit=395 actor=00000001615CECE0 call_returned=1
tick=267688234 thread=18196 deferred_apply_end hit=395
tick=267690703 thread=18196 deferred_apply_begin hit=398 owner=000000016D201150 actors=13 age_ms=47 capture_thread=18196 planned_horizontal=2862.95 safety_scale=1.00000
tick=267690703 thread=18196 deferred_actor_begin hit=398 actor=00000001615CD120 bone="Bip01" mass=1.00000 impulse=(17.702,0.069,-27.891) expected_vtable=00000000D1CA3750
tick=267690703 thread=18196 deferred_force_enter hit=398 actor=00000001615CD120 method=00000000D1A67340
tick=267690703 thread=18196 deferred_actor_returned hit=398 actor=00000001615CD120 call_returned=1
tick=267690703 thread=18196 deferred_actor_begin hit=398 actor=00000001615CC2E0 bone="Bip01 L Thigh" mass=1.00000 impulse=(17.702,0.069,-27.891) expected_vtable=00000000D1CA3750
tick=267690703 thread=18196 deferred_force_enter hit=398 actor=00000001615CC2E0 method=00000000D1A67340
tick=267690703 thread=18196 deferred_actor_returned hit=398 actor=00000001615CC2E0 call_returned=1
tick=267690703 thread=18196 deferred_actor_begin hit=398 actor=00000001615CBFE0 bone="Bip01 R Thigh" mass=1.00000 impulse=(17.702,0.069,-27.891) expected_vtable=00000000D1CA3750
tick=267690703 thread=18196 deferred_force_enter hit=398 actor=00000001615CBFE0 method=00000000D1A67340
tick=267690703 thread=18196 deferred_actor_returned hit=398 actor=00000001615CBFE0 call_returned=1
tick=267690703 thread=18196 deferred_actor_begin hit=398 actor=00000001615CD2A0 bone="Bip01 L Calf" mass=1.00000 impulse=(17.702,0.069,-27.891) expected_vtable=00000000D1CA3750
tick=267690703 thread=18196 deferred_force_enter hit=398 actor=00000001615CD2A0 method=00000000D1A67340
tick=267690703 thread=18196 deferred_actor_returned hit=398 actor=00000001615CD2A0 call_returned=1
tick=267690703 thread=18196 deferred_actor_begin hit=398 actor=00000001615CE320 bone="Bip01 R Calf" mass=1.00000 impulse=(17.702,0.069,-27.891) expected_vtable=00000000D1CA3750
tick=267690703 thread=18196 deferred_force_enter hit=398 actor=00000001615CE320 method=00000000D1A67340
tick=267690703 thread=18196 deferred_actor_returned hit=398 actor=00000001615CE320 call_returned=1
tick=267690703 thread=18196 deferred_actor_begin hit=398 actor=00000001615CE3E0 bone="Bip01 Spine1" mass=1.00000 impulse=(17.702,0.069,-27.891) expected_vtable=00000000D1CA3750
tick=267690703 thread=18196 deferred_force_enter hit=398 actor=00000001615CE3E0 method=00000000D1A67340
tick=267690703 thread=18196 deferred_actor_returned hit=398 actor=00000001615CE3E0 call_returned=1
tick=267690703 thread=18196 deferred_actor_begin hit=398 actor=00000001615CE620 bone="Bip01 Spine2" mass=1.00000 impulse=(1321.752,5.169,-2082.500) expected_vtable=00000000D1CA3750
tick=267690703 thread=18196 deferred_force_enter hit=398 actor=00000001615CE620 method=00000000D1A67340
tick=267690703 thread=18196 deferred_actor_returned hit=398 actor=00000001615CE620 call_returned=1
tick=267690703 thread=18196 deferred_actor_begin hit=398 actor=00000001615CE9E0 bone="Bip01 Neck" mass=1.00000 impulse=(17.702,0.069,-27.891) expected_vtable=00000000D1CA3750
tick=267690703 thread=18196 deferred_force_enter hit=398 actor=00000001615CE9E0 method=00000000D1A67340
tick=267690703 thread=18196 deferred_actor_returned hit=398 actor=00000001615CE9E0 call_returned=1
tick=267690703 thread=18196 deferred_actor_begin hit=398 actor=00000001615CBE60 bone="Bip01 L UpperArm" mass=1.00000 impulse=(17.702,0.069,-27.891) expected_vtable=00000000D1CA3750
tick=267690703 thread=18196 deferred_force_enter hit=398 actor=00000001615CBE60 method=00000000D1A67340
tick=267690703 thread=18196 deferred_actor_returned hit=398 actor=00000001615CBE60 call_returned=1
tick=267690703 thread=18196 deferred_actor_begin hit=398 actor=00000001615CEAA0 bone="Bip01 Head" mass=1.00000 impulse=(17.702,0.069,-27.891) expected_vtable=00000000D1CA3750
tick=267690703 thread=18196 deferred_force_enter hit=398 actor=00000001615CEAA0 method=00000000D1A67340
tick=267690703 thread=18196 deferred_actor_returned hit=398 actor=00000001615CEAA0 call_returned=1
tick=267690703 thread=18196 deferred_actor_begin hit=398 actor=00000001615CEC20 bone="Bip01 R UpperArm" mass=1.00000 impulse=(17.702,0.069,-27.891) expected_vtable=00000000D1CA3750
tick=267690703 thread=18196 deferred_force_enter hit=398 actor=00000001615CEC20 method=00000000D1A67340
tick=267690703 thread=18196 deferred_actor_returned hit=398 actor=00000001615CEC20 call_returned=1
tick=267690703 thread=18196 deferred_actor_begin hit=398 actor=00000001615CE920 bone="Bip01 L Forearm" mass=1.00000 impulse=(17.702,0.069,-27.891) expected_vtable=00000000D1CA3750
tick=267690703 thread=18196 deferred_force_enter hit=398 actor=00000001615CE920 method=00000000D1A67340
tick=267690703 thread=18196 deferred_actor_returned hit=398 actor=00000001615CE920 call_returned=1
tick=267690703 thread=18196 deferred_actor_begin hit=398 actor=00000001615CECE0 bone="Bip01 R Forearm" mass=1.00000 impulse=(17.702,0.069,-27.891) expected_vtable=00000000D1CA3750
tick=267690703 thread=18196 deferred_force_enter hit=398 actor=00000001615CECE0 method=00000000D1A67340
tick=267690703 thread=18196 deferred_actor_returned hit=398 actor=00000001615CECE0 call_returned=1
tick=267690703 thread=18196 deferred_apply_end hit=398
tick=267691109 thread=18196 deferred_apply_begin hit=402 owner=000000016D1EA8A0 actors=13 age_ms=47 capture_thread=18196 planned_horizontal=6094.17 safety_scale=1.00000
tick=267691109 thread=18196 deferred_actor_begin hit=402 actor=00000001615BBAE0 bone="Bip01" mass=1.00000 impulse=(-18.332,0.069,-67.886) expected_vtable=00000000D1CA3750
tick=267691109 thread=18196 deferred_force_enter hit=402 actor=00000001615BBAE0 method=00000000D1A67340
tick=267691109 thread=18196 deferred_actor_returned hit=402 actor=00000001615BBAE0 call_returned=1
tick=267691109 thread=18196 deferred_actor_begin hit=402 actor=00000001615BA160 bone="Bip01 L Thigh" mass=1.00000 impulse=(-18.332,0.069,-67.886) expected_vtable=00000000D1CA3750
tick=267691109 thread=18196 deferred_force_enter hit=402 actor=00000001615BA160 method=00000000D1A67340
tick=267691109 thread=18196 deferred_actor_returned hit=402 actor=00000001615BA160 call_returned=1
tick=267691109 thread=18196 deferred_actor_begin hit=402 actor=00000001615CC460 bone="Bip01 R Thigh" mass=1.00000 impulse=(-18.332,0.069,-67.886) expected_vtable=00000000D1CA3750
tick=267691109 thread=18196 deferred_force_enter hit=402 actor=00000001615CC460 method=00000000D1A67340
tick=267691109 thread=18196 deferred_actor_returned hit=402 actor=00000001615CC460 call_returned=1
tick=267691109 thread=18196 deferred_actor_begin hit=402 actor=00000001615CC3A0 bone="Bip01 L Calf" mass=1.00000 impulse=(-18.332,0.069,-67.886) expected_vtable=00000000D1CA3750
tick=267691109 thread=18196 deferred_force_enter hit=402 actor=00000001615CC3A0 method=00000000D1A67340
tick=267691109 thread=18196 deferred_actor_returned hit=402 actor=00000001615CC3A0 call_returned=1
tick=267691109 thread=18196 deferred_actor_begin hit=402 actor=00000001615CC6A0 bone="Bip01 R Calf" mass=1.00000 impulse=(-18.332,0.069,-67.886) expected_vtable=00000000D1CA3750
tick=267691109 thread=18196 deferred_force_enter hit=402 actor=00000001615CC6A0 method=00000000D1A67340
tick=267691109 thread=18196 deferred_actor_returned hit=402 actor=00000001615CC6A0 call_returned=1
tick=267691109 thread=18196 deferred_actor_begin hit=402 actor=00000001615D1DA0 bone="Bip01 Spine1" mass=1.00000 impulse=(-18.332,0.069,-67.886) expected_vtable=00000000D1CA3750
tick=267691109 thread=18196 deferred_force_enter hit=402 actor=00000001615D1DA0 method=00000000D1A67340
tick=267691109 thread=18196 deferred_actor_returned hit=402 actor=00000001615D1DA0 call_returned=1
tick=267691109 thread=18196 deferred_actor_begin hit=402 actor=00000001615D17A0 bone="Bip01 Spine2" mass=1.00000 impulse=(-18.332,0.069,-67.886) expected_vtable=00000000D1CA3750
tick=267691109 thread=18196 deferred_force_enter hit=402 actor=00000001615D17A0 method=00000000D1A67340
tick=267691109 thread=18196 deferred_actor_returned hit=402 actor=00000001615D17A0 call_returned=1
tick=267691109 thread=18196 deferred_actor_begin hit=402 actor=00000001615D14A0 bone="Bip01 Neck" mass=1.00000 impulse=(-18.332,0.069,-67.886) expected_vtable=00000000D1CA3750
tick=267691109 thread=18196 deferred_force_enter hit=402 actor=00000001615D14A0 method=00000000D1A67340
tick=267691125 thread=18196 deferred_actor_returned hit=402 actor=00000001615D14A0 call_returned=1
tick=267691125 thread=18196 deferred_actor_begin hit=402 actor=00000001615D0720 bone="Bip01 L UpperArm" mass=1.00000 impulse=(-18.332,0.069,-67.886) expected_vtable=00000000D1CA3750
tick=267691125 thread=18196 deferred_force_enter hit=402 actor=00000001615D0720 method=00000000D1A67340
tick=267691125 thread=18196 deferred_actor_returned hit=402 actor=00000001615D0720 call_returned=1
tick=267691125 thread=18196 deferred_actor_begin hit=402 actor=00000001615D1920 bone="Bip01 Head" mass=1.00000 impulse=(-1368.817,5.169,-5068.795) expected_vtable=00000000D1CA3750
tick=267691125 thread=18196 deferred_force_enter hit=402 actor=00000001615D1920 method=00000000D1A67340
tick=267691125 thread=18196 deferred_actor_returned hit=402 actor=00000001615D1920 call_returned=1
tick=267691125 thread=18196 deferred_actor_begin hit=402 actor=00000001615CFA60 bone="Bip01 R UpperArm" mass=1.00000 impulse=(-18.332,0.069,-67.886) expected_vtable=00000000D1CA3750
tick=267691125 thread=18196 deferred_force_enter hit=402 actor=00000001615CFA60 method=00000000D1A67340
tick=267691125 thread=18196 deferred_actor_returned hit=402 actor=00000001615CFA60 call_returned=1
tick=267691125 thread=18196 deferred_actor_begin hit=402 actor=00000001615D0120 bone="Bip01 L Forearm" mass=1.00000 impulse=(-18.332,0.069,-67.886) expected_vtable=00000000D1CA3750
tick=267691125 thread=18196 deferred_force_enter hit=402 actor=00000001615D0120 method=00000000D1A67340
tick=267691125 thread=18196 deferred_actor_returned hit=402 actor=00000001615D0120 call_returned=1
tick=267691125 thread=18196 deferred_actor_begin hit=402 actor=00000001615D04E0 bone="Bip01 R Forearm" mass=1.00000 impulse=(-18.332,0.069,-67.886) expected_vtable=00000000D1CA3750
tick=267691125 thread=18196 deferred_force_enter hit=402 actor=00000001615D04E0 method=00000000D1A67340
tick=267691125 thread=18196 deferred_actor_returned hit=402 actor=00000001615D04E0 call_returned=1
tick=267691125 thread=18196 deferred_apply_end hit=402
tick=267695421 thread=18196 deferred_apply_begin hit=404 owner=000000016D2347C0 actors=13 age_ms=46 capture_thread=18196 planned_horizontal=7500.00 safety_scale=1.00000
tick=267695421 thread=18196 deferred_actor_begin hit=404 actor=000000016159B920 bone="Bip01" mass=1.00000 impulse=(18.991,-12.115,84.429) expected_vtable=00000000D1CA3750
tick=267695421 thread=18196 deferred_force_enter hit=404 actor=000000016159B920 method=00000000D1A67340
tick=267695421 thread=18196 deferred_actor_returned hit=404 actor=000000016159B920 call_returned=1
tick=267695421 thread=18196 deferred_actor_begin hit=404 actor=000000016159A7E0 bone="Bip01 L Thigh" mass=1.00000 impulse=(18.991,-12.115,84.429) expected_vtable=00000000D1CA3750
tick=267695421 thread=18196 deferred_force_enter hit=404 actor=000000016159A7E0 method=00000000D1A67340
tick=267695421 thread=18196 deferred_actor_returned hit=404 actor=000000016159A7E0 call_returned=1
tick=267695421 thread=18196 deferred_actor_begin hit=404 actor=000000016159DDE0 bone="Bip01 R Thigh" mass=1.00000 impulse=(18.991,-12.115,84.429) expected_vtable=00000000D1CA3750
tick=267695421 thread=18196 deferred_force_enter hit=404 actor=000000016159DDE0 method=00000000D1A67340
tick=267695421 thread=18196 deferred_actor_returned hit=404 actor=000000016159DDE0 call_returned=1
tick=267695421 thread=18196 deferred_actor_begin hit=404 actor=000000016159B0E0 bone="Bip01 L Calf" mass=1.00000 impulse=(18.991,-12.115,84.429) expected_vtable=00000000D1CA3750
tick=267695421 thread=18196 deferred_force_enter hit=404 actor=000000016159B0E0 method=00000000D1A67340
tick=267695421 thread=18196 deferred_actor_returned hit=404 actor=000000016159B0E0 call_returned=1
tick=267695421 thread=18196 deferred_actor_begin hit=404 actor=000000016159EB60 bone="Bip01 R Calf" mass=1.00000 impulse=(18.991,-12.115,84.429) expected_vtable=00000000D1CA3750
tick=267695421 thread=18196 deferred_force_enter hit=404 actor=000000016159EB60 method=00000000D1A67340
tick=267695421 thread=18196 deferred_actor_returned hit=404 actor=000000016159EB60 call_returned=1
tick=267695421 thread=18196 deferred_actor_begin hit=404 actor=00000001615A5EE0 bone="Bip01 Spine1" mass=1.00000 impulse=(18.991,-12.115,84.429) expected_vtable=00000000D1CA3750
tick=267695421 thread=18196 deferred_force_enter hit=404 actor=00000001615A5EE0 method=00000000D1A67340
tick=267695421 thread=18196 deferred_actor_returned hit=404 actor=00000001615A5EE0 call_returned=1
tick=267695421 thread=18196 deferred_actor_begin hit=404 actor=00000001615A74A0 bone="Bip01 Spine2" mass=1.00000 impulse=(1418.020,-904.615,6304.022) expected_vtable=00000000D1CA3750
tick=267695421 thread=18196 deferred_force_enter hit=404 actor=00000001615A74A0 method=00000000D1A67340
tick=267695437 thread=18196 deferred_actor_returned hit=404 actor=00000001615A74A0 call_returned=1
tick=267695437 thread=18196 deferred_actor_begin hit=404 actor=00000001615A5FA0 bone="Bip01 Neck" mass=1.00000 impulse=(18.991,-12.115,84.429) expected_vtable=00000000D1CA3750
tick=267695437 thread=18196 deferred_force_enter hit=404 actor=00000001615A5FA0 method=00000000D1A67340
tick=267695437 thread=18196 deferred_actor_returned hit=404 actor=00000001615A5FA0 call_returned=1
tick=267695437 thread=18196 deferred_actor_begin hit=404 actor=00000001615A4FE0 bone="Bip01 L UpperArm" mass=1.00000 impulse=(18.991,-12.115,84.429) expected_vtable=00000000D1CA3750
tick=267695437 thread=18196 deferred_force_enter hit=404 actor=00000001615A4FE0 method=00000000D1A67340
tick=267695437 thread=18196 deferred_actor_returned hit=404 actor=00000001615A4FE0 call_returned=1
tick=267695437 thread=18196 deferred_actor_begin hit=404 actor=00000001615A67E0 bone="Bip01 Head" mass=1.00000 impulse=(18.991,-12.115,84.429) expected_vtable=00000000D1CA3750
tick=267695437 thread=18196 deferred_force_enter hit=404 actor=00000001615A67E0 method=00000000D1A67340
tick=267695437 thread=18196 deferred_actor_returned hit=404 actor=00000001615A67E0 call_returned=1
tick=267695437 thread=18196 deferred_actor_begin hit=404 actor=00000001615A76E0 bone="Bip01 R UpperArm" mass=1.00000 impulse=(18.991,-12.115,84.429) expected_vtable=00000000D1CA3750
tick=267695437 thread=18196 deferred_force_enter hit=404 actor=00000001615A76E0 method=00000000D1A67340
tick=267695437 thread=18196 deferred_actor_returned hit=404 actor=00000001615A76E0 call_returned=1
tick=267695437 thread=18196 deferred_actor_begin hit=404 actor=00000001615A7560 bone="Bip01 L Forearm" mass=1.00000 impulse=(18.991,-12.115,84.429) expected_vtable=00000000D1CA3750
tick=267695437 thread=18196 deferred_force_enter hit=404 actor=00000001615A7560 method=00000000D1A67340
tick=267695437 thread=18196 deferred_actor_returned hit=404 actor=00000001615A7560 call_returned=1
tick=267695437 thread=18196 deferred_actor_begin hit=404 actor=00000001615A77A0 bone="Bip01 R Forearm" mass=1.00000 impulse=(18.991,-12.115,84.429) expected_vtable=00000000D1CA3750
tick=267695437 thread=18196 deferred_force_enter hit=404 actor=00000001615A77A0 method=00000000D1A67340
tick=267695437 thread=18196 deferred_actor_returned hit=404 actor=00000001615A77A0 call_returned=1
tick=267695437 thread=18196 deferred_apply_end hit=404
tick=267712328 thread=18196 deferred_apply_begin hit=406 owner=000000016D1FB280 actors=13 age_ms=47 capture_thread=18196 planned_horizontal=3234.50 safety_scale=1.00000
tick=267712328 thread=18196 deferred_actor_begin hit=406 actor=00000001615AD0E0 bone="Bip01" mass=1.00000 impulse=(-36.290,0.069,8.713) expected_vtable=00000000D1CA3750
tick=267712328 thread=18196 deferred_force_enter hit=406 actor=00000001615AD0E0 method=00000000D1A67340
tick=267712328 thread=18196 deferred_actor_returned hit=406 actor=00000001615AD0E0 call_returned=1
tick=267712328 thread=18196 deferred_actor_begin hit=406 actor=00000001615AB2E0 bone="Bip01 L Thigh" mass=1.00000 impulse=(-36.290,0.069,8.713) expected_vtable=00000000D1CA3750
tick=267712328 thread=18196 deferred_force_enter hit=406 actor=00000001615AB2E0 method=00000000D1A67340
tick=267712343 thread=18196 deferred_actor_returned hit=406 actor=00000001615AB2E0 call_returned=1
tick=267712343 thread=18196 deferred_actor_begin hit=406 actor=00000001615AC4E0 bone="Bip01 R Thigh" mass=1.00000 impulse=(-36.290,0.069,8.713) expected_vtable=00000000D1CA3750
tick=267712343 thread=18196 deferred_force_enter hit=406 actor=00000001615AC4E0 method=00000000D1A67340
tick=267712343 thread=18196 deferred_actor_returned hit=406 actor=00000001615AC4E0 call_returned=1
tick=267712343 thread=18196 deferred_actor_begin hit=406 actor=00000001615AD1A0 bone="Bip01 L Calf" mass=1.00000 impulse=(-36.290,0.069,8.713) expected_vtable=00000000D1CA3750
tick=267712343 thread=18196 deferred_force_enter hit=406 actor=00000001615AD1A0 method=00000000D1A67340
tick=267712343 thread=18196 deferred_actor_returned hit=406 actor=00000001615AD1A0 call_returned=1
tick=267712343 thread=18196 deferred_actor_begin hit=406 actor=00000001615AD9E0 bone="Bip01 R Calf" mass=1.00000 impulse=(-36.290,0.069,8.713) expected_vtable=00000000D1CA3750
tick=267712343 thread=18196 deferred_force_enter hit=406 actor=00000001615AD9E0 method=00000000D1A67340
tick=267712343 thread=18196 deferred_actor_returned hit=406 actor=00000001615AD9E0 call_returned=1
tick=267712343 thread=18196 deferred_actor_begin hit=406 actor=00000001615AC7E0 bone="Bip01 Spine1" mass=1.00000 impulse=(-36.290,0.069,8.713) expected_vtable=00000000D1CA3750
tick=267712343 thread=18196 deferred_force_enter hit=406 actor=00000001615AC7E0 method=00000000D1A67340
tick=267712343 thread=18196 deferred_actor_returned hit=406 actor=00000001615AC7E0 call_returned=1
tick=267712343 thread=18196 deferred_actor_begin hit=406 actor=00000001615ADAA0 bone="Bip01 Spine2" mass=1.00000 impulse=(-36.290,0.069,8.713) expected_vtable=00000000D1CA3750
tick=267712343 thread=18196 deferred_force_enter hit=406 actor=00000001615ADAA0 method=00000000D1A67340
tick=267712343 thread=18196 deferred_actor_returned hit=406 actor=00000001615ADAA0 call_returned=1
tick=267712343 thread=18196 deferred_actor_begin hit=406 actor=00000001615ABA60 bone="Bip01 Neck" mass=1.00000 impulse=(-36.290,0.069,8.713) expected_vtable=00000000D1CA3750
tick=267712343 thread=18196 deferred_force_enter hit=406 actor=00000001615ABA60 method=00000000D1A67340
tick=267712343 thread=18196 deferred_actor_returned hit=406 actor=00000001615ABA60 call_returned=1
tick=267712343 thread=18196 deferred_actor_begin hit=406 actor=00000001615AC5A0 bone="Bip01 L UpperArm" mass=1.00000 impulse=(-36.290,0.069,8.713) expected_vtable=00000000D1CA3750
tick=267712343 thread=18196 deferred_force_enter hit=406 actor=00000001615AC5A0 method=00000000D1A67340
tick=267712343 thread=18196 deferred_actor_returned hit=406 actor=00000001615AC5A0 call_returned=1
tick=267712343 thread=18196 deferred_actor_begin hit=406 actor=00000001615ABD60 bone="Bip01 Head" mass=1.00000 impulse=(-36.290,0.069,8.713) expected_vtable=00000000D1CA3750
tick=267712343 thread=18196 deferred_force_enter hit=406 actor=00000001615ABD60 method=00000000D1A67340
tick=267712343 thread=18196 deferred_actor_returned hit=406 actor=00000001615ABD60 call_returned=1
tick=267712343 thread=18196 deferred_actor_begin hit=406 actor=00000001615ABEE0 bone="Bip01 R UpperArm" mass=1.00000 impulse=(-36.290,0.069,8.713) expected_vtable=00000000D1CA3750
tick=267712343 thread=18196 deferred_force_enter hit=406 actor=00000001615ABEE0 method=00000000D1A67340
tick=267712343 thread=18196 deferred_actor_returned hit=406 actor=00000001615ABEE0 call_returned=1
tick=267712343 thread=18196 deferred_actor_begin hit=406 actor=00000001615AB9A0 bone="Bip01 L Forearm" mass=1.00000 impulse=(-2709.642,5.169,650.553) expected_vtable=00000000D1CA3750
tick=267712343 thread=18196 deferred_force_enter hit=406 actor=00000001615AB9A0 method=00000000D1A67340
tick=267712343 thread=18196 deferred_actor_returned hit=406 actor=00000001615AB9A0 call_returned=1
tick=267712343 thread=18196 deferred_actor_begin hit=406 actor=00000001615AD260 bone="Bip01 R Forearm" mass=1.00000 impulse=(-36.290,0.069,8.713) expected_vtable=00000000D1CA3750
tick=267712343 thread=18196 deferred_force_enter hit=406 actor=00000001615AD260 method=00000000D1A67340
tick=267712343 thread=18196 deferred_actor_returned hit=406 actor=00000001615AD260 call_returned=1
tick=267712343 thread=18196 deferred_apply_end hit=406
tick=267712468 thread=18196 deferred_apply_begin hit=409 owner=000000016D021748 actors=13 age_ms=47 capture_thread=18196 planned_horizontal=7500.00 safety_scale=1.00000
tick=267712468 thread=18196 deferred_actor_begin hit=409 actor=0000000161066870 bone="Bip01" mass=1.00000 impulse=(-58.995,0.069,63.312) expected_vtable=00000000D1CA3750
tick=267712468 thread=18196 deferred_force_enter hit=409 actor=0000000161066870 method=00000000D1A67340
tick=267712468 thread=18196 deferred_actor_returned hit=409 actor=0000000161066870 call_returned=1
tick=267712468 thread=18196 deferred_actor_begin hit=409 actor=00000001610648F0 bone="Bip01 L Thigh" mass=1.00000 impulse=(-58.995,0.069,63.312) expected_vtable=00000000D1CA3750
tick=267712468 thread=18196 deferred_force_enter hit=409 actor=00000001610648F0 method=00000000D1A67340
tick=267712468 thread=18196 deferred_actor_returned hit=409 actor=00000001610648F0 call_returned=1
tick=267712468 thread=18196 deferred_actor_begin hit=409 actor=00000001610651F0 bone="Bip01 R Thigh" mass=1.00000 impulse=(-58.995,0.069,63.312) expected_vtable=00000000D1CA3750
tick=267712468 thread=18196 deferred_force_enter hit=409 actor=00000001610651F0 method=00000000D1A67340
tick=267712484 thread=18196 deferred_actor_returned hit=409 actor=00000001610651F0 call_returned=1
tick=267712484 thread=18196 deferred_actor_begin hit=409 actor=00000001610642F0 bone="Bip01 L Calf" mass=1.00000 impulse=(-58.995,0.069,63.312) expected_vtable=00000000D1CA3750
tick=267712484 thread=18196 deferred_force_enter hit=409 actor=00000001610642F0 method=00000000D1A67340
tick=267712484 thread=18196 deferred_actor_returned hit=409 actor=00000001610642F0 call_returned=1
tick=267712484 thread=18196 deferred_actor_begin hit=409 actor=00000001610657F0 bone="Bip01 R Calf" mass=1.00000 impulse=(-58.995,0.069,63.312) expected_vtable=00000000D1CA3750
tick=267712484 thread=18196 deferred_force_enter hit=409 actor=00000001610657F0 method=00000000D1A67340
tick=267712484 thread=18196 deferred_actor_returned hit=409 actor=00000001610657F0 call_returned=1
tick=267712484 thread=18196 deferred_actor_begin hit=409 actor=0000000161064470 bone="Bip01 Spine1" mass=1.00000 impulse=(-58.995,0.069,63.312) expected_vtable=00000000D1CA3750
tick=267712484 thread=18196 deferred_force_enter hit=409 actor=0000000161064470 method=00000000D1A67340
tick=267712484 thread=18196 deferred_actor_returned hit=409 actor=0000000161064470 call_returned=1
tick=267712484 thread=18196 deferred_actor_begin hit=409 actor=00000001610649B0 bone="Bip01 Spine2" mass=1.00000 impulse=(-4404.989,5.169,4727.320) expected_vtable=00000000D1CA3750
tick=267712484 thread=18196 deferred_force_enter hit=409 actor=00000001610649B0 method=00000000D1A67340
tick=267712484 thread=18196 deferred_actor_returned hit=409 actor=00000001610649B0 call_returned=1
tick=267712484 thread=18196 deferred_actor_begin hit=409 actor=0000000161064D70 bone="Bip01 Neck" mass=1.00000 impulse=(-58.995,0.069,63.312) expected_vtable=00000000D1CA3750
tick=267712484 thread=18196 deferred_force_enter hit=409 actor=0000000161064D70 method=00000000D1A67340
tick=267712484 thread=18196 deferred_actor_returned hit=409 actor=0000000161064D70 call_returned=1
tick=267712484 thread=18196 deferred_actor_begin hit=409 actor=0000000161064B30 bone="Bip01 L UpperArm" mass=1.00000 impulse=(-58.995,0.069,63.312) expected_vtable=00000000D1CA3750
tick=267712484 thread=18196 deferred_force_enter hit=409 actor=0000000161064B30 method=00000000D1A67340
tick=267712484 thread=18196 deferred_actor_returned hit=409 actor=0000000161064B30 call_returned=1
tick=267712484 thread=18196 deferred_actor_begin hit=409 actor=0000000161064E30 bone="Bip01 Head" mass=1.00000 impulse=(-58.995,0.069,63.312) expected_vtable=00000000D1CA3750
tick=267712484 thread=18196 deferred_force_enter hit=409 actor=0000000161064E30 method=00000000D1A67340
tick=267712484 thread=18196 deferred_actor_returned hit=409 actor=0000000161064E30 call_returned=1
tick=267712484 thread=18196 deferred_actor_begin hit=409 actor=0000000161065D30 bone="Bip01 R UpperArm" mass=1.00000 impulse=(-58.995,0.069,63.312) expected_vtable=00000000D1CA3750
tick=267712484 thread=18196 deferred_force_enter hit=409 actor=0000000161065D30 method=00000000D1A67340
tick=267712484 thread=18196 deferred_actor_returned hit=409 actor=0000000161065D30 call_returned=1
tick=267712484 thread=18196 deferred_actor_begin hit=409 actor=0000000161064CB0 bone="Bip01 L Forearm" mass=1.00000 impulse=(-58.995,0.069,63.312) expected_vtable=00000000D1CA3750
tick=267712484 thread=18196 deferred_force_enter hit=409 actor=0000000161064CB0 method=00000000D1A67340
tick=267712484 thread=18196 deferred_actor_returned hit=409 actor=0000000161064CB0 call_returned=1
tick=267712484 thread=18196 deferred_actor_begin hit=409 actor=0000000161064EF0 bone="Bip01 R Forearm" mass=1.00000 impulse=(-58.995,0.069,63.312) expected_vtable=00000000D1CA3750
tick=267712484 thread=18196 deferred_force_enter hit=409 actor=0000000161064EF0 method=00000000D1A67340
tick=267712484 thread=18196 deferred_actor_returned hit=409 actor=0000000161064EF0 call_returned=1
tick=267712484 thread=18196 deferred_apply_end hit=409
tick=267714562 thread=18196 deferred_apply_begin hit=414 owner=000000016D21D5C0 actors=4 age_ms=47 capture_thread=18196 planned_horizontal=7500.00 safety_scale=1.00000
tick=267714562 thread=18196 deferred_actor_begin hit=414 actor=00000001615BF260 bone="Bip01 R Thigh" mass=1.00000 impulse=(-135.720,-39.375,246.336) expected_vtable=00000000D1CA3750
tick=267714562 thread=18196 deferred_force_enter hit=414 actor=00000001615BF260 method=00000000D1A67340
tick=267714562 thread=18196 deferred_actor_returned hit=414 actor=00000001615BF260 call_returned=1
tick=267714562 thread=18196 deferred_actor_begin hit=414 actor=00000001615C0D60 bone="Bip01 R Calf" mass=1.00000 impulse=(-135.720,-39.375,246.336) expected_vtable=00000000D1CA3750
tick=267714562 thread=18196 deferred_force_enter hit=414 actor=00000001615C0D60 method=00000000D1A67340
tick=267714562 thread=18196 deferred_actor_returned hit=414 actor=00000001615C0D60 call_returned=1
tick=267714562 thread=18196 deferred_actor_begin hit=414 actor=00000001615C1720 bone="Bip01 L UpperArm" mass=1.00000 impulse=(-3212.048,-931.875,5829.959) expected_vtable=00000000D1CA3750
tick=267714562 thread=18196 deferred_force_enter hit=414 actor=00000001615C1720 method=00000000D1A67340
tick=267714562 thread=18196 deferred_actor_returned hit=414 actor=00000001615C1720 call_returned=1
tick=267714562 thread=18196 deferred_actor_begin hit=414 actor=00000001615C0460 bone="Bip01 L Forearm" mass=1.00000 impulse=(-135.720,-39.375,246.336) expected_vtable=00000000D1CA3750
tick=267714562 thread=18196 deferred_force_enter hit=414 actor=00000001615C0460 method=00000000D1A67340
tick=267714562 thread=18196 deferred_actor_returned hit=414 actor=00000001615C0460 call_returned=1
tick=267714562 thread=18196 deferred_apply_end hit=414
tick=267715531 thread=18196 deferred_apply_begin hit=419 owner=00000001F784A6F8 actors=13 age_ms=47 capture_thread=18196 planned_horizontal=3603.56 safety_scale=1.00000
tick=267715531 thread=18196 deferred_actor_begin hit=419 actor=00000001615CFFA0 bone="Bip01" mass=1.00000 impulse=(-21.317,0.069,35.699) expected_vtable=00000000D1CA3750
tick=267715531 thread=18196 deferred_force_enter hit=419 actor=00000001615CFFA0 method=00000000D1A67340
tick=267715531 thread=18196 deferred_actor_returned hit=419 actor=00000001615CFFA0 call_returned=1
tick=267715531 thread=18196 deferred_actor_begin hit=419 actor=00000001615D02A0 bone="Bip01 L Thigh" mass=1.00000 impulse=(-21.317,0.069,35.699) expected_vtable=00000000D1CA3750
tick=267715531 thread=18196 deferred_force_enter hit=419 actor=00000001615D02A0 method=00000000D1A67340
tick=267715531 thread=18196 deferred_actor_returned hit=419 actor=00000001615D02A0 call_returned=1
tick=267715531 thread=18196 deferred_actor_begin hit=419 actor=00000001615D0060 bone="Bip01 R Thigh" mass=1.00000 impulse=(-21.317,0.069,35.699) expected_vtable=00000000D1CA3750
tick=267715531 thread=18196 deferred_force_enter hit=419 actor=00000001615D0060 method=00000000D1A67340
tick=267715531 thread=18196 deferred_actor_returned hit=419 actor=00000001615D0060 call_returned=1
tick=267715531 thread=18196 deferred_actor_begin hit=419 actor=00000001615CEE60 bone="Bip01 L Calf" mass=1.00000 impulse=(-21.317,0.069,35.699) expected_vtable=00000000D1CA3750
tick=267715531 thread=18196 deferred_force_enter hit=419 actor=00000001615CEE60 method=00000000D1A67340
tick=267715531 thread=18196 deferred_actor_returned hit=419 actor=00000001615CEE60 call_returned=1
tick=267715531 thread=18196 deferred_actor_begin hit=419 actor=00000001615CF160 bone="Bip01 R Calf" mass=1.00000 impulse=(-21.317,0.069,35.699) expected_vtable=00000000D1CA3750
tick=267715531 thread=18196 deferred_force_enter hit=419 actor=00000001615CF160 method=00000000D1A67340
tick=267715531 thread=18196 deferred_actor_returned hit=419 actor=00000001615CF160 call_returned=1
tick=267715531 thread=18196 deferred_actor_begin hit=419 actor=00000001615D0960 bone="Bip01 Spine1" mass=1.00000 impulse=(-1591.661,5.169,2665.557) expected_vtable=00000000D1CA3750
tick=267715531 thread=18196 deferred_force_enter hit=419 actor=00000001615D0960 method=00000000D1A67340
tick=267715531 thread=18196 deferred_actor_returned hit=419 actor=00000001615D0960 call_returned=1
tick=267715531 thread=18196 deferred_actor_begin hit=419 actor=00000001615D07E0 bone="Bip01 Spine2" mass=1.00000 impulse=(-21.317,0.069,35.699) expected_vtable=00000000D1CA3750
tick=267715531 thread=18196 deferred_force_enter hit=419 actor=00000001615D07E0 method=00000000D1A67340
tick=267715531 thread=18196 deferred_actor_returned hit=419 actor=00000001615D07E0 call_returned=1
tick=267715531 thread=18196 deferred_actor_begin hit=419 actor=00000001615D0AE0 bone="Bip01 Neck" mass=1.00000 impulse=(-21.317,0.069,35.699) expected_vtable=00000000D1CA3750
tick=267715531 thread=18196 deferred_force_enter hit=419 actor=00000001615D0AE0 method=00000000D1A67340
tick=267715531 thread=18196 deferred_actor_returned hit=419 actor=00000001615D0AE0 call_returned=1
tick=267715531 thread=18196 deferred_actor_begin hit=419 actor=00000001615D1260 bone="Bip01 L UpperArm" mass=1.00000 impulse=(-21.317,0.069,35.699) expected_vtable=00000000D1CA3750
tick=267715531 thread=18196 deferred_force_enter hit=419 actor=00000001615D1260 method=00000000D1A67340
tick=267715531 thread=18196 deferred_actor_returned hit=419 actor=00000001615D1260 call_returned=1
tick=267715531 thread=18196 deferred_actor_begin hit=419 actor=00000001615D19E0 bone="Bip01 Head" mass=1.00000 impulse=(-21.317,0.069,35.699) expected_vtable=00000000D1CA3750
tick=267715531 thread=18196 deferred_force_enter hit=419 actor=00000001615D19E0 method=00000000D1A67340
tick=267715531 thread=18196 deferred_actor_returned hit=419 actor=00000001615D19E0 call_returned=1
tick=267715531 thread=18196 deferred_actor_begin hit=419 actor=00000001615CEFE0 bone="Bip01 R UpperArm" mass=1.00000 impulse=(-21.317,0.069,35.699) expected_vtable=00000000D1CA3750
tick=267715531 thread=18196 deferred_force_enter hit=419 actor=00000001615CEFE0 method=00000000D1A67340
tick=267715531 thread=18196 deferred_actor_returned hit=419 actor=00000001615CEFE0 call_returned=1
tick=267715531 thread=18196 deferred_actor_begin hit=419 actor=00000001615D0360 bone="Bip01 L Forearm" mass=1.00000 impulse=(-21.317,0.069,35.699) expected_vtable=00000000D1CA3750
tick=267715531 thread=18196 deferred_force_enter hit=419 actor=00000001615D0360 method=00000000D1A67340
tick=267715531 thread=18196 deferred_actor_returned hit=419 actor=00000001615D0360 call_returned=1
tick=267715531 thread=18196 deferred_actor_begin hit=419 actor=00000001615D05A0 bone="Bip01 R Forearm" mass=1.00000 impulse=(-21.317,0.069,35.699) expected_vtable=00000000D1CA3750
tick=267715546 thread=18196 deferred_force_enter hit=419 actor=00000001615D05A0 method=00000000D1A67340
tick=267715546 thread=18196 deferred_actor_returned hit=419 actor=00000001615D05A0 call_returned=1
tick=267715546 thread=18196 deferred_apply_end hit=419
tick=267716578 thread=18196 deferred_apply_begin hit=422 owner=000000016D21D5C0 actors=13 age_ms=563 capture_thread=18196 planned_horizontal=7500.00 safety_scale=1.00000
tick=267716578 thread=18196 deferred_actor_begin hit=422 actor=00000001615AB160 bone="Bip01" mass=1.00000 impulse=(9.796,-12.115,85.982) expected_vtable=00000000D1CA3750
tick=267716578 thread=18196 deferred_force_enter hit=422 actor=00000001615AB160 method=00000000D1A67340
tick=267716578 thread=18196 deferred_actor_returned hit=422 actor=00000001615AB160 call_returned=1
tick=267716578 thread=18196 deferred_actor_begin hit=422 actor=00000001615AC060 bone="Bip01 L Thigh" mass=1.00000 impulse=(9.796,-12.115,85.982) expected_vtable=00000000D1CA3750
tick=267716578 thread=18196 deferred_force_enter hit=422 actor=00000001615AC060 method=00000000D1A67340
tick=267716578 thread=18196 deferred_actor_returned hit=422 actor=00000001615AC060 call_returned=1
tick=267716578 thread=18196 deferred_actor_begin hit=422 actor=00000001615BF260 bone="Bip01 R Thigh" mass=1.00000 impulse=(9.796,-12.115,85.982) expected_vtable=00000000D1CA3750
tick=267716578 thread=18196 deferred_force_enter hit=422 actor=00000001615BF260 method=00000000D1A67340
tick=267716578 thread=18196 deferred_actor_returned hit=422 actor=00000001615BF260 call_returned=1
tick=267716578 thread=18196 deferred_actor_begin hit=422 actor=00000001615BF1A0 bone="Bip01 L Calf" mass=1.00000 impulse=(9.796,-12.115,85.982) expected_vtable=00000000D1CA3750
tick=267716578 thread=18196 deferred_force_enter hit=422 actor=00000001615BF1A0 method=00000000D1A67340
tick=267716578 thread=18196 deferred_actor_returned hit=422 actor=00000001615BF1A0 call_returned=1
tick=267716578 thread=18196 deferred_actor_begin hit=422 actor=00000001615C0D60 bone="Bip01 R Calf" mass=1.00000 impulse=(9.796,-12.115,85.982) expected_vtable=00000000D1CA3750
tick=267716578 thread=18196 deferred_force_enter hit=422 actor=00000001615C0D60 method=00000000D1A67340
tick=267716578 thread=18196 deferred_actor_returned hit=422 actor=00000001615C0D60 call_returned=1
tick=267716593 thread=18196 deferred_actor_begin hit=422 actor=00000001615C1AE0 bone="Bip01 Spine1" mass=1.00000 impulse=(731.459,-904.615,6420.004) expected_vtable=00000000D1CA3750
tick=267716593 thread=18196 deferred_force_enter hit=422 actor=00000001615C1AE0 method=00000000D1A67340
tick=267716593 thread=18196 deferred_actor_returned hit=422 actor=00000001615C1AE0 call_returned=1
tick=267716593 thread=18196 deferred_actor_begin hit=422 actor=00000001615BFFE0 bone="Bip01 Spine2" mass=1.00000 impulse=(9.796,-12.115,85.982) expected_vtable=00000000D1CA3750
tick=267716593 thread=18196 deferred_force_enter hit=422 actor=00000001615BFFE0 method=00000000D1A67340
tick=267716593 thread=18196 deferred_actor_returned hit=422 actor=00000001615BFFE0 call_returned=1
tick=267716593 thread=18196 deferred_actor_begin hit=422 actor=00000001615C0E20 bone="Bip01 Neck" mass=1.00000 impulse=(9.796,-12.115,85.982) expected_vtable=00000000D1CA3750
tick=267716593 thread=18196 deferred_force_enter hit=422 actor=00000001615C0E20 method=00000000D1A67340
tick=267716593 thread=18196 deferred_actor_returned hit=422 actor=00000001615C0E20 call_returned=1
tick=267716593 thread=18196 deferred_actor_begin hit=422 actor=00000001615C1720 bone="Bip01 L UpperArm" mass=1.00000 impulse=(9.796,-12.115,85.982) expected_vtable=00000000D1CA3750
tick=267716593 thread=18196 deferred_force_enter hit=422 actor=00000001615C1720 method=00000000D1A67340
tick=267716593 thread=18196 deferred_actor_returned hit=422 actor=00000001615C1720 call_returned=1
tick=267716593 thread=18196 deferred_actor_begin hit=422 actor=00000001615C29E0 bone="Bip01 Head" mass=1.00000 impulse=(9.796,-12.115,85.982) expected_vtable=00000000D1CA3750
tick=267716593 thread=18196 deferred_force_enter hit=422 actor=00000001615C29E0 method=00000000D1A67340
tick=267716593 thread=18196 deferred_actor_returned hit=422 actor=00000001615C29E0 call_returned=1
tick=267716593 thread=18196 deferred_actor_begin hit=422 actor=00000001615C03A0 bone="Bip01 R UpperArm" mass=1.00000 impulse=(9.796,-12.115,85.982) expected_vtable=00000000D1CA3750
tick=267716593 thread=18196 deferred_force_enter hit=422 actor=00000001615C03A0 method=00000000D1A67340
tick=267716593 thread=18196 deferred_actor_returned hit=422 actor=00000001615C03A0 call_returned=1
tick=267716593 thread=18196 deferred_actor_begin hit=422 actor=00000001615C0460 bone="Bip01 L Forearm" mass=1.00000 impulse=(9.796,-12.115,85.982) expected_vtable=00000000D1CA3750
tick=267716593 thread=18196 deferred_force_enter hit=422 actor=00000001615C0460 method=00000000D1A67340
tick=267716593 thread=18196 deferred_actor_returned hit=422 actor=00000001615C0460 call_returned=1
tick=267716593 thread=18196 deferred_actor_begin hit=422 actor=00000001615C2620 bone="Bip01 R Forearm" mass=1.00000 impulse=(9.796,-12.115,85.982) expected_vtable=00000000D1CA3750
tick=267716593 thread=18196 deferred_force_enter hit=422 actor=00000001615C2620 method=00000000D1A67340
tick=267716593 thread=18196 deferred_actor_returned hit=422 actor=00000001615C2620 call_returned=1
tick=267716593 thread=18196 deferred_apply_end hit=422
tick=267717359 thread=18196 deferred_apply_begin hit=427 owner=000000016D1F59E0 actors=13 age_ms=47 capture_thread=18196 planned_horizontal=6483.19 safety_scale=1.00000
tick=267717359 thread=18196 deferred_actor_begin hit=427 actor=0000000161072630 bone="Bip01" mass=1.00000 impulse=(39.591,-11.152,-63.471) expected_vtable=00000000D1CA3750
tick=267717359 thread=18196 deferred_force_enter hit=427 actor=0000000161072630 method=00000000D1A67340
tick=267717359 thread=18196 deferred_actor_returned hit=427 actor=0000000161072630 call_returned=1
tick=267717359 thread=18196 deferred_actor_begin hit=427 actor=0000000161071430 bone="Bip01 L Thigh" mass=1.00000 impulse=(39.591,-11.152,-63.471) expected_vtable=00000000D1CA3750
tick=267717359 thread=18196 deferred_force_enter hit=427 actor=0000000161071430 method=00000000D1A67340
tick=267717359 thread=18196 deferred_actor_returned hit=427 actor=0000000161071430 call_returned=1
tick=267717359 thread=18196 deferred_actor_begin hit=427 actor=00000001610714F0 bone="Bip01 R Thigh" mass=1.00000 impulse=(2956.098,-832.658,-4739.141) expected_vtable=00000000D1CA3750
tick=267717359 thread=18196 deferred_force_enter hit=427 actor=00000001610714F0 method=00000000D1A67340
tick=267717359 thread=18196 deferred_actor_returned hit=427 actor=00000001610714F0 call_returned=1
tick=267717359 thread=18196 deferred_actor_begin hit=427 actor=0000000161071D30 bone="Bip01 L Calf" mass=1.00000 impulse=(39.591,-11.152,-63.471) expected_vtable=00000000D1CA3750
tick=267717359 thread=18196 deferred_force_enter hit=427 actor=0000000161071D30 method=00000000D1A67340
tick=267717375 thread=18196 deferred_actor_returned hit=427 actor=0000000161071D30 call_returned=1
tick=267717375 thread=18196 deferred_actor_begin hit=427 actor=0000000161071970 bone="Bip01 R Calf" mass=1.00000 impulse=(39.591,-11.152,-63.471) expected_vtable=00000000D1CA3750
tick=267717375 thread=18196 deferred_force_enter hit=427 actor=0000000161071970 method=00000000D1A67340
tick=267717375 thread=18196 deferred_actor_returned hit=427 actor=0000000161071970 call_returned=1
tick=267717375 thread=18196 deferred_actor_begin hit=427 actor=0000000161071DF0 bone="Bip01 Spine1" mass=1.00000 impulse=(39.591,-11.152,-63.471) expected_vtable=00000000D1CA3750
tick=267717375 thread=18196 deferred_force_enter hit=427 actor=0000000161071DF0 method=00000000D1A67340
tick=267717375 thread=18196 deferred_actor_returned hit=427 actor=0000000161071DF0 call_returned=1
tick=267717375 thread=18196 deferred_actor_begin hit=427 actor=0000000161071BB0 bone="Bip01 Spine2" mass=1.00000 impulse=(39.591,-11.152,-63.471) expected_vtable=00000000D1CA3750
tick=267717375 thread=18196 deferred_force_enter hit=427 actor=0000000161071BB0 method=00000000D1A67340
tick=267717375 thread=18196 deferred_actor_returned hit=427 actor=0000000161071BB0 call_returned=1
tick=267717375 thread=18196 deferred_actor_begin hit=427 actor=00000001610720F0 bone="Bip01 Neck" mass=1.00000 impulse=(39.591,-11.152,-63.471) expected_vtable=00000000D1CA3750
tick=267717375 thread=18196 deferred_force_enter hit=427 actor=00000001610720F0 method=00000000D1A67340
tick=267717375 thread=18196 deferred_actor_returned hit=427 actor=00000001610720F0 call_returned=1
tick=267717375 thread=18196 deferred_actor_begin hit=427 actor=0000000161071EB0 bone="Bip01 L UpperArm" mass=1.00000 impulse=(39.591,-11.152,-63.471) expected_vtable=00000000D1CA3750
tick=267717375 thread=18196 deferred_force_enter hit=427 actor=0000000161071EB0 method=00000000D1A67340
tick=267717375 thread=18196 deferred_actor_returned hit=427 actor=0000000161071EB0 call_returned=1
tick=267717375 thread=18196 deferred_actor_begin hit=427 actor=00000001610721B0 bone="Bip01 Head" mass=1.00000 impulse=(39.591,-11.152,-63.471) expected_vtable=00000000D1CA3750
tick=267717375 thread=18196 deferred_force_enter hit=427 actor=00000001610721B0 method=00000000D1A67340
tick=267717375 thread=18196 deferred_actor_returned hit=427 actor=00000001610721B0 call_returned=1
tick=267717375 thread=18196 deferred_actor_begin hit=427 actor=0000000161072270 bone="Bip01 R UpperArm" mass=1.00000 impulse=(39.591,-11.152,-63.471) expected_vtable=00000000D1CA3750
tick=267717375 thread=18196 deferred_force_enter hit=427 actor=0000000161072270 method=00000000D1A67340
tick=267717375 thread=18196 deferred_actor_returned hit=427 actor=0000000161072270 call_returned=1
tick=267717375 thread=18196 deferred_actor_begin hit=427 actor=0000000161071F70 bone="Bip01 L Forearm" mass=1.00000 impulse=(39.591,-11.152,-63.471) expected_vtable=00000000D1CA3750
tick=267717375 thread=18196 deferred_force_enter hit=427 actor=0000000161071F70 method=00000000D1A67340
tick=267717375 thread=18196 deferred_actor_returned hit=427 actor=0000000161071F70 call_returned=1
tick=267717375 thread=18196 deferred_actor_begin hit=427 actor=00000001610724B0 bone="Bip01 R Forearm" mass=1.00000 impulse=(39.591,-11.152,-63.471) expected_vtable=00000000D1CA3750
tick=267717375 thread=18196 deferred_force_enter hit=427 actor=00000001610724B0 method=00000000D1A67340
tick=267717375 thread=18196 deferred_actor_returned hit=427 actor=00000001610724B0 call_returned=1
tick=267717375 thread=18196 deferred_apply_end hit=427
tick=267733109 thread=18196 deferred_apply_begin hit=433 owner=00000001F7A58CA0 actors=2 age_ms=47 capture_thread=18196 planned_horizontal=6494.05 safety_scale=1.00000
tick=267733109 thread=18196 deferred_actor_begin hit=433 actor=00000001615CF760 bone="Bip01 L Thigh" mass=1.00000 impulse=(5911.646,5.550,1066.020) expected_vtable=00000000D1CA3750
tick=267733109 thread=18196 deferred_force_enter hit=433 actor=00000001615CF760 method=00000000D1A67340
tick=267733109 thread=18196 deferred_actor_returned hit=433 actor=00000001615CF760 call_returned=1
tick=267733109 thread=18196 deferred_actor_begin hit=433 actor=00000001615CF820 bone="Bip01 L Calf" mass=1.00000 impulse=(479.323,0.450,86.434) expected_vtable=00000000D1CA3750
tick=267733109 thread=18196 deferred_force_enter hit=433 actor=00000001615CF820 method=00000000D1A67340
tick=267733109 thread=18196 deferred_actor_returned hit=433 actor=00000001615CF820 call_returned=1
tick=267733109 thread=18196 deferred_apply_end hit=433
tick=267733328 thread=18196 deferred_apply_begin hit=434 owner=00000001F7A58CA0 actors=13 age_ms=47 capture_thread=18196 planned_horizontal=7500.00 safety_scale=1.00000
tick=267733328 thread=18196 deferred_actor_begin hit=434 actor=00000001615CF6A0 bone="Bip01" mass=1.00000 impulse=(86.287,-12.115,6.588) expected_vtable=00000000D1CA3750
tick=267733328 thread=18196 deferred_force_enter hit=434 actor=00000001615CF6A0 method=00000000D1A67340
tick=267733328 thread=18196 deferred_actor_returned hit=434 actor=00000001615CF6A0 call_returned=1
tick=267733328 thread=18196 deferred_actor_begin hit=434 actor=00000001615CF760 bone="Bip01 L Thigh" mass=1.00000 impulse=(86.287,-12.115,6.588) expected_vtable=00000000D1CA3750
tick=267733328 thread=18196 deferred_force_enter hit=434 actor=00000001615CF760 method=00000000D1A67340
tick=267733328 thread=18196 deferred_actor_returned hit=434 actor=00000001615CF760 call_returned=1
tick=267733328 thread=18196 deferred_actor_begin hit=434 actor=00000001615D3EA0 bone="Bip01 R Thigh" mass=1.00000 impulse=(86.287,-12.115,6.588) expected_vtable=00000000D1CA3750
tick=267733328 thread=18196 deferred_force_enter hit=434 actor=00000001615D3EA0 method=00000000D1A67340
tick=267733328 thread=18196 deferred_actor_returned hit=434 actor=00000001615D3EA0 call_returned=1
tick=267733328 thread=18196 deferred_actor_begin hit=434 actor=00000001615CF820 bone="Bip01 L Calf" mass=1.00000 impulse=(6442.788,-904.615,491.904) expected_vtable=00000000D1CA3750
tick=267733328 thread=18196 deferred_force_enter hit=434 actor=00000001615CF820 method=00000000D1A67340
tick=267733328 thread=18196 deferred_actor_returned hit=434 actor=00000001615CF820 call_returned=1
tick=267733328 thread=18196 deferred_actor_begin hit=434 actor=00000001615D4260 bone="Bip01 R Calf" mass=1.00000 impulse=(86.287,-12.115,6.588) expected_vtable=00000000D1CA3750
tick=267733328 thread=18196 deferred_force_enter hit=434 actor=00000001615D4260 method=00000000D1A67340
tick=267733328 thread=18196 deferred_actor_returned hit=434 actor=00000001615D4260 call_returned=1
tick=267733328 thread=18196 deferred_actor_begin hit=434 actor=00000001615D41A0 bone="Bip01 Spine1" mass=1.00000 impulse=(86.287,-12.115,6.588) expected_vtable=00000000D1CA3750
tick=267733328 thread=18196 deferred_force_enter hit=434 actor=00000001615D41A0 method=00000000D1A67340
tick=267733328 thread=18196 deferred_actor_returned hit=434 actor=00000001615D41A0 call_returned=1
tick=267733328 thread=18196 deferred_actor_begin hit=434 actor=00000001615D29A0 bone="Bip01 Spine2" mass=1.00000 impulse=(86.287,-12.115,6.588) expected_vtable=00000000D1CA3750
tick=267733328 thread=18196 deferred_force_enter hit=434 actor=00000001615D29A0 method=00000000D1A67340
tick=267733328 thread=18196 deferred_actor_returned hit=434 actor=00000001615D29A0 call_returned=1
tick=267733328 thread=18196 deferred_actor_begin hit=434 actor=00000001615D2220 bone="Bip01 Neck" mass=1.00000 impulse=(86.287,-12.115,6.588) expected_vtable=00000000D1CA3750
tick=267733328 thread=18196 deferred_force_enter hit=434 actor=00000001615D2220 method=00000000D1A67340
tick=267733328 thread=18196 deferred_actor_returned hit=434 actor=00000001615D2220 call_returned=1
tick=267733328 thread=18196 deferred_actor_begin hit=434 actor=00000001615D3660 bone="Bip01 L UpperArm" mass=1.00000 impulse=(86.287,-12.115,6.588) expected_vtable=00000000D1CA3750
tick=267733328 thread=18196 deferred_force_enter hit=434 actor=00000001615D3660 method=00000000D1A67340
tick=267733328 thread=18196 deferred_actor_returned hit=434 actor=00000001615D3660 call_returned=1
tick=267733328 thread=18196 deferred_actor_begin hit=434 actor=00000001615D2160 bone="Bip01 Head" mass=1.00000 impulse=(86.287,-12.115,6.588) expected_vtable=00000000D1CA3750
tick=267733328 thread=18196 deferred_force_enter hit=434 actor=00000001615D2160 method=00000000D1A67340
tick=267733328 thread=18196 deferred_actor_returned hit=434 actor=00000001615D2160 call_returned=1
tick=267733328 thread=18196 deferred_actor_begin hit=434 actor=00000001615D3720 bone="Bip01 R UpperArm" mass=1.00000 impulse=(86.287,-12.115,6.588) expected_vtable=00000000D1CA3750
tick=267733328 thread=18196 deferred_force_enter hit=434 actor=00000001615D3720 method=00000000D1A67340
tick=267733328 thread=18196 deferred_actor_returned hit=434 actor=00000001615D3720 call_returned=1
tick=267733328 thread=18196 deferred_actor_begin hit=434 actor=00000001615D47A0 bone="Bip01 L Forearm" mass=1.00000 impulse=(86.287,-12.115,6.588) expected_vtable=00000000D1CA3750
tick=267733328 thread=18196 deferred_force_enter hit=434 actor=00000001615D47A0 method=00000000D1A67340
tick=267733328 thread=18196 deferred_actor_returned hit=434 actor=00000001615D47A0 call_returned=1
tick=267733328 thread=18196 deferred_actor_begin hit=434 actor=00000001615D4AA0 bone="Bip01 R Forearm" mass=1.00000 impulse=(86.287,-12.115,6.588) expected_vtable=00000000D1CA3750
tick=267733343 thread=18196 deferred_force_enter hit=434 actor=00000001615D4AA0 method=00000000D1A67340
tick=267733343 thread=18196 deferred_actor_returned hit=434 actor=00000001615D4AA0 call_returned=1
tick=267733343 thread=18196 deferred_apply_end hit=434
tick=267733750 thread=18196 deferred_apply_begin hit=435 owner=00000001F7834AB8 actors=13 age_ms=47 capture_thread=18196 planned_horizontal=7500.00 safety_scale=1.00000
tick=267733750 thread=18196 deferred_actor_begin hit=435 actor=00000001615D1F20 bone="Bip01" mass=1.00000 impulse=(-30.688,-12.115,80.915) expected_vtable=00000000D1CA3750
tick=267733750 thread=18196 deferred_force_enter hit=435 actor=00000001615D1F20 method=00000000D1A67340
tick=267733750 thread=18196 deferred_actor_returned hit=435 actor=00000001615D1F20 call_returned=1
tick=267733750 thread=18196 deferred_actor_begin hit=435 actor=00000001615D4560 bone="Bip01 L Thigh" mass=1.00000 impulse=(-30.688,-12.115,80.915) expected_vtable=00000000D1CA3750
tick=267733750 thread=18196 deferred_force_enter hit=435 actor=00000001615D4560 method=00000000D1A67340
tick=267733750 thread=18196 deferred_actor_returned hit=435 actor=00000001615D4560 call_returned=1
tick=267733750 thread=18196 deferred_actor_begin hit=435 actor=00000001615D4C20 bone="Bip01 R Thigh" mass=1.00000 impulse=(-30.688,-12.115,80.915) expected_vtable=00000000D1CA3750
tick=267733750 thread=18196 deferred_force_enter hit=435 actor=00000001615D4C20 method=00000000D1A67340
tick=267733765 thread=18196 deferred_actor_returned hit=435 actor=00000001615D4C20 call_returned=1
tick=267733765 thread=18196 deferred_actor_begin hit=435 actor=00000001615D3DE0 bone="Bip01 L Calf" mass=1.00000 impulse=(-30.688,-12.115,80.915) expected_vtable=00000000D1CA3750
tick=267733765 thread=18196 deferred_force_enter hit=435 actor=00000001615D3DE0 method=00000000D1A67340
tick=267733765 thread=18196 deferred_actor_returned hit=435 actor=00000001615D3DE0 call_returned=1
tick=267733765 thread=18196 deferred_actor_begin hit=435 actor=00000001615D3960 bone="Bip01 R Calf" mass=1.00000 impulse=(-30.688,-12.115,80.915) expected_vtable=00000000D1CA3750
tick=267733765 thread=18196 deferred_force_enter hit=435 actor=00000001615D3960 method=00000000D1A67340
tick=267733765 thread=18196 deferred_actor_returned hit=435 actor=00000001615D3960 call_returned=1
tick=267733765 thread=18196 deferred_actor_begin hit=435 actor=00000001615D2E20 bone="Bip01 Spine1" mass=1.00000 impulse=(-2291.353,-904.615,6041.622) expected_vtable=00000000D1CA3750
tick=267733765 thread=18196 deferred_force_enter hit=435 actor=00000001615D2E20 method=00000000D1A67340
tick=267733765 thread=18196 deferred_actor_returned hit=435 actor=00000001615D2E20 call_returned=1
tick=267733765 thread=18196 deferred_actor_begin hit=435 actor=00000001615D4620 bone="Bip01 Spine2" mass=1.00000 impulse=(-30.688,-12.115,80.915) expected_vtable=00000000D1CA3750
tick=267733765 thread=18196 deferred_force_enter hit=435 actor=00000001615D4620 method=00000000D1A67340
tick=267733765 thread=18196 deferred_actor_returned hit=435 actor=00000001615D4620 call_returned=1
tick=267733765 thread=18196 deferred_actor_begin hit=435 actor=00000001615D2760 bone="Bip01 Neck" mass=1.00000 impulse=(-30.688,-12.115,80.915) expected_vtable=00000000D1CA3750
tick=267733765 thread=18196 deferred_force_enter hit=435 actor=00000001615D2760 method=00000000D1A67340
tick=267733765 thread=18196 deferred_actor_returned hit=435 actor=00000001615D2760 call_returned=1
tick=267733765 thread=18196 deferred_actor_begin hit=435 actor=00000001615D22E0 bone="Bip01 L UpperArm" mass=1.00000 impulse=(-30.688,-12.115,80.915) expected_vtable=00000000D1CA3750
tick=267733765 thread=18196 deferred_force_enter hit=435 actor=00000001615D22E0 method=00000000D1A67340
tick=267733765 thread=18196 deferred_actor_returned hit=435 actor=00000001615D22E0 call_returned=1
tick=267733765 thread=18196 deferred_actor_begin hit=435 actor=00000001615D4920 bone="Bip01 Head" mass=1.00000 impulse=(-30.688,-12.115,80.915) expected_vtable=00000000D1CA3750
tick=267733765 thread=18196 deferred_force_enter hit=435 actor=00000001615D4920 method=00000000D1A67340
tick=267733765 thread=18196 deferred_actor_returned hit=435 actor=00000001615D4920 call_returned=1
tick=267733765 thread=18196 deferred_actor_begin hit=435 actor=00000001615D4B60 bone="Bip01 R UpperArm" mass=1.00000 impulse=(-30.688,-12.115,80.915) expected_vtable=00000000D1CA3750
tick=267733765 thread=18196 deferred_force_enter hit=435 actor=00000001615D4B60 method=00000000D1A67340
tick=267733765 thread=18196 deferred_actor_returned hit=435 actor=00000001615D4B60 call_returned=1
tick=267733765 thread=18196 deferred_actor_begin hit=435 actor=00000001615D3060 bone="Bip01 L Forearm" mass=1.00000 impulse=(-30.688,-12.115,80.915) expected_vtable=00000000D1CA3750
tick=267733765 thread=18196 deferred_force_enter hit=435 actor=00000001615D3060 method=00000000D1A67340
tick=267733765 thread=18196 deferred_actor_returned hit=435 actor=00000001615D3060 call_returned=1
tick=267733765 thread=18196 deferred_actor_begin hit=435 actor=00000001615D3AE0 bone="Bip01 R Forearm" mass=1.00000 impulse=(-30.688,-12.115,80.915) expected_vtable=00000000D1CA3750
tick=267733765 thread=18196 deferred_force_enter hit=435 actor=00000001615D3AE0 method=00000000D1A67340
tick=267733765 thread=18196 deferred_actor_returned hit=435 actor=00000001615D3AE0 call_returned=1
tick=267733765 thread=18196 deferred_apply_end hit=435
tick=267734140 thread=18196 deferred_apply_begin hit=436 owner=00000001F7A6FC70 actors=13 age_ms=47 capture_thread=18196 planned_horizontal=3958.23 safety_scale=1.00000
tick=267734140 thread=18196 deferred_actor_begin hit=436 actor=00000001615AA9E0 bone="Bip01" mass=1.00000 impulse=(-27.462,0.069,-36.493) expected_vtable=00000000D1CA3750
tick=267734140 thread=18196 deferred_force_enter hit=436 actor=00000001615AA9E0 method=00000000D1A67340
tick=267734140 thread=18196 deferred_actor_returned hit=436 actor=00000001615AA9E0 call_returned=1
tick=267734140 thread=18196 deferred_actor_begin hit=436 actor=00000001615A9DE0 bone="Bip01 L Thigh" mass=1.00000 impulse=(-27.462,0.069,-36.493) expected_vtable=00000000D1CA3750
tick=267734140 thread=18196 deferred_force_enter hit=436 actor=00000001615A9DE0 method=00000000D1A67340
tick=267734140 thread=18196 deferred_actor_returned hit=436 actor=00000001615A9DE0 call_returned=1
tick=267734140 thread=18196 deferred_actor_begin hit=436 actor=00000001615AAF20 bone="Bip01 R Thigh" mass=1.00000 impulse=(-27.462,0.069,-36.493) expected_vtable=00000000D1CA3750
tick=267734140 thread=18196 deferred_force_enter hit=436 actor=00000001615AAF20 method=00000000D1A67340
tick=267734140 thread=18196 deferred_actor_returned hit=436 actor=00000001615AAF20 call_returned=1
tick=267734140 thread=18196 deferred_actor_begin hit=436 actor=00000001615ADB60 bone="Bip01 L Calf" mass=1.00000 impulse=(-27.462,0.069,-36.493) expected_vtable=00000000D1CA3750
tick=267734140 thread=18196 deferred_force_enter hit=436 actor=00000001615ADB60 method=00000000D1A67340
tick=267734140 thread=18196 deferred_actor_returned hit=436 actor=00000001615ADB60 call_returned=1
tick=267734140 thread=18196 deferred_actor_begin hit=436 actor=00000001615AB820 bone="Bip01 R Calf" mass=1.00000 impulse=(-27.462,0.069,-36.493) expected_vtable=00000000D1CA3750
tick=267734140 thread=18196 deferred_force_enter hit=436 actor=00000001615AB820 method=00000000D1A67340
tick=267734140 thread=18196 deferred_actor_returned hit=436 actor=00000001615AB820 call_returned=1
tick=267734140 thread=18196 deferred_actor_begin hit=436 actor=00000001615AC2A0 bone="Bip01 Spine1" mass=1.00000 impulse=(-27.462,0.069,-36.493) expected_vtable=00000000D1CA3750
tick=267734140 thread=18196 deferred_force_enter hit=436 actor=00000001615AC2A0 method=00000000D1A67340
tick=267734140 thread=18196 deferred_actor_returned hit=436 actor=00000001615AC2A0 call_returned=1
tick=267734140 thread=18196 deferred_actor_begin hit=436 actor=00000001615AF5A0 bone="Bip01 Spine2" mass=1.00000 impulse=(-27.462,0.069,-36.493) expected_vtable=00000000D1CA3750
tick=267734140 thread=18196 deferred_force_enter hit=436 actor=00000001615AF5A0 method=00000000D1A67340
tick=267734156 thread=18196 deferred_actor_returned hit=436 actor=00000001615AF5A0 call_returned=1
tick=267734156 thread=18196 deferred_actor_begin hit=436 actor=00000001615CDD20 bone="Bip01 Neck" mass=1.00000 impulse=(-27.462,0.069,-36.493) expected_vtable=00000000D1CA3750
tick=267734156 thread=18196 deferred_force_enter hit=436 actor=00000001615CDD20 method=00000000D1A67340
tick=267734156 thread=18196 deferred_actor_returned hit=436 actor=00000001615CDD20 call_returned=1
tick=267734156 thread=18196 deferred_actor_begin hit=436 actor=00000001615CD4E0 bone="Bip01 L UpperArm" mass=1.00000 impulse=(-2050.491,5.169,-2724.840) expected_vtable=00000000D1CA3750
tick=267734156 thread=18196 deferred_force_enter hit=436 actor=00000001615CD4E0 method=00000000D1A67340
tick=267734156 thread=18196 deferred_actor_returned hit=436 actor=00000001615CD4E0 call_returned=1
tick=267734156 thread=18196 deferred_actor_begin hit=436 actor=00000001615CD060 bone="Bip01 Head" mass=1.00000 impulse=(-27.462,0.069,-36.493) expected_vtable=00000000D1CA3750
tick=267734156 thread=18196 deferred_force_enter hit=436 actor=00000001615CD060 method=00000000D1A67340
tick=267734156 thread=18196 deferred_actor_returned hit=436 actor=00000001615CD060 call_returned=1
tick=267734156 thread=18196 deferred_actor_begin hit=436 actor=00000001615CE020 bone="Bip01 R UpperArm" mass=1.00000 impulse=(-27.462,0.069,-36.493) expected_vtable=00000000D1CA3750
tick=267734156 thread=18196 deferred_force_enter hit=436 actor=00000001615CE020 method=00000000D1A67340
tick=267734156 thread=18196 deferred_actor_returned hit=436 actor=00000001615CE020 call_returned=1
tick=267734156 thread=18196 deferred_actor_begin hit=436 actor=00000001615CCCA0 bone="Bip01 L Forearm" mass=1.00000 impulse=(-27.462,0.069,-36.493) expected_vtable=00000000D1CA3750
tick=267734156 thread=18196 deferred_force_enter hit=436 actor=00000001615CCCA0 method=00000000D1A67340
tick=267734156 thread=18196 deferred_actor_returned hit=436 actor=00000001615CCCA0 call_returned=1
tick=267734156 thread=18196 deferred_actor_begin hit=436 actor=00000001615CD960 bone="Bip01 R Forearm" mass=1.00000 impulse=(-27.462,0.069,-36.493) expected_vtable=00000000D1CA3750
tick=267734156 thread=18196 deferred_force_enter hit=436 actor=00000001615CD960 method=00000000D1A67340
tick=267734156 thread=18196 deferred_actor_returned hit=436 actor=00000001615CD960 call_returned=1
tick=267734156 thread=18196 deferred_apply_end hit=436
tick=268175734 thread=23028 session_start build=ragdoll-impulse-poc12-delayed-localized-experimental pid=36288
tick=268303812 thread=23028 deferred_apply_begin hit=23 owner=000000016EE10590 actors=13 age_ms=47 capture_thread=23028 planned_horizontal=126.53 safety_scale=1.00000
tick=268303812 thread=23028 deferred_actor_begin hit=23 actor=000000016078EA40 bone="Bip01" mass=1.00000 impulse=(-1.458,0.507,-0.074) expected_vtable=00000000C48D3750
tick=268303812 thread=23028 deferred_force_enter hit=23 actor=000000016078EA40 method=00000000C4697340
tick=268303812 thread=23028 deferred_actor_returned hit=23 actor=000000016078EA40 call_returned=1
tick=268303812 thread=23028 deferred_actor_begin hit=23 actor=0000000160793A80 bone="Bip01 L Thigh" mass=1.00000 impulse=(-1.458,0.507,-0.074) expected_vtable=00000000C48D3750
tick=268303812 thread=23028 deferred_force_enter hit=23 actor=0000000160793A80 method=00000000C4697340
tick=268303812 thread=23028 deferred_actor_returned hit=23 actor=0000000160793A80 call_returned=1
tick=268303812 thread=23028 deferred_actor_begin hit=23 actor=0000000160792940 bone="Bip01 R Thigh" mass=1.00000 impulse=(-1.458,0.507,-0.074) expected_vtable=00000000C48D3750
tick=268303812 thread=23028 deferred_force_enter hit=23 actor=0000000160792940 method=00000000C4697340
tick=268303812 thread=23028 deferred_actor_returned hit=23 actor=0000000160792940 call_returned=1
tick=268303812 thread=23028 deferred_actor_begin hit=23 actor=0000000160793240 bone="Bip01 L Calf" mass=1.00000 impulse=(-1.458,0.507,-0.074) expected_vtable=00000000C48D3750
tick=268303812 thread=23028 deferred_force_enter hit=23 actor=0000000160793240 method=00000000C4697340
tick=268303812 thread=23028 deferred_actor_returned hit=23 actor=0000000160793240 call_returned=1
tick=268303812 thread=23028 deferred_actor_begin hit=23 actor=0000000160793B40 bone="Bip01 R Calf" mass=1.00000 impulse=(-1.458,0.507,-0.074) expected_vtable=00000000C48D3750
tick=268303812 thread=23028 deferred_force_enter hit=23 actor=0000000160793B40 method=00000000C4697340
tick=268303812 thread=23028 deferred_actor_returned hit=23 actor=0000000160793B40 call_returned=1
tick=268303812 thread=23028 deferred_actor_begin hit=23 actor=0000000160791A40 bone="Bip01 Spine1" mass=1.00000 impulse=(-1.458,0.507,-0.074) expected_vtable=00000000C48D3750
tick=268303812 thread=23028 deferred_force_enter hit=23 actor=0000000160791A40 method=00000000C4697340
tick=268303812 thread=23028 deferred_actor_returned hit=23 actor=0000000160791A40 call_returned=1
tick=268303812 thread=23028 deferred_actor_begin hit=23 actor=0000000160793FC0 bone="Bip01 Spine2" mass=1.00000 impulse=(-108.870,37.872,-5.535) expected_vtable=00000000C48D3750
tick=268303812 thread=23028 deferred_force_enter hit=23 actor=0000000160793FC0 method=00000000C4697340
tick=268303812 thread=23028 deferred_actor_returned hit=23 actor=0000000160793FC0 call_returned=1
tick=268303812 thread=23028 deferred_actor_begin hit=23 actor=0000000160793300 bone="Bip01 Neck" mass=1.00000 impulse=(-1.458,0.507,-0.074) expected_vtable=00000000C48D3750
tick=268303812 thread=23028 deferred_force_enter hit=23 actor=0000000160793300 method=00000000C4697340
tick=268303812 thread=23028 deferred_actor_returned hit=23 actor=0000000160793300 call_returned=1
tick=268303812 thread=23028 deferred_actor_begin hit=23 actor=0000000160794080 bone="Bip01 L UpperArm" mass=1.00000 impulse=(-1.458,0.507,-0.074) expected_vtable=00000000C48D3750
tick=268303812 thread=23028 deferred_force_enter hit=23 actor=0000000160794080 method=00000000C4697340
tick=268303812 thread=23028 deferred_actor_returned hit=23 actor=0000000160794080 call_returned=1
tick=268303812 thread=23028 deferred_actor_begin hit=23 actor=0000000160793CC0 bone="Bip01 Head" mass=1.00000 impulse=(-1.458,0.507,-0.074) expected_vtable=00000000C48D3750
tick=268303812 thread=23028 deferred_force_enter hit=23 actor=0000000160793CC0 method=00000000C4697340
tick=268303812 thread=23028 deferred_actor_returned hit=23 actor=0000000160793CC0 call_returned=1
tick=268303812 thread=23028 deferred_actor_begin hit=23 actor=0000000160793D80 bone="Bip01 R UpperArm" mass=1.00000 impulse=(-1.458,0.507,-0.074) expected_vtable=00000000C48D3750
tick=268303812 thread=23028 deferred_force_enter hit=23 actor=0000000160793D80 method=00000000C4697340
tick=268303812 thread=23028 deferred_actor_returned hit=23 actor=0000000160793D80 call_returned=1
tick=268303812 thread=23028 deferred_actor_begin hit=23 actor=0000000160791B00 bone="Bip01 L Forearm" mass=1.00000 impulse=(-1.458,0.507,-0.074) expected_vtable=00000000C48D3750
tick=268303812 thread=23028 deferred_force_enter hit=23 actor=0000000160791B00 method=00000000C4697340
tick=268303812 thread=23028 deferred_actor_returned hit=23 actor=0000000160791B00 call_returned=1
tick=268303812 thread=23028 deferred_actor_begin hit=23 actor=0000000160791BC0 bone="Bip01 R Forearm" mass=1.00000 impulse=(-1.458,0.507,-0.074) expected_vtable=00000000C48D3750
tick=268303828 thread=23028 deferred_force_enter hit=23 actor=0000000160791BC0 method=00000000C4697340
tick=268303828 thread=23028 deferred_actor_returned hit=23 actor=0000000160791BC0 call_returned=1
tick=268303828 thread=23028 deferred_apply_end hit=23
tick=268350281 thread=23028 deferred_apply_begin hit=79 owner=000000016EE175D0 actors=13 age_ms=47 capture_thread=23028 planned_horizontal=270.04 safety_scale=1.00000
tick=268350281 thread=23028 deferred_actor_begin hit=79 actor=000000016079A2C0 bone="Bip01" mass=1.00000 impulse=(3.113,0.069,-0.131) expected_vtable=00000000C48D3750
tick=268350281 thread=23028 deferred_force_enter hit=79 actor=000000016079A2C0 method=00000000C4697340
tick=268350281 thread=23028 deferred_actor_returned hit=79 actor=000000016079A2C0 call_returned=1
tick=268350281 thread=23028 deferred_actor_begin hit=79 actor=000000016079A5C0 bone="Bip01 L Thigh" mass=1.00000 impulse=(3.113,0.069,-0.131) expected_vtable=00000000C48D3750
tick=268350281 thread=23028 deferred_force_enter hit=79 actor=000000016079A5C0 method=00000000C4697340
tick=268350281 thread=23028 deferred_actor_returned hit=79 actor=000000016079A5C0 call_returned=1
tick=268350281 thread=23028 deferred_actor_begin hit=79 actor=000000016079A440 bone="Bip01 R Thigh" mass=1.00000 impulse=(3.113,0.069,-0.131) expected_vtable=00000000C48D3750
tick=268350281 thread=23028 deferred_force_enter hit=79 actor=000000016079A440 method=00000000C4697340
tick=268350281 thread=23028 deferred_actor_returned hit=79 actor=000000016079A440 call_returned=1
tick=268350281 thread=23028 deferred_actor_begin hit=79 actor=000000016079A380 bone="Bip01 L Calf" mass=1.00000 impulse=(3.113,0.069,-0.131) expected_vtable=00000000C48D3750
tick=268350281 thread=23028 deferred_force_enter hit=79 actor=000000016079A380 method=00000000C4697340
tick=268350281 thread=23028 deferred_actor_returned hit=79 actor=000000016079A380 call_returned=1
tick=268350281 thread=23028 deferred_actor_begin hit=79 actor=000000016079A680 bone="Bip01 R Calf" mass=1.00000 impulse=(3.113,0.069,-0.131) expected_vtable=00000000C48D3750
tick=268350281 thread=23028 deferred_force_enter hit=79 actor=000000016079A680 method=00000000C4697340
tick=268350281 thread=23028 deferred_actor_returned hit=79 actor=000000016079A680 call_returned=1
tick=268350281 thread=23028 deferred_actor_begin hit=79 actor=0000000160797EC0 bone="Bip01 Spine1" mass=1.00000 impulse=(232.443,5.169,-9.761) expected_vtable=00000000C48D3750
tick=268350281 thread=23028 deferred_force_enter hit=79 actor=0000000160797EC0 method=00000000C4697340
tick=268350281 thread=23028 deferred_actor_returned hit=79 actor=0000000160797EC0 call_returned=1
tick=268350281 thread=23028 deferred_actor_begin hit=79 actor=000000016079A800 bone="Bip01 Spine2" mass=1.00000 impulse=(3.113,0.069,-0.131) expected_vtable=00000000C48D3750
tick=268350281 thread=23028 deferred_force_enter hit=79 actor=000000016079A800 method=00000000C4697340
tick=268350281 thread=23028 deferred_actor_returned hit=79 actor=000000016079A800 call_returned=1
tick=268350281 thread=23028 deferred_actor_begin hit=79 actor=0000000160799540 bone="Bip01 Neck" mass=1.00000 impulse=(3.113,0.069,-0.131) expected_vtable=00000000C48D3750
tick=268350281 thread=23028 deferred_force_enter hit=79 actor=0000000160799540 method=00000000C4697340
tick=268350281 thread=23028 deferred_actor_returned hit=79 actor=0000000160799540 call_returned=1
tick=268350281 thread=23028 deferred_actor_begin hit=79 actor=0000000160799240 bone="Bip01 L UpperArm" mass=1.00000 impulse=(3.113,0.069,-0.131) expected_vtable=00000000C48D3750
tick=268350281 thread=23028 deferred_force_enter hit=79 actor=0000000160799240 method=00000000C4697340
tick=268350281 thread=23028 deferred_actor_returned hit=79 actor=0000000160799240 call_returned=1
tick=268350281 thread=23028 deferred_actor_begin hit=79 actor=0000000160799600 bone="Bip01 Head" mass=1.00000 impulse=(3.113,0.069,-0.131) expected_vtable=00000000C48D3750
tick=268350281 thread=23028 deferred_force_enter hit=79 actor=0000000160799600 method=00000000C4697340
tick=268350281 thread=23028 deferred_actor_returned hit=79 actor=0000000160799600 call_returned=1
tick=268350281 thread=23028 deferred_actor_begin hit=79 actor=0000000160797A40 bone="Bip01 R UpperArm" mass=1.00000 impulse=(3.113,0.069,-0.131) expected_vtable=00000000C48D3750
tick=268350281 thread=23028 deferred_force_enter hit=79 actor=0000000160797A40 method=00000000C4697340
tick=268350281 thread=23028 deferred_actor_returned hit=79 actor=0000000160797A40 call_returned=1
tick=268350281 thread=23028 deferred_actor_begin hit=79 actor=00000001607981C0 bone="Bip01 L Forearm" mass=1.00000 impulse=(3.113,0.069,-0.131) expected_vtable=00000000C48D3750
tick=268350281 thread=23028 deferred_force_enter hit=79 actor=00000001607981C0 method=00000000C4697340
tick=268350296 thread=23028 deferred_actor_returned hit=79 actor=00000001607981C0 call_returned=1
tick=268350296 thread=23028 deferred_actor_begin hit=79 actor=0000000160797C80 bone="Bip01 R Forearm" mass=1.00000 impulse=(3.113,0.069,-0.131) expected_vtable=00000000C48D3750
tick=268350296 thread=23028 deferred_force_enter hit=79 actor=0000000160797C80 method=00000000C4697340
tick=268350296 thread=23028 deferred_actor_returned hit=79 actor=0000000160797C80 call_returned=1
tick=268350296 thread=23028 deferred_apply_end hit=79
tick=268358671 thread=23028 deferred_apply_begin hit=102 owner=000000016F2E9200 actors=13 age_ms=46 capture_thread=23028 planned_horizontal=269.74 safety_scale=1.00000
tick=268358671 thread=23028 deferred_actor_begin hit=102 actor=000000016079CE40 bone="Bip01" mass=1.00000 impulse=(-0.853,0.069,2.993) expected_vtable=00000000C48D3750
tick=268358671 thread=23028 deferred_force_enter hit=102 actor=000000016079CE40 method=00000000C4697340
tick=268358671 thread=23028 deferred_actor_returned hit=102 actor=000000016079CE40 call_returned=1
tick=268358671 thread=23028 deferred_actor_begin hit=102 actor=000000016079AA40 bone="Bip01 L Thigh" mass=1.00000 impulse=(-0.853,0.069,2.993) expected_vtable=00000000C48D3750
tick=268358687 thread=23028 deferred_force_enter hit=102 actor=000000016079AA40 method=00000000C4697340
tick=268358687 thread=23028 deferred_actor_returned hit=102 actor=000000016079AA40 call_returned=1
tick=268358687 thread=23028 deferred_actor_begin hit=102 actor=000000016079AB00 bone="Bip01 R Thigh" mass=1.00000 impulse=(-0.853,0.069,2.993) expected_vtable=00000000C48D3750
tick=268358687 thread=23028 deferred_force_enter hit=102 actor=000000016079AB00 method=00000000C4697340
tick=268358687 thread=23028 deferred_actor_returned hit=102 actor=000000016079AB00 call_returned=1
tick=268358687 thread=23028 deferred_actor_begin hit=102 actor=000000016079C0C0 bone="Bip01 L Calf" mass=1.00000 impulse=(-0.853,0.069,2.993) expected_vtable=00000000C48D3750
tick=268358687 thread=23028 deferred_force_enter hit=102 actor=000000016079C0C0 method=00000000C4697340
tick=268358687 thread=23028 deferred_actor_returned hit=102 actor=000000016079C0C0 call_returned=1
tick=268358687 thread=23028 deferred_actor_begin hit=102 actor=000000016079D080 bone="Bip01 R Calf" mass=1.00000 impulse=(-0.853,0.069,2.993) expected_vtable=00000000C48D3750
tick=268358687 thread=23028 deferred_force_enter hit=102 actor=000000016079D080 method=00000000C4697340
tick=268358687 thread=23028 deferred_actor_returned hit=102 actor=000000016079D080 call_returned=1
tick=268358687 thread=23028 deferred_actor_begin hit=102 actor=000000016079BDC0 bone="Bip01 Spine1" mass=1.00000 impulse=(-0.853,0.069,2.993) expected_vtable=00000000C48D3750
tick=268358687 thread=23028 deferred_force_enter hit=102 actor=000000016079BDC0 method=00000000C4697340
tick=268358687 thread=23028 deferred_actor_returned hit=102 actor=000000016079BDC0 call_returned=1
tick=268358687 thread=23028 deferred_actor_begin hit=102 actor=000000016079BE80 bone="Bip01 Spine2" mass=1.00000 impulse=(-63.712,5.169,223.488) expected_vtable=00000000C48D3750
tick=268358687 thread=23028 deferred_force_enter hit=102 actor=000000016079BE80 method=00000000C4697340
tick=268358687 thread=23028 deferred_actor_returned hit=102 actor=000000016079BE80 call_returned=1
tick=268358687 thread=23028 deferred_actor_begin hit=102 actor=000000016079D8C0 bone="Bip01 Neck" mass=1.00000 impulse=(-0.853,0.069,2.993) expected_vtable=00000000C48D3750
tick=268358687 thread=23028 deferred_force_enter hit=102 actor=000000016079D8C0 method=00000000C4697340
tick=268358687 thread=23028 deferred_actor_returned hit=102 actor=000000016079D8C0 call_returned=1
tick=268358687 thread=23028 deferred_actor_begin hit=102 actor=000000016079C3C0 bone="Bip01 L UpperArm" mass=1.00000 impulse=(-0.853,0.069,2.993) expected_vtable=00000000C48D3750
tick=268358687 thread=23028 deferred_force_enter hit=102 actor=000000016079C3C0 method=00000000C4697340
tick=268358687 thread=23028 deferred_actor_returned hit=102 actor=000000016079C3C0 call_returned=1
tick=268358687 thread=23028 deferred_actor_begin hit=102 actor=000000016079AC80 bone="Bip01 Head" mass=1.00000 impulse=(-0.853,0.069,2.993) expected_vtable=00000000C48D3750
tick=268358687 thread=23028 deferred_force_enter hit=102 actor=000000016079AC80 method=00000000C4697340
tick=268358687 thread=23028 deferred_actor_returned hit=102 actor=000000016079AC80 call_returned=1
tick=268358687 thread=23028 deferred_actor_begin hit=102 actor=000000016079AD40 bone="Bip01 R UpperArm" mass=1.00000 impulse=(-0.853,0.069,2.993) expected_vtable=00000000C48D3750
tick=268358687 thread=23028 deferred_force_enter hit=102 actor=000000016079AD40 method=00000000C4697340
tick=268358687 thread=23028 deferred_actor_returned hit=102 actor=000000016079AD40 call_returned=1
tick=268358687 thread=23028 deferred_actor_begin hit=102 actor=000000016079ABC0 bone="Bip01 L Forearm" mass=1.00000 impulse=(-0.853,0.069,2.993) expected_vtable=00000000C48D3750
tick=268358687 thread=23028 deferred_force_enter hit=102 actor=000000016079ABC0 method=00000000C4697340
tick=268358687 thread=23028 deferred_actor_returned hit=102 actor=000000016079ABC0 call_returned=1
tick=268358687 thread=23028 deferred_actor_begin hit=102 actor=000000016079B7C0 bone="Bip01 R Forearm" mass=1.00000 impulse=(-0.853,0.069,2.993) expected_vtable=00000000C48D3750
tick=268358687 thread=23028 deferred_force_enter hit=102 actor=000000016079B7C0 method=00000000C4697340
tick=268358687 thread=23028 deferred_actor_returned hit=102 actor=000000016079B7C0 call_returned=1
tick=268358687 thread=23028 deferred_apply_end hit=102
tick=268363156 thread=23028 deferred_apply_begin hit=117 owner=000000016F2D8820 actors=13 age_ms=47 capture_thread=23028 planned_horizontal=609.32 safety_scale=1.00000
tick=268363156 thread=23028 deferred_actor_begin hit=117 actor=000000016079B700 bone="Bip01" mass=1.00000 impulse=(1.362,0.069,6.898) expected_vtable=00000000C48D3750
tick=268363156 thread=23028 deferred_force_enter hit=117 actor=000000016079B700 method=00000000C4697340
tick=268363156 thread=23028 deferred_actor_returned hit=117 actor=000000016079B700 call_returned=1
tick=268363156 thread=23028 deferred_actor_begin hit=117 actor=000000016079D140 bone="Bip01 L Thigh" mass=1.00000 impulse=(1.362,0.069,6.898) expected_vtable=00000000C48D3750
tick=268363156 thread=23028 deferred_force_enter hit=117 actor=000000016079D140 method=00000000C4697340
tick=268363156 thread=23028 deferred_actor_returned hit=117 actor=000000016079D140 call_returned=1
tick=268363156 thread=23028 deferred_actor_begin hit=117 actor=000000016079CFC0 bone="Bip01 R Thigh" mass=1.00000 impulse=(1.362,0.069,6.898) expected_vtable=00000000C48D3750
tick=268363156 thread=23028 deferred_force_enter hit=117 actor=000000016079CFC0 method=00000000C4697340
tick=268363156 thread=23028 deferred_actor_returned hit=117 actor=000000016079CFC0 call_returned=1
tick=268363156 thread=23028 deferred_actor_begin hit=117 actor=000000016079C900 bone="Bip01 L Calf" mass=1.00000 impulse=(1.362,0.069,6.898) expected_vtable=00000000C48D3750
tick=268363156 thread=23028 deferred_force_enter hit=117 actor=000000016079C900 method=00000000C4697340
tick=268363156 thread=23028 deferred_actor_returned hit=117 actor=000000016079C900 call_returned=1
tick=268363156 thread=23028 deferred_actor_begin hit=117 actor=000000016079BA00 bone="Bip01 R Calf" mass=1.00000 impulse=(1.362,0.069,6.898) expected_vtable=00000000C48D3750
tick=268363156 thread=23028 deferred_force_enter hit=117 actor=000000016079BA00 method=00000000C4697340
tick=268363156 thread=23028 deferred_actor_returned hit=117 actor=000000016079BA00 call_returned=1
tick=268363156 thread=23028 deferred_actor_begin hit=117 actor=000000016079C6C0 bone="Bip01 Spine1" mass=1.00000 impulse=(1.362,0.069,6.898) expected_vtable=00000000C48D3750
tick=268363156 thread=23028 deferred_force_enter hit=117 actor=000000016079C6C0 method=00000000C4697340
tick=268363156 thread=23028 deferred_actor_returned hit=117 actor=000000016079C6C0 call_returned=1
tick=268363156 thread=23028 deferred_actor_begin hit=117 actor=000000016079CF00 bone="Bip01 Spine2" mass=1.00000 impulse=(101.672,5.169,515.016) expected_vtable=00000000C48D3750
tick=268363156 thread=23028 deferred_force_enter hit=117 actor=000000016079CF00 method=00000000C4697340
tick=268363156 thread=23028 deferred_actor_returned hit=117 actor=000000016079CF00 call_returned=1
tick=268363156 thread=23028 deferred_actor_begin hit=117 actor=000000016079BAC0 bone="Bip01 Neck" mass=1.00000 impulse=(1.362,0.069,6.898) expected_vtable=00000000C48D3750
tick=268363156 thread=23028 deferred_force_enter hit=117 actor=000000016079BAC0 method=00000000C4697340
tick=268363156 thread=23028 deferred_actor_returned hit=117 actor=000000016079BAC0 call_returned=1
tick=268363156 thread=23028 deferred_actor_begin hit=117 actor=000000016079B640 bone="Bip01 L UpperArm" mass=1.00000 impulse=(1.362,0.069,6.898) expected_vtable=00000000C48D3750
tick=268363156 thread=23028 deferred_force_enter hit=117 actor=000000016079B640 method=00000000C4697340
tick=268363156 thread=23028 deferred_actor_returned hit=117 actor=000000016079B640 call_returned=1
tick=268363156 thread=23028 deferred_actor_begin hit=117 actor=000000016079D500 bone="Bip01 Head" mass=1.00000 impulse=(1.362,0.069,6.898) expected_vtable=00000000C48D3750
tick=268363156 thread=23028 deferred_force_enter hit=117 actor=000000016079D500 method=00000000C4697340
tick=268363156 thread=23028 deferred_actor_returned hit=117 actor=000000016079D500 call_returned=1
tick=268363156 thread=23028 deferred_actor_begin hit=117 actor=000000016079B280 bone="Bip01 R UpperArm" mass=1.00000 impulse=(1.362,0.069,6.898) expected_vtable=00000000C48D3750
tick=268363156 thread=23028 deferred_force_enter hit=117 actor=000000016079B280 method=00000000C4697340
tick=268363156 thread=23028 deferred_actor_returned hit=117 actor=000000016079B280 call_returned=1
tick=268363156 thread=23028 deferred_actor_begin hit=117 actor=000000016079B1C0 bone="Bip01 L Forearm" mass=1.00000 impulse=(1.362,0.069,6.898) expected_vtable=00000000C48D3750
tick=268363156 thread=23028 deferred_force_enter hit=117 actor=000000016079B1C0 method=00000000C4697340
tick=268363156 thread=23028 deferred_actor_returned hit=117 actor=000000016079B1C0 call_returned=1
tick=268363156 thread=23028 deferred_actor_begin hit=117 actor=000000016079BD00 bone="Bip01 R Forearm" mass=1.00000 impulse=(1.362,0.069,6.898) expected_vtable=00000000C48D3750
tick=268363156 thread=23028 deferred_force_enter hit=117 actor=000000016079BD00 method=00000000C4697340
tick=268363156 thread=23028 deferred_actor_returned hit=117 actor=000000016079BD00 call_returned=1
tick=268363156 thread=23028 deferred_apply_end hit=117
tick=268368156 thread=23028 deferred_apply_begin hit=129 owner=000000016F2CD0B0 actors=2 age_ms=47 capture_thread=23028 planned_horizontal=1701.45 safety_scale=1.00000
tick=268368156 thread=23028 deferred_actor_begin hit=129 actor=000000016079B580 bone="Bip01 L UpperArm" mass=1.00000 impulse=(-51.692,-37.833,116.670) expected_vtable=00000000C48D3750
tick=268368156 thread=23028 deferred_force_enter hit=129 actor=000000016079B580 method=00000000C4697340
tick=268368156 thread=23028 deferred_actor_returned hit=129 actor=000000016079B580 call_returned=1
tick=268368156 thread=23028 deferred_actor_begin hit=129 actor=000000016079C540 bone="Bip01 L Forearm" mass=1.00000 impulse=(-637.529,-466.603,1438.936) expected_vtable=00000000C48D3750
tick=268368156 thread=23028 deferred_force_enter hit=129 actor=000000016079C540 method=00000000C4697340
tick=268368156 thread=23028 deferred_actor_returned hit=129 actor=000000016079C540 call_returned=1
tick=268368156 thread=23028 deferred_apply_end hit=129
tick=268371484 thread=23028 deferred_apply_begin hit=139 owner=000000016EE1E900 actors=13 age_ms=47 capture_thread=23028 planned_horizontal=362.68 safety_scale=1.00000
tick=268371484 thread=23028 deferred_actor_begin hit=139 actor=000000016079D200 bone="Bip01" mass=1.00000 impulse=(3.601,0.069,-2.132) expected_vtable=00000000C48D3750
tick=268371484 thread=23028 deferred_force_enter hit=139 actor=000000016079D200 method=00000000C4697340
tick=268371484 thread=23028 deferred_actor_returned hit=139 actor=000000016079D200 call_returned=1
tick=268371484 thread=23028 deferred_actor_begin hit=139 actor=000000016079D5C0 bone="Bip01 L Thigh" mass=1.00000 impulse=(3.601,0.069,-2.132) expected_vtable=00000000C48D3750
tick=268371484 thread=23028 deferred_force_enter hit=139 actor=000000016079D5C0 method=00000000C4697340
tick=268371484 thread=23028 deferred_actor_returned hit=139 actor=000000016079D5C0 call_returned=1
tick=268371484 thread=23028 deferred_actor_begin hit=139 actor=000000016079D440 bone="Bip01 R Thigh" mass=1.00000 impulse=(3.601,0.069,-2.132) expected_vtable=00000000C48D3750
tick=268371484 thread=23028 deferred_force_enter hit=139 actor=000000016079D440 method=00000000C4697340
tick=268371484 thread=23028 deferred_actor_returned hit=139 actor=000000016079D440 call_returned=1
tick=268371484 thread=23028 deferred_actor_begin hit=139 actor=000000016079D380 bone="Bip01 L Calf" mass=1.00000 impulse=(3.601,0.069,-2.132) expected_vtable=00000000C48D3750
tick=268371484 thread=23028 deferred_force_enter hit=139 actor=000000016079D380 method=00000000C4697340
tick=268371484 thread=23028 deferred_actor_returned hit=139 actor=000000016079D380 call_returned=1
tick=268371484 thread=23028 deferred_actor_begin hit=139 actor=000000016079D980 bone="Bip01 R Calf" mass=1.00000 impulse=(3.601,0.069,-2.132) expected_vtable=00000000C48D3750
tick=268371484 thread=23028 deferred_force_enter hit=139 actor=000000016079D980 method=00000000C4697340
tick=268371484 thread=23028 deferred_actor_returned hit=139 actor=000000016079D980 call_returned=1
tick=268371500 thread=23028 deferred_actor_begin hit=139 actor=000000016079D680 bone="Bip01 Spine1" mass=1.00000 impulse=(3.601,0.069,-2.132) expected_vtable=00000000C48D3750
tick=268371500 thread=23028 deferred_force_enter hit=139 actor=000000016079D680 method=00000000C4697340
tick=268371500 thread=23028 deferred_actor_returned hit=139 actor=000000016079D680 call_returned=1
tick=268371500 thread=23028 deferred_actor_begin hit=139 actor=000000016079D740 bone="Bip01 Spine2" mass=1.00000 impulse=(268.882,5.169,-159.169) expected_vtable=00000000C48D3750
tick=268371500 thread=23028 deferred_force_enter hit=139 actor=000000016079D740 method=00000000C4697340
tick=268371500 thread=23028 deferred_actor_returned hit=139 actor=000000016079D740 call_returned=1
tick=268371500 thread=23028 deferred_actor_begin hit=139 actor=000000016079FC00 bone="Bip01 Neck" mass=1.00000 impulse=(3.601,0.069,-2.132) expected_vtable=00000000C48D3750
tick=268371500 thread=23028 deferred_force_enter hit=139 actor=000000016079FC00 method=00000000C4697340
tick=268371500 thread=23028 deferred_actor_returned hit=139 actor=000000016079FC00 call_returned=1
tick=268371500 thread=23028 deferred_actor_begin hit=139 actor=000000016079F240 bone="Bip01 L UpperArm" mass=1.00000 impulse=(3.601,0.069,-2.132) expected_vtable=00000000C48D3750
tick=268371500 thread=23028 deferred_force_enter hit=139 actor=000000016079F240 method=00000000C4697340
tick=268371500 thread=23028 deferred_actor_returned hit=139 actor=000000016079F240 call_returned=1
tick=268371500 thread=23028 deferred_actor_begin hit=139 actor=00000001607A0200 bone="Bip01 Head" mass=1.00000 impulse=(3.601,0.069,-2.132) expected_vtable=00000000C48D3750
tick=268371500 thread=23028 deferred_force_enter hit=139 actor=00000001607A0200 method=00000000C4697340
tick=268371500 thread=23028 deferred_actor_returned hit=139 actor=00000001607A0200 call_returned=1
tick=268371500 thread=23028 deferred_actor_begin hit=139 actor=000000016079EAC0 bone="Bip01 R UpperArm" mass=1.00000 impulse=(3.601,0.069,-2.132) expected_vtable=00000000C48D3750
tick=268371500 thread=23028 deferred_force_enter hit=139 actor=000000016079EAC0 method=00000000C4697340
tick=268371500 thread=23028 deferred_actor_returned hit=139 actor=000000016079EAC0 call_returned=1
tick=268371500 thread=23028 deferred_actor_begin hit=139 actor=000000016079E040 bone="Bip01 L Forearm" mass=1.00000 impulse=(3.601,0.069,-2.132) expected_vtable=00000000C48D3750
tick=268371500 thread=23028 deferred_force_enter hit=139 actor=000000016079E040 method=00000000C4697340
tick=268371500 thread=23028 deferred_actor_returned hit=139 actor=000000016079E040 call_returned=1
tick=268371500 thread=23028 deferred_actor_begin hit=139 actor=000000016079E4C0 bone="Bip01 R Forearm" mass=1.00000 impulse=(3.601,0.069,-2.132) expected_vtable=00000000C48D3750
tick=268371500 thread=23028 deferred_force_enter hit=139 actor=000000016079E4C0 method=00000000C4697340
tick=268371500 thread=23028 deferred_actor_returned hit=139 actor=000000016079E4C0 call_returned=1
tick=268371500 thread=23028 deferred_apply_end hit=139
tick=268372515 thread=23028 deferred_apply_begin hit=150 owner=000000016F2C7810 actors=13 age_ms=47 capture_thread=23028 planned_horizontal=928.72 safety_scale=1.00000
tick=268372515 thread=23028 deferred_actor_begin hit=150 actor=000000016079D800 bone="Bip01" mass=1.00000 impulse=(10.201,0.069,-3.281) expected_vtable=00000000C48D3750
tick=268372515 thread=23028 deferred_force_enter hit=150 actor=000000016079D800 method=00000000C4697340
tick=268372515 thread=23028 deferred_actor_returned hit=150 actor=000000016079D800 call_returned=1
tick=268372515 thread=23028 deferred_actor_begin hit=150 actor=00000001607A02C0 bone="Bip01 L Thigh" mass=1.00000 impulse=(10.201,0.069,-3.281) expected_vtable=00000000C48D3750
tick=268372515 thread=23028 deferred_force_enter hit=150 actor=00000001607A02C0 method=00000000C4697340
tick=268372515 thread=23028 deferred_actor_returned hit=150 actor=00000001607A02C0 call_returned=1
tick=268372515 thread=23028 deferred_actor_begin hit=150 actor=00000001607A0380 bone="Bip01 R Thigh" mass=1.00000 impulse=(10.201,0.069,-3.281) expected_vtable=00000000C48D3750
tick=268372515 thread=23028 deferred_force_enter hit=150 actor=00000001607A0380 method=00000000C4697340
tick=268372515 thread=23028 deferred_actor_returned hit=150 actor=00000001607A0380 call_returned=1
tick=268372531 thread=23028 deferred_actor_begin hit=150 actor=000000016079E280 bone="Bip01 L Calf" mass=1.00000 impulse=(10.201,0.069,-3.281) expected_vtable=00000000C48D3750
tick=268372531 thread=23028 deferred_force_enter hit=150 actor=000000016079E280 method=00000000C4697340
tick=268372531 thread=23028 deferred_actor_returned hit=150 actor=000000016079E280 call_returned=1
tick=268372531 thread=23028 deferred_actor_begin hit=150 actor=00000001607A0680 bone="Bip01 R Calf" mass=1.00000 impulse=(10.201,0.069,-3.281) expected_vtable=00000000C48D3750
tick=268372531 thread=23028 deferred_force_enter hit=150 actor=00000001607A0680 method=00000000C4697340
tick=268372531 thread=23028 deferred_actor_returned hit=150 actor=00000001607A0680 call_returned=1
tick=268372531 thread=23028 deferred_actor_begin hit=150 actor=000000016079FF00 bone="Bip01 Spine1" mass=1.00000 impulse=(761.702,5.169,-244.979) expected_vtable=00000000C48D3750
tick=268372531 thread=23028 deferred_force_enter hit=150 actor=000000016079FF00 method=00000000C4697340
tick=268372531 thread=23028 deferred_actor_returned hit=150 actor=000000016079FF00 call_returned=1
tick=268372531 thread=23028 deferred_actor_begin hit=150 actor=000000016079DB00 bone="Bip01 Spine2" mass=1.00000 impulse=(10.201,0.069,-3.281) expected_vtable=00000000C48D3750
tick=268372531 thread=23028 deferred_force_enter hit=150 actor=000000016079DB00 method=00000000C4697340
tick=268372531 thread=23028 deferred_actor_returned hit=150 actor=000000016079DB00 call_returned=1
tick=268372531 thread=23028 deferred_actor_begin hit=150 actor=000000016079DBC0 bone="Bip01 Neck" mass=1.00000 impulse=(10.201,0.069,-3.281) expected_vtable=00000000C48D3750
tick=268372531 thread=23028 deferred_force_enter hit=150 actor=000000016079DBC0 method=00000000C4697340
tick=268372531 thread=23028 deferred_actor_returned hit=150 actor=000000016079DBC0 call_returned=1
tick=268372531 thread=23028 deferred_actor_begin hit=150 actor=000000016079E1C0 bone="Bip01 L UpperArm" mass=1.00000 impulse=(10.201,0.069,-3.281) expected_vtable=00000000C48D3750
tick=268372531 thread=23028 deferred_force_enter hit=150 actor=000000016079E1C0 method=00000000C4697340
tick=268372531 thread=23028 deferred_actor_returned hit=150 actor=000000016079E1C0 call_returned=1
tick=268372531 thread=23028 deferred_actor_begin hit=150 actor=000000016079F300 bone="Bip01 Head" mass=1.00000 impulse=(10.201,0.069,-3.281) expected_vtable=00000000C48D3750
tick=268372531 thread=23028 deferred_force_enter hit=150 actor=000000016079F300 method=00000000C4697340
tick=268372531 thread=23028 deferred_actor_returned hit=150 actor=000000016079F300 call_returned=1
tick=268372531 thread=23028 deferred_actor_begin hit=150 actor=00000001607A0440 bone="Bip01 R UpperArm" mass=1.00000 impulse=(10.201,0.069,-3.281) expected_vtable=00000000C48D3750
tick=268372531 thread=23028 deferred_force_enter hit=150 actor=00000001607A0440 method=00000000C4697340
tick=268372531 thread=23028 deferred_actor_returned hit=150 actor=00000001607A0440 call_returned=1
tick=268372531 thread=23028 deferred_actor_begin hit=150 actor=000000016079F9C0 bone="Bip01 L Forearm" mass=1.00000 impulse=(10.201,0.069,-3.281) expected_vtable=00000000C48D3750
tick=268372531 thread=23028 deferred_force_enter hit=150 actor=000000016079F9C0 method=00000000C4697340
tick=268372531 thread=23028 deferred_actor_returned hit=150 actor=000000016079F9C0 call_returned=1
tick=268372531 thread=23028 deferred_actor_begin hit=150 actor=000000016079F0C0 bone="Bip01 R Forearm" mass=1.00000 impulse=(10.201,0.069,-3.281) expected_vtable=00000000C48D3750
tick=268372531 thread=23028 deferred_force_enter hit=150 actor=000000016079F0C0 method=00000000C4697340
tick=268372531 thread=23028 deferred_actor_returned hit=150 actor=000000016079F0C0 call_returned=1
tick=268372531 thread=23028 deferred_apply_end hit=150
tick=268382109 thread=23028 deferred_apply_begin hit=163 owner=000000016EDE7A60 actors=13 age_ms=47 capture_thread=23028 planned_horizontal=567.71 safety_scale=1.00000
tick=268382109 thread=23028 deferred_actor_begin hit=163 actor=000000016079E940 bone="Bip01" mass=1.00000 impulse=(-6.479,-1.896,-0.968) expected_vtable=00000000C48D3750
tick=268382109 thread=23028 deferred_force_enter hit=163 actor=000000016079E940 method=00000000C4697340
tick=268382109 thread=23028 deferred_actor_returned hit=163 actor=000000016079E940 call_returned=1
tick=268382109 thread=23028 deferred_actor_begin hit=163 actor=00000001607A05C0 bone="Bip01 L Thigh" mass=1.00000 impulse=(-6.479,-1.896,-0.968) expected_vtable=00000000C48D3750
tick=268382109 thread=23028 deferred_force_enter hit=163 actor=00000001607A05C0 method=00000000C4697340
tick=268382109 thread=23028 deferred_actor_returned hit=163 actor=00000001607A05C0 call_returned=1
tick=268382109 thread=23028 deferred_actor_begin hit=163 actor=000000016079DC80 bone="Bip01 R Thigh" mass=1.00000 impulse=(-6.479,-1.896,-0.968) expected_vtable=00000000C48D3750
tick=268382109 thread=23028 deferred_force_enter hit=163 actor=000000016079DC80 method=00000000C4697340
tick=268382109 thread=23028 deferred_actor_returned hit=163 actor=000000016079DC80 call_returned=1
tick=268382109 thread=23028 deferred_actor_begin hit=163 actor=000000016079F3C0 bone="Bip01 L Calf" mass=1.00000 impulse=(-6.479,-1.896,-0.968) expected_vtable=00000000C48D3750
tick=268382109 thread=23028 deferred_force_enter hit=163 actor=000000016079F3C0 method=00000000C4697340
tick=268382109 thread=23028 deferred_actor_returned hit=163 actor=000000016079F3C0 call_returned=1
tick=268382109 thread=23028 deferred_actor_begin hit=163 actor=000000016079F840 bone="Bip01 R Calf" mass=1.00000 impulse=(-6.479,-1.896,-0.968) expected_vtable=00000000C48D3750
tick=268382109 thread=23028 deferred_force_enter hit=163 actor=000000016079F840 method=00000000C4697340
tick=268382109 thread=23028 deferred_actor_returned hit=163 actor=000000016079F840 call_returned=1
tick=268382109 thread=23028 deferred_actor_begin hit=163 actor=000000016079EE80 bone="Bip01 Spine1" mass=1.00000 impulse=(-6.479,-1.896,-0.968) expected_vtable=00000000C48D3750
tick=268382109 thread=23028 deferred_force_enter hit=163 actor=000000016079EE80 method=00000000C4697340
tick=268382109 thread=23028 deferred_actor_returned hit=163 actor=000000016079EE80 call_returned=1
tick=268382109 thread=23028 deferred_actor_begin hit=163 actor=000000016079FB40 bone="Bip01 Spine2" mass=1.00000 impulse=(-483.738,-141.563,-72.267) expected_vtable=00000000C48D3750
tick=268382109 thread=23028 deferred_force_enter hit=163 actor=000000016079FB40 method=00000000C4697340
tick=268382109 thread=23028 deferred_actor_returned hit=163 actor=000000016079FB40 call_returned=1
tick=268382109 thread=23028 deferred_actor_begin hit=163 actor=000000016079E700 bone="Bip01 Neck" mass=1.00000 impulse=(-6.479,-1.896,-0.968) expected_vtable=00000000C48D3750
tick=268382109 thread=23028 deferred_force_enter hit=163 actor=000000016079E700 method=00000000C4697340
tick=268382109 thread=23028 deferred_actor_returned hit=163 actor=000000016079E700 call_returned=1
tick=268382109 thread=23028 deferred_actor_begin hit=163 actor=000000016079DD40 bone="Bip01 L UpperArm" mass=1.00000 impulse=(-6.479,-1.896,-0.968) expected_vtable=00000000C48D3750
tick=268382109 thread=23028 deferred_force_enter hit=163 actor=000000016079DD40 method=00000000C4697340
tick=268382109 thread=23028 deferred_actor_returned hit=163 actor=000000016079DD40 call_returned=1
tick=268382109 thread=23028 deferred_actor_begin hit=163 actor=000000016079FCC0 bone="Bip01 Head" mass=1.00000 impulse=(-6.479,-1.896,-0.968) expected_vtable=00000000C48D3750
tick=268382109 thread=23028 deferred_force_enter hit=163 actor=000000016079FCC0 method=00000000C4697340
tick=268382125 thread=23028 deferred_actor_returned hit=163 actor=000000016079FCC0 call_returned=1
tick=268382125 thread=23028 deferred_actor_begin hit=163 actor=000000016079FD80 bone="Bip01 R UpperArm" mass=1.00000 impulse=(-6.479,-1.896,-0.968) expected_vtable=00000000C48D3750
tick=268382125 thread=23028 deferred_force_enter hit=163 actor=000000016079FD80 method=00000000C4697340
tick=268382125 thread=23028 deferred_actor_returned hit=163 actor=000000016079FD80 call_returned=1
tick=268382125 thread=23028 deferred_actor_begin hit=163 actor=000000016079F180 bone="Bip01 L Forearm" mass=1.00000 impulse=(-6.479,-1.896,-0.968) expected_vtable=00000000C48D3750
tick=268382125 thread=23028 deferred_force_enter hit=163 actor=000000016079F180 method=00000000C4697340
tick=268382125 thread=23028 deferred_actor_returned hit=163 actor=000000016079F180 call_returned=1
tick=268382125 thread=23028 deferred_actor_begin hit=163 actor=000000016079DF80 bone="Bip01 R Forearm" mass=1.00000 impulse=(-6.479,-1.896,-0.968) expected_vtable=00000000C48D3750
tick=268382125 thread=23028 deferred_force_enter hit=163 actor=000000016079DF80 method=00000000C4697340
tick=268382125 thread=23028 deferred_actor_returned hit=163 actor=000000016079DF80 call_returned=1
tick=268382125 thread=23028 deferred_apply_end hit=163
tick=268400437 thread=23028 deferred_apply_begin hit=179 owner=000000016EE3A8F0 actors=13 age_ms=47 capture_thread=23028 planned_horizontal=352.30 safety_scale=1.00000
tick=268400437 thread=23028 deferred_actor_begin hit=179 actor=00000001607A0740 bone="Bip01" mass=1.00000 impulse=(3.501,-1.150,-2.065) expected_vtable=00000000C48D3750
tick=268400437 thread=23028 deferred_force_enter hit=179 actor=00000001607A0740 method=00000000C4697340
tick=268400437 thread=23028 deferred_actor_returned hit=179 actor=00000001607A0740 call_returned=1
tick=268400437 thread=23028 deferred_actor_begin hit=179 actor=00000001607A0140 bone="Bip01 L Thigh" mass=1.00000 impulse=(3.501,-1.150,-2.065) expected_vtable=00000000C48D3750
tick=268400437 thread=23028 deferred_force_enter hit=179 actor=00000001607A0140 method=00000000C4697340
tick=268400437 thread=23028 deferred_actor_returned hit=179 actor=00000001607A0140 call_returned=1
tick=268400437 thread=23028 deferred_actor_begin hit=179 actor=000000016079EA00 bone="Bip01 R Thigh" mass=1.00000 impulse=(3.501,-1.150,-2.065) expected_vtable=00000000C48D3750
tick=268400437 thread=23028 deferred_force_enter hit=179 actor=000000016079EA00 method=00000000C4697340
tick=268400437 thread=23028 deferred_actor_returned hit=179 actor=000000016079EA00 call_returned=1
tick=268400437 thread=23028 deferred_actor_begin hit=179 actor=00000001607A0500 bone="Bip01 L Calf" mass=1.00000 impulse=(3.501,-1.150,-2.065) expected_vtable=00000000C48D3750
tick=268400437 thread=23028 deferred_force_enter hit=179 actor=00000001607A0500 method=00000000C4697340
tick=268400437 thread=23028 deferred_actor_returned hit=179 actor=00000001607A0500 call_returned=1
tick=268400437 thread=23028 deferred_actor_begin hit=179 actor=00000001607A0800 bone="Bip01 R Calf" mass=1.00000 impulse=(3.501,-1.150,-2.065) expected_vtable=00000000C48D3750
tick=268400437 thread=23028 deferred_force_enter hit=179 actor=00000001607A0800 method=00000000C4697340
tick=268400437 thread=23028 deferred_actor_returned hit=179 actor=00000001607A0800 call_returned=1
tick=268400437 thread=23028 deferred_actor_begin hit=179 actor=000000016079EF40 bone="Bip01 Spine1" mass=1.00000 impulse=(3.501,-1.150,-2.065) expected_vtable=00000000C48D3750
tick=268400437 thread=23028 deferred_force_enter hit=179 actor=000000016079EF40 method=00000000C4697340
tick=268400437 thread=23028 deferred_actor_returned hit=179 actor=000000016079EF40 call_returned=1
tick=268400437 thread=23028 deferred_actor_begin hit=179 actor=000000016079FE40 bone="Bip01 Spine2" mass=1.00000 impulse=(261.445,-85.888,-154.186) expected_vtable=00000000C48D3750
tick=268400437 thread=23028 deferred_force_enter hit=179 actor=000000016079FE40 method=00000000C4697340
tick=268400437 thread=23028 deferred_actor_returned hit=179 actor=000000016079FE40 call_returned=1
tick=268400437 thread=23028 deferred_actor_begin hit=179 actor=000000016079F540 bone="Bip01 Neck" mass=1.00000 impulse=(3.501,-1.150,-2.065) expected_vtable=00000000C48D3750
tick=268400437 thread=23028 deferred_force_enter hit=179 actor=000000016079F540 method=00000000C4697340
tick=268400437 thread=23028 deferred_actor_returned hit=179 actor=000000016079F540 call_returned=1
tick=268400437 thread=23028 deferred_actor_begin hit=179 actor=000000016079E640 bone="Bip01 L UpperArm" mass=1.00000 impulse=(3.501,-1.150,-2.065) expected_vtable=00000000C48D3750
tick=268400453 thread=23028 deferred_force_enter hit=179 actor=000000016079E640 method=00000000C4697340
tick=268400453 thread=23028 deferred_actor_returned hit=179 actor=000000016079E640 call_returned=1
tick=268400453 thread=23028 deferred_actor_begin hit=179 actor=000000016079DA40 bone="Bip01 Head" mass=1.00000 impulse=(3.501,-1.150,-2.065) expected_vtable=00000000C48D3750
tick=268400453 thread=23028 deferred_force_enter hit=179 actor=000000016079DA40 method=00000000C4697340
tick=268400453 thread=23028 deferred_actor_returned hit=179 actor=000000016079DA40 call_returned=1
tick=268400453 thread=23028 deferred_actor_begin hit=179 actor=000000016079DEC0 bone="Bip01 R UpperArm" mass=1.00000 impulse=(3.501,-1.150,-2.065) expected_vtable=00000000C48D3750
tick=268400453 thread=23028 deferred_force_enter hit=179 actor=000000016079DEC0 method=00000000C4697340
tick=268400453 thread=23028 deferred_actor_returned hit=179 actor=000000016079DEC0 call_returned=1
tick=268400453 thread=23028 deferred_actor_begin hit=179 actor=00000001607A0980 bone="Bip01 L Forearm" mass=1.00000 impulse=(3.501,-1.150,-2.065) expected_vtable=00000000C48D3750
tick=268400453 thread=23028 deferred_force_enter hit=179 actor=00000001607A0980 method=00000000C4697340
tick=268400453 thread=23028 deferred_actor_returned hit=179 actor=00000001607A0980 call_returned=1
tick=268400453 thread=23028 deferred_actor_begin hit=179 actor=000000016079E100 bone="Bip01 R Forearm" mass=1.00000 impulse=(3.501,-1.150,-2.065) expected_vtable=00000000C48D3750
tick=268400453 thread=23028 deferred_force_enter hit=179 actor=000000016079E100 method=00000000C4697340
tick=268400453 thread=23028 deferred_actor_returned hit=179 actor=000000016079E100 call_returned=1
tick=268400453 thread=23028 deferred_apply_end hit=179
tick=268422812 thread=23028 deferred_apply_begin hit=199 owner=000000016F327FE0 actors=13 age_ms=47 capture_thread=23028 planned_horizontal=1043.73 safety_scale=1.00000
tick=268422812 thread=23028 deferred_actor_begin hit=199 actor=000000016079F780 bone="Bip01" mass=1.00000 impulse=(-5.589,-3.544,-10.668) expected_vtable=00000000C48D3750
tick=268422812 thread=23028 deferred_force_enter hit=199 actor=000000016079F780 method=00000000C4697340
tick=268422812 thread=23028 deferred_actor_returned hit=199 actor=000000016079F780 call_returned=1
tick=268422812 thread=23028 deferred_actor_begin hit=199 actor=000000016079EB80 bone="Bip01 L Thigh" mass=1.00000 impulse=(-5.589,-3.544,-10.668) expected_vtable=00000000C48D3750
tick=268422812 thread=23028 deferred_force_enter hit=199 actor=000000016079EB80 method=00000000C4697340
tick=268422812 thread=23028 deferred_actor_returned hit=199 actor=000000016079EB80 call_returned=1
tick=268422812 thread=23028 deferred_actor_begin hit=199 actor=000000016079FA80 bone="Bip01 R Thigh" mass=1.00000 impulse=(-5.589,-3.544,-10.668) expected_vtable=00000000C48D3750
tick=268422812 thread=23028 deferred_force_enter hit=199 actor=000000016079FA80 method=00000000C4697340
tick=268422812 thread=23028 deferred_actor_returned hit=199 actor=000000016079FA80 call_returned=1
tick=268422812 thread=23028 deferred_actor_begin hit=199 actor=000000016079EC40 bone="Bip01 L Calf" mass=1.00000 impulse=(-5.589,-3.544,-10.668) expected_vtable=00000000C48D3750
tick=268422812 thread=23028 deferred_force_enter hit=199 actor=000000016079EC40 method=00000000C4697340
tick=268422828 thread=23028 deferred_actor_returned hit=199 actor=000000016079EC40 call_returned=1
tick=268422828 thread=23028 deferred_actor_begin hit=199 actor=00000001607A0080 bone="Bip01 R Calf" mass=1.00000 impulse=(-5.589,-3.544,-10.668) expected_vtable=00000000C48D3750
tick=268422828 thread=23028 deferred_force_enter hit=199 actor=00000001607A0080 method=00000000C4697340
tick=268422828 thread=23028 deferred_actor_returned hit=199 actor=00000001607A0080 call_returned=1
tick=268422828 thread=23028 deferred_actor_begin hit=199 actor=000000016079ED00 bone="Bip01 Spine1" mass=1.00000 impulse=(-417.312,-264.596,-796.519) expected_vtable=00000000C48D3750
tick=268422828 thread=23028 deferred_force_enter hit=199 actor=000000016079ED00 method=00000000C4697340
tick=268422828 thread=23028 deferred_actor_returned hit=199 actor=000000016079ED00 call_returned=1
tick=268422828 thread=23028 deferred_actor_begin hit=199 actor=00000001607A2180 bone="Bip01 Spine2" mass=1.00000 impulse=(-5.589,-3.544,-10.668) expected_vtable=00000000C48D3750
tick=268422828 thread=23028 deferred_force_enter hit=199 actor=00000001607A2180 method=00000000C4697340
tick=268422828 thread=23028 deferred_actor_returned hit=199 actor=00000001607A2180 call_returned=1
tick=268422828 thread=23028 deferred_actor_begin hit=199 actor=00000001607A29C0 bone="Bip01 Neck" mass=1.00000 impulse=(-5.589,-3.544,-10.668) expected_vtable=00000000C48D3750
tick=268422828 thread=23028 deferred_force_enter hit=199 actor=00000001607A29C0 method=00000000C4697340
tick=268422828 thread=23028 deferred_actor_returned hit=199 actor=00000001607A29C0 call_returned=1
tick=268422828 thread=23028 deferred_actor_begin hit=199 actor=00000001607A0B00 bone="Bip01 L UpperArm" mass=1.00000 impulse=(-5.589,-3.544,-10.668) expected_vtable=00000000C48D3750
tick=268422828 thread=23028 deferred_force_enter hit=199 actor=00000001607A0B00 method=00000000C4697340
tick=268422828 thread=23028 deferred_actor_returned hit=199 actor=00000001607A0B00 call_returned=1
tick=268422828 thread=23028 deferred_actor_begin hit=199 actor=00000001607A1340 bone="Bip01 Head" mass=1.00000 impulse=(-5.589,-3.544,-10.668) expected_vtable=00000000C48D3750
tick=268422828 thread=23028 deferred_force_enter hit=199 actor=00000001607A1340 method=00000000C4697340
tick=268422828 thread=23028 deferred_actor_returned hit=199 actor=00000001607A1340 call_returned=1
tick=268422828 thread=23028 deferred_actor_begin hit=199 actor=00000001607A2540 bone="Bip01 R UpperArm" mass=1.00000 impulse=(-5.589,-3.544,-10.668) expected_vtable=00000000C48D3750
tick=268422828 thread=23028 deferred_force_enter hit=199 actor=00000001607A2540 method=00000000C4697340
tick=268422828 thread=23028 deferred_actor_returned hit=199 actor=00000001607A2540 call_returned=1
tick=268422828 thread=23028 deferred_actor_begin hit=199 actor=00000001607A3740 bone="Bip01 L Forearm" mass=1.00000 impulse=(-5.589,-3.544,-10.668) expected_vtable=00000000C48D3750
tick=268422828 thread=23028 deferred_force_enter hit=199 actor=00000001607A3740 method=00000000C4697340
tick=268422828 thread=23028 deferred_actor_returned hit=199 actor=00000001607A3740 call_returned=1
tick=268422828 thread=23028 deferred_actor_begin hit=199 actor=00000001607A2480 bone="Bip01 R Forearm" mass=1.00000 impulse=(-5.589,-3.544,-10.668) expected_vtable=00000000C48D3750
tick=268422828 thread=23028 deferred_force_enter hit=199 actor=00000001607A2480 method=00000000C4697340
tick=268422828 thread=23028 deferred_actor_returned hit=199 actor=00000001607A2480 call_returned=1
tick=268422828 thread=23028 deferred_apply_end hit=199
tick=268423890 thread=23028 deferred_apply_begin hit=202 owner=000000016F2EF0D0 actors=13 age_ms=47 capture_thread=23028 planned_horizontal=712.74 safety_scale=1.00000
tick=268423890 thread=23028 deferred_actor_begin hit=202 actor=00000001607A1280 bone="Bip01" mass=1.00000 impulse=(2.165,0.069,-7.934) expected_vtable=00000000C48D3750
tick=268423890 thread=23028 deferred_force_enter hit=202 actor=00000001607A1280 method=00000000C4697340
tick=268423890 thread=23028 deferred_actor_returned hit=202 actor=00000001607A1280 call_returned=1
tick=268423890 thread=23028 deferred_actor_begin hit=202 actor=00000001607A1940 bone="Bip01 L Thigh" mass=1.00000 impulse=(2.165,0.069,-7.934) expected_vtable=00000000C48D3750
tick=268423890 thread=23028 deferred_force_enter hit=202 actor=00000001607A1940 method=00000000C4697340
tick=268423890 thread=23028 deferred_actor_returned hit=202 actor=00000001607A1940 call_returned=1
tick=268423890 thread=23028 deferred_actor_begin hit=202 actor=00000001607A2780 bone="Bip01 R Thigh" mass=1.00000 impulse=(2.165,0.069,-7.934) expected_vtable=00000000C48D3750
tick=268423890 thread=23028 deferred_force_enter hit=202 actor=00000001607A2780 method=00000000C4697340
tick=268423890 thread=23028 deferred_actor_returned hit=202 actor=00000001607A2780 call_returned=1
tick=268423890 thread=23028 deferred_actor_begin hit=202 actor=00000001607A32C0 bone="Bip01 L Calf" mass=1.00000 impulse=(2.165,0.069,-7.934) expected_vtable=00000000C48D3750
tick=268423890 thread=23028 deferred_force_enter hit=202 actor=00000001607A32C0 method=00000000C4697340
tick=268423890 thread=23028 deferred_actor_returned hit=202 actor=00000001607A32C0 call_returned=1
tick=268423890 thread=23028 deferred_actor_begin hit=202 actor=00000001607A2840 bone="Bip01 R Calf" mass=1.00000 impulse=(2.165,0.069,-7.934) expected_vtable=00000000C48D3750
tick=268423890 thread=23028 deferred_force_enter hit=202 actor=00000001607A2840 method=00000000C4697340
tick=268423890 thread=23028 deferred_actor_returned hit=202 actor=00000001607A2840 call_returned=1
tick=268423890 thread=23028 deferred_actor_begin hit=202 actor=00000001607A2900 bone="Bip01 Spine1" mass=1.00000 impulse=(2.165,0.069,-7.934) expected_vtable=00000000C48D3750
tick=268423890 thread=23028 deferred_force_enter hit=202 actor=00000001607A2900 method=00000000C4697340
tick=268423906 thread=23028 deferred_actor_returned hit=202 actor=00000001607A2900 call_returned=1
tick=268423906 thread=23028 deferred_actor_begin hit=202 actor=00000001607A2D80 bone="Bip01 Spine2" mass=1.00000 impulse=(161.616,5.169,-592.406) expected_vtable=00000000C48D3750
tick=268423906 thread=23028 deferred_force_enter hit=202 actor=00000001607A2D80 method=00000000C4697340
tick=268423906 thread=23028 deferred_actor_returned hit=202 actor=00000001607A2D80 call_returned=1
tick=268423906 thread=23028 deferred_actor_begin hit=202 actor=00000001607A1E80 bone="Bip01 Neck" mass=1.00000 impulse=(2.165,0.069,-7.934) expected_vtable=00000000C48D3750
tick=268423906 thread=23028 deferred_force_enter hit=202 actor=00000001607A1E80 method=00000000C4697340
tick=268423906 thread=23028 deferred_actor_returned hit=202 actor=00000001607A1E80 call_returned=1
tick=268423906 thread=23028 deferred_actor_begin hit=202 actor=00000001607A35C0 bone="Bip01 L UpperArm" mass=1.00000 impulse=(2.165,0.069,-7.934) expected_vtable=00000000C48D3750
tick=268423906 thread=23028 deferred_force_enter hit=202 actor=00000001607A35C0 method=00000000C4697340
tick=268423906 thread=23028 deferred_actor_returned hit=202 actor=00000001607A35C0 call_returned=1
tick=268423906 thread=23028 deferred_actor_begin hit=202 actor=00000001607A2A80 bone="Bip01 Head" mass=1.00000 impulse=(2.165,0.069,-7.934) expected_vtable=00000000C48D3750
tick=268423906 thread=23028 deferred_force_enter hit=202 actor=00000001607A2A80 method=00000000C4697340
tick=268423906 thread=23028 deferred_actor_returned hit=202 actor=00000001607A2A80 call_returned=1
tick=268423906 thread=23028 deferred_actor_begin hit=202 actor=00000001607A1400 bone="Bip01 R UpperArm" mass=1.00000 impulse=(2.165,0.069,-7.934) expected_vtable=00000000C48D3750
tick=268423906 thread=23028 deferred_force_enter hit=202 actor=00000001607A1400 method=00000000C4697340
tick=268423906 thread=23028 deferred_actor_returned hit=202 actor=00000001607A1400 call_returned=1
tick=268423906 thread=23028 deferred_actor_begin hit=202 actor=00000001607A26C0 bone="Bip01 L Forearm" mass=1.00000 impulse=(2.165,0.069,-7.934) expected_vtable=00000000C48D3750
tick=268423906 thread=23028 deferred_force_enter hit=202 actor=00000001607A26C0 method=00000000C4697340
tick=268423906 thread=23028 deferred_actor_returned hit=202 actor=00000001607A26C0 call_returned=1
tick=268423906 thread=23028 deferred_actor_begin hit=202 actor=00000001607A3680 bone="Bip01 R Forearm" mass=1.00000 impulse=(2.165,0.069,-7.934) expected_vtable=00000000C48D3750
tick=268423906 thread=23028 deferred_force_enter hit=202 actor=00000001607A3680 method=00000000C4697340
tick=268423906 thread=23028 deferred_actor_returned hit=202 actor=00000001607A3680 call_returned=1
tick=268423906 thread=23028 deferred_apply_end hit=202
tick=268428343 thread=23028 deferred_apply_begin hit=211 owner=000000016F30B540 actors=13 age_ms=47 capture_thread=23028 planned_horizontal=872.65 safety_scale=1.00000
tick=268428343 thread=23028 deferred_actor_begin hit=211 actor=00000001607A3800 bone="Bip01" mass=1.00000 impulse=(9.841,0.069,2.132) expected_vtable=00000000C48D3750
tick=268428343 thread=23028 deferred_force_enter hit=211 actor=00000001607A3800 method=00000000C4697340
tick=268428343 thread=23028 deferred_actor_returned hit=211 actor=00000001607A3800 call_returned=1
tick=268428343 thread=23028 deferred_actor_begin hit=211 actor=00000001607A2300 bone="Bip01 L Thigh" mass=1.00000 impulse=(9.841,0.069,2.132) expected_vtable=00000000C48D3750
tick=268428343 thread=23028 deferred_force_enter hit=211 actor=00000001607A2300 method=00000000C4697340
tick=268428343 thread=23028 deferred_actor_returned hit=211 actor=00000001607A2300 call_returned=1
tick=268428343 thread=23028 deferred_actor_begin hit=211 actor=00000001607A2E40 bone="Bip01 R Thigh" mass=1.00000 impulse=(9.841,0.069,2.132) expected_vtable=00000000C48D3750
tick=268428343 thread=23028 deferred_force_enter hit=211 actor=00000001607A2E40 method=00000000C4697340
tick=268428343 thread=23028 deferred_actor_returned hit=211 actor=00000001607A2E40 call_returned=1
tick=268428343 thread=23028 deferred_actor_begin hit=211 actor=00000001607A14C0 bone="Bip01 L Calf" mass=1.00000 impulse=(9.841,0.069,2.132) expected_vtable=00000000C48D3750
tick=268428343 thread=23028 deferred_force_enter hit=211 actor=00000001607A14C0 method=00000000C4697340
tick=268428359 thread=23028 deferred_actor_returned hit=211 actor=00000001607A14C0 call_returned=1
tick=268428359 thread=23028 deferred_actor_begin hit=211 actor=00000001607A38C0 bone="Bip01 R Calf" mass=1.00000 impulse=(9.841,0.069,2.132) expected_vtable=00000000C48D3750
tick=268428359 thread=23028 deferred_force_enter hit=211 actor=00000001607A38C0 method=00000000C4697340
tick=268428359 thread=23028 deferred_actor_returned hit=211 actor=00000001607A38C0 call_returned=1
tick=268428359 thread=23028 deferred_actor_begin hit=211 actor=00000001607A2B40 bone="Bip01 Spine1" mass=1.00000 impulse=(9.841,0.069,2.132) expected_vtable=00000000C48D3750
tick=268428359 thread=23028 deferred_force_enter hit=211 actor=00000001607A2B40 method=00000000C4697340
tick=268428359 thread=23028 deferred_actor_returned hit=211 actor=00000001607A2B40 call_returned=1
tick=268428359 thread=23028 deferred_actor_begin hit=211 actor=00000001607A17C0 bone="Bip01 Spine2" mass=1.00000 impulse=(734.779,5.169,159.188) expected_vtable=00000000C48D3750
tick=268428359 thread=23028 deferred_force_enter hit=211 actor=00000001607A17C0 method=00000000C4697340
tick=268428359 thread=23028 deferred_actor_returned hit=211 actor=00000001607A17C0 call_returned=1
tick=268428359 thread=23028 deferred_actor_begin hit=211 actor=00000001607A3200 bone="Bip01 Neck" mass=1.00000 impulse=(9.841,0.069,2.132) expected_vtable=00000000C48D3750
tick=268428359 thread=23028 deferred_force_enter hit=211 actor=00000001607A3200 method=00000000C4697340
tick=268428359 thread=23028 deferred_actor_returned hit=211 actor=00000001607A3200 call_returned=1
tick=268428359 thread=23028 deferred_actor_begin hit=211 actor=00000001607A3140 bone="Bip01 L UpperArm" mass=1.00000 impulse=(9.841,0.069,2.132) expected_vtable=00000000C48D3750
tick=268428359 thread=23028 deferred_force_enter hit=211 actor=00000001607A3140 method=00000000C4697340
tick=268428359 thread=23028 deferred_actor_returned hit=211 actor=00000001607A3140 call_returned=1
tick=268428359 thread=23028 deferred_actor_begin hit=211 actor=00000001607A2C00 bone="Bip01 Head" mass=1.00000 impulse=(9.841,0.069,2.132) expected_vtable=00000000C48D3750
tick=268428375 thread=23028 deferred_force_enter hit=211 actor=00000001607A2C00 method=00000000C4697340
tick=268428375 thread=23028 deferred_actor_returned hit=211 actor=00000001607A2C00 call_returned=1
tick=268428375 thread=23028 deferred_actor_begin hit=211 actor=00000001607A0E00 bone="Bip01 R UpperArm" mass=1.00000 impulse=(9.841,0.069,2.132) expected_vtable=00000000C48D3750
tick=268428375 thread=23028 deferred_force_enter hit=211 actor=00000001607A0E00 method=00000000C4697340
tick=268428375 thread=23028 deferred_actor_returned hit=211 actor=00000001607A0E00 call_returned=1
tick=268428375 thread=23028 deferred_actor_begin hit=211 actor=00000001607A3500 bone="Bip01 L Forearm" mass=1.00000 impulse=(9.841,0.069,2.132) expected_vtable=00000000C48D3750
tick=268428375 thread=23028 deferred_force_enter hit=211 actor=00000001607A3500 method=00000000C4697340
tick=268428375 thread=23028 deferred_actor_returned hit=211 actor=00000001607A3500 call_returned=1
tick=268428375 thread=23028 deferred_actor_begin hit=211 actor=00000001607A23C0 bone="Bip01 R Forearm" mass=1.00000 impulse=(9.841,0.069,2.132) expected_vtable=00000000C48D3750
tick=268428375 thread=23028 deferred_force_enter hit=211 actor=00000001607A23C0 method=00000000C4697340
tick=268428375 thread=23028 deferred_actor_returned hit=211 actor=00000001607A23C0 call_returned=1
tick=268428375 thread=23028 deferred_apply_end hit=211
tick=268441765 thread=23028 deferred_apply_begin hit=222 owner=000000016F2F4970 actors=13 age_ms=47 capture_thread=23028 planned_horizontal=1469.06 safety_scale=1.00000
tick=268441781 thread=23028 deferred_actor_begin hit=222 actor=00000001607A1C40 bone="Bip01" mass=1.00000 impulse=(-14.336,-5.016,9.044) expected_vtable=00000000C48D3750
tick=268441781 thread=23028 deferred_force_enter hit=222 actor=00000001607A1C40 method=00000000C4697340
tick=268441781 thread=23028 deferred_actor_returned hit=222 actor=00000001607A1C40 call_returned=1
tick=268441781 thread=23028 deferred_actor_begin hit=222 actor=00000001607A1880 bone="Bip01 L Thigh" mass=1.00000 impulse=(-14.336,-5.016,9.044) expected_vtable=00000000C48D3750
tick=268441781 thread=23028 deferred_force_enter hit=222 actor=00000001607A1880 method=00000000C4697340
tick=268441781 thread=23028 deferred_actor_returned hit=222 actor=00000001607A1880 call_returned=1
tick=268441781 thread=23028 deferred_actor_begin hit=222 actor=00000001607A0EC0 bone="Bip01 R Thigh" mass=1.00000 impulse=(-14.336,-5.016,9.044) expected_vtable=00000000C48D3750
tick=268441781 thread=23028 deferred_force_enter hit=222 actor=00000001607A0EC0 method=00000000C4697340
tick=268441781 thread=23028 deferred_actor_returned hit=222 actor=00000001607A0EC0 call_returned=1
tick=268441781 thread=23028 deferred_actor_begin hit=222 actor=00000001607A0D40 bone="Bip01 L Calf" mass=1.00000 impulse=(-14.336,-5.016,9.044) expected_vtable=00000000C48D3750
tick=268441781 thread=23028 deferred_force_enter hit=222 actor=00000001607A0D40 method=00000000C4697340
tick=268441781 thread=23028 deferred_actor_returned hit=222 actor=00000001607A0D40 call_returned=1
tick=268441781 thread=23028 deferred_actor_begin hit=222 actor=00000001607A1F40 bone="Bip01 R Calf" mass=1.00000 impulse=(-14.336,-5.016,9.044) expected_vtable=00000000C48D3750
tick=268441781 thread=23028 deferred_force_enter hit=222 actor=00000001607A1F40 method=00000000C4697340
tick=268441781 thread=23028 deferred_actor_returned hit=222 actor=00000001607A1F40 call_returned=1
tick=268441781 thread=23028 deferred_actor_begin hit=222 actor=00000001607A2240 bone="Bip01 Spine1" mass=1.00000 impulse=(-14.336,-5.016,9.044) expected_vtable=00000000C48D3750
tick=268441781 thread=23028 deferred_force_enter hit=222 actor=00000001607A2240 method=00000000C4697340
tick=268441781 thread=23028 deferred_actor_returned hit=222 actor=00000001607A2240 call_returned=1
tick=268441781 thread=23028 deferred_actor_begin hit=222 actor=00000001607A0F80 bone="Bip01 Spine2" mass=1.00000 impulse=(-1070.445,-374.526,675.290) expected_vtable=00000000C48D3750
tick=268441781 thread=23028 deferred_force_enter hit=222 actor=00000001607A0F80 method=00000000C4697340
tick=268441781 thread=23028 deferred_actor_returned hit=222 actor=00000001607A0F80 call_returned=1
tick=268441781 thread=23028 deferred_actor_begin hit=222 actor=00000001607A6680 bone="Bip01 Neck" mass=1.00000 impulse=(-14.336,-5.016,9.044) expected_vtable=00000000C48D3750
tick=268441781 thread=23028 deferred_force_enter hit=222 actor=00000001607A6680 method=00000000C4697340
tick=268441781 thread=23028 deferred_actor_returned hit=222 actor=00000001607A6680 call_returned=1
tick=268441781 thread=23028 deferred_actor_begin hit=222 actor=00000001607A1040 bone="Bip01 L UpperArm" mass=1.00000 impulse=(-14.336,-5.016,9.044) expected_vtable=00000000C48D3750
tick=268441781 thread=23028 deferred_force_enter hit=222 actor=00000001607A1040 method=00000000C4697340
tick=268441781 thread=23028 deferred_actor_returned hit=222 actor=00000001607A1040 call_returned=1
tick=268441781 thread=23028 deferred_actor_begin hit=222 actor=00000001607A4340 bone="Bip01 Head" mass=1.00000 impulse=(-14.336,-5.016,9.044) expected_vtable=00000000C48D3750
tick=268441781 thread=23028 deferred_force_enter hit=222 actor=00000001607A4340 method=00000000C4697340
tick=268441781 thread=23028 deferred_actor_returned hit=222 actor=00000001607A4340 call_returned=1
tick=268441781 thread=23028 deferred_actor_begin hit=222 actor=00000001607A5240 bone="Bip01 R UpperArm" mass=1.00000 impulse=(-14.336,-5.016,9.044) expected_vtable=00000000C48D3750
tick=268441781 thread=23028 deferred_force_enter hit=222 actor=00000001607A5240 method=00000000C4697340
tick=268441781 thread=23028 deferred_actor_returned hit=222 actor=00000001607A5240 call_returned=1
tick=268441781 thread=23028 deferred_actor_begin hit=222 actor=00000001607A1100 bone="Bip01 L Forearm" mass=1.00000 impulse=(-14.336,-5.016,9.044) expected_vtable=00000000C48D3750
tick=268441781 thread=23028 deferred_force_enter hit=222 actor=00000001607A1100 method=00000000C4697340
tick=268441781 thread=23028 deferred_actor_returned hit=222 actor=00000001607A1100 call_returned=1
tick=268441781 thread=23028 deferred_actor_begin hit=222 actor=00000001607A4280 bone="Bip01 R Forearm" mass=1.00000 impulse=(-14.336,-5.016,9.044) expected_vtable=00000000C48D3750
tick=268441781 thread=23028 deferred_force_enter hit=222 actor=00000001607A4280 method=00000000C4697340
tick=268441781 thread=23028 deferred_actor_returned hit=222 actor=00000001607A4280 call_returned=1
tick=268441781 thread=23028 deferred_apply_end hit=222
tick=268448093 thread=23028 deferred_apply_begin hit=228 owner=000000016F311410 actors=13 age_ms=47 capture_thread=23028 planned_horizontal=942.49 safety_scale=1.00000
tick=268448093 thread=23028 deferred_actor_begin hit=228 actor=00000001607A4B80 bone="Bip01" mass=1.00000 impulse=(2.832,0.069,10.500) expected_vtable=00000000C48D3750
tick=268448093 thread=23028 deferred_force_enter hit=228 actor=00000001607A4B80 method=00000000C4697340
tick=268448093 thread=23028 deferred_actor_returned hit=228 actor=00000001607A4B80 call_returned=1
tick=268448093 thread=23028 deferred_actor_begin hit=228 actor=00000001607A5600 bone="Bip01 L Thigh" mass=1.00000 impulse=(2.832,0.069,10.500) expected_vtable=00000000C48D3750
tick=268448093 thread=23028 deferred_force_enter hit=228 actor=00000001607A5600 method=00000000C4697340
tick=268448093 thread=23028 deferred_actor_returned hit=228 actor=00000001607A5600 call_returned=1
tick=268448093 thread=23028 deferred_actor_begin hit=228 actor=00000001607A6740 bone="Bip01 R Thigh" mass=1.00000 impulse=(2.832,0.069,10.500) expected_vtable=00000000C48D3750
tick=268448093 thread=23028 deferred_force_enter hit=228 actor=00000001607A6740 method=00000000C4697340
tick=268448093 thread=23028 deferred_actor_returned hit=228 actor=00000001607A6740 call_returned=1
tick=268448093 thread=23028 deferred_actor_begin hit=228 actor=00000001607A3B00 bone="Bip01 L Calf" mass=1.00000 impulse=(2.832,0.069,10.500) expected_vtable=00000000C48D3750
tick=268448093 thread=23028 deferred_force_enter hit=228 actor=00000001607A3B00 method=00000000C4697340
tick=268448093 thread=23028 deferred_actor_returned hit=228 actor=00000001607A3B00 call_returned=1
tick=268448093 thread=23028 deferred_actor_begin hit=228 actor=00000001607A4C40 bone="Bip01 R Calf" mass=1.00000 impulse=(2.832,0.069,10.500) expected_vtable=00000000C48D3750
tick=268448093 thread=23028 deferred_force_enter hit=228 actor=00000001607A4C40 method=00000000C4697340
tick=268448093 thread=23028 deferred_actor_returned hit=228 actor=00000001607A4C40 call_returned=1
tick=268448093 thread=23028 deferred_actor_begin hit=228 actor=00000001607A62C0 bone="Bip01 Spine1" mass=1.00000 impulse=(2.832,0.069,10.500) expected_vtable=00000000C48D3750
tick=268448093 thread=23028 deferred_force_enter hit=228 actor=00000001607A62C0 method=00000000C4697340
tick=268448093 thread=23028 deferred_actor_returned hit=228 actor=00000001607A62C0 call_returned=1
tick=268448093 thread=23028 deferred_actor_begin hit=228 actor=00000001607A6380 bone="Bip01 Spine2" mass=1.00000 impulse=(211.464,5.169,783.972) expected_vtable=00000000C48D3750
tick=268448093 thread=23028 deferred_force_enter hit=228 actor=00000001607A6380 method=00000000C4697340
tick=268448093 thread=23028 deferred_actor_returned hit=228 actor=00000001607A6380 call_returned=1
tick=268448093 thread=23028 deferred_actor_begin hit=228 actor=00000001607A5CC0 bone="Bip01 Neck" mass=1.00000 impulse=(2.832,0.069,10.500) expected_vtable=00000000C48D3750
tick=268448093 thread=23028 deferred_force_enter hit=228 actor=00000001607A5CC0 method=00000000C4697340
tick=268448093 thread=23028 deferred_actor_returned hit=228 actor=00000001607A5CC0 call_returned=1
tick=268448093 thread=23028 deferred_actor_begin hit=228 actor=00000001607A4400 bone="Bip01 L UpperArm" mass=1.00000 impulse=(2.832,0.069,10.500) expected_vtable=00000000C48D3750
tick=268448093 thread=23028 deferred_force_enter hit=228 actor=00000001607A4400 method=00000000C4697340
tick=268448093 thread=23028 deferred_actor_returned hit=228 actor=00000001607A4400 call_returned=1
tick=268448093 thread=23028 deferred_actor_begin hit=228 actor=00000001607A4040 bone="Bip01 Head" mass=1.00000 impulse=(2.832,0.069,10.500) expected_vtable=00000000C48D3750
tick=268448093 thread=23028 deferred_force_enter hit=228 actor=00000001607A4040 method=00000000C4697340
tick=268448093 thread=23028 deferred_actor_returned hit=228 actor=00000001607A4040 call_returned=1
tick=268448093 thread=23028 deferred_actor_begin hit=228 actor=00000001607A4700 bone="Bip01 R UpperArm" mass=1.00000 impulse=(2.832,0.069,10.500) expected_vtable=00000000C48D3750
tick=268448093 thread=23028 deferred_force_enter hit=228 actor=00000001607A4700 method=00000000C4697340
tick=268448093 thread=23028 deferred_actor_returned hit=228 actor=00000001607A4700 call_returned=1
tick=268448109 thread=23028 deferred_actor_begin hit=228 actor=00000001607A4D00 bone="Bip01 L Forearm" mass=1.00000 impulse=(2.832,0.069,10.500) expected_vtable=00000000C48D3750
tick=268448109 thread=23028 deferred_force_enter hit=228 actor=00000001607A4D00 method=00000000C4697340
tick=268448109 thread=23028 deferred_actor_returned hit=228 actor=00000001607A4D00 call_returned=1
tick=268448109 thread=23028 deferred_actor_begin hit=228 actor=00000001607A59C0 bone="Bip01 R Forearm" mass=1.00000 impulse=(2.832,0.069,10.500) expected_vtable=00000000C48D3750
tick=268448109 thread=23028 deferred_force_enter hit=228 actor=00000001607A59C0 method=00000000C4697340
tick=268448109 thread=23028 deferred_actor_returned hit=228 actor=00000001607A59C0 call_returned=1
tick=268448109 thread=23028 deferred_apply_end hit=228
tick=268454140 thread=23028 deferred_apply_begin hit=235 owner=000000016F2CD0B0 actors=13 age_ms=47 capture_thread=23028 planned_horizontal=636.75 safety_scale=1.00000
tick=268454140 thread=23028 deferred_actor_begin hit=235 actor=000000016079B4C0 bone="Bip01" mass=1.00000 impulse=(7.304,0.069,0.798) expected_vtable=00000000C48D3750
tick=268454140 thread=23028 deferred_force_enter hit=235 actor=000000016079B4C0 method=00000000C4697340
tick=268454140 thread=23028 deferred_actor_returned hit=235 actor=000000016079B4C0 call_returned=1
tick=268454140 thread=23028 deferred_actor_begin hit=235 actor=000000016079C240 bone="Bip01 L Thigh" mass=1.00000 impulse=(7.304,0.069,0.798) expected_vtable=00000000C48D3750
tick=268454140 thread=23028 deferred_force_enter hit=235 actor=000000016079C240 method=00000000C4697340
tick=268454140 thread=23028 deferred_actor_returned hit=235 actor=000000016079C240 call_returned=1
tick=268454140 thread=23028 deferred_actor_begin hit=235 actor=000000016079BF40 bone="Bip01 R Thigh" mass=1.00000 impulse=(7.304,0.069,0.798) expected_vtable=00000000C48D3750
tick=268454140 thread=23028 deferred_force_enter hit=235 actor=000000016079BF40 method=00000000C4697340
tick=268454140 thread=23028 deferred_actor_returned hit=235 actor=000000016079BF40 call_returned=1
tick=268454140 thread=23028 deferred_actor_begin hit=235 actor=000000016079C300 bone="Bip01 L Calf" mass=1.00000 impulse=(7.304,0.069,0.798) expected_vtable=00000000C48D3750
tick=268454140 thread=23028 deferred_force_enter hit=235 actor=000000016079C300 method=00000000C4697340
tick=268454140 thread=23028 deferred_actor_returned hit=235 actor=000000016079C300 call_returned=1
tick=268454140 thread=23028 deferred_actor_begin hit=235 actor=000000016079C780 bone="Bip01 R Calf" mass=1.00000 impulse=(7.304,0.069,0.798) expected_vtable=00000000C48D3750
tick=268454140 thread=23028 deferred_force_enter hit=235 actor=000000016079C780 method=00000000C4697340
tick=268454140 thread=23028 deferred_actor_returned hit=235 actor=000000016079C780 call_returned=1
tick=268454140 thread=23028 deferred_actor_begin hit=235 actor=000000016079C000 bone="Bip01 Spine1" mass=1.00000 impulse=(545.342,5.169,59.556) expected_vtable=00000000C48D3750
tick=268454140 thread=23028 deferred_force_enter hit=235 actor=000000016079C000 method=00000000C4697340
tick=268454140 thread=23028 deferred_actor_returned hit=235 actor=000000016079C000 call_returned=1
tick=268454140 thread=23028 deferred_actor_begin hit=235 actor=000000016079C480 bone="Bip01 Spine2" mass=1.00000 impulse=(7.304,0.069,0.798) expected_vtable=00000000C48D3750
tick=268454140 thread=23028 deferred_force_enter hit=235 actor=000000016079C480 method=00000000C4697340
tick=268454140 thread=23028 deferred_actor_returned hit=235 actor=000000016079C480 call_returned=1
tick=268454140 thread=23028 deferred_actor_begin hit=235 actor=000000016079C600 bone="Bip01 Neck" mass=1.00000 impulse=(7.304,0.069,0.798) expected_vtable=00000000C48D3750
tick=268454140 thread=23028 deferred_force_enter hit=235 actor=000000016079C600 method=00000000C4697340
tick=268454140 thread=23028 deferred_actor_returned hit=235 actor=000000016079C600 call_returned=1
tick=268454140 thread=23028 deferred_actor_begin hit=235 actor=000000016079B580 bone="Bip01 L UpperArm" mass=1.00000 impulse=(7.304,0.069,0.798) expected_vtable=00000000C48D3750
tick=268454140 thread=23028 deferred_force_enter hit=235 actor=000000016079B580 method=00000000C4697340
tick=268454140 thread=23028 deferred_actor_returned hit=235 actor=000000016079B580 call_returned=1
tick=268454140 thread=23028 deferred_actor_begin hit=235 actor=000000016079CC00 bone="Bip01 Head" mass=1.00000 impulse=(7.304,0.069,0.798) expected_vtable=00000000C48D3750
tick=268454140 thread=23028 deferred_force_enter hit=235 actor=000000016079CC00 method=00000000C4697340
tick=268454140 thread=23028 deferred_actor_returned hit=235 actor=000000016079CC00 call_returned=1
tick=268454140 thread=23028 deferred_actor_begin hit=235 actor=000000016079C840 bone="Bip01 R UpperArm" mass=1.00000 impulse=(7.304,0.069,0.798) expected_vtable=00000000C48D3750
tick=268454140 thread=23028 deferred_force_enter hit=235 actor=000000016079C840 method=00000000C4697340
tick=268454140 thread=23028 deferred_actor_returned hit=235 actor=000000016079C840 call_returned=1
tick=268454140 thread=23028 deferred_actor_begin hit=235 actor=000000016079C540 bone="Bip01 L Forearm" mass=1.00000 impulse=(7.304,0.069,0.798) expected_vtable=00000000C48D3750
tick=268454140 thread=23028 deferred_force_enter hit=235 actor=000000016079C540 method=00000000C4697340
tick=268454140 thread=23028 deferred_actor_returned hit=235 actor=000000016079C540 call_returned=1
tick=268454140 thread=23028 deferred_actor_begin hit=235 actor=000000016079C9C0 bone="Bip01 R Forearm" mass=1.00000 impulse=(7.304,0.069,0.798) expected_vtable=00000000C48D3750
tick=268454140 thread=23028 deferred_force_enter hit=235 actor=000000016079C9C0 method=00000000C4697340
tick=268454140 thread=23028 deferred_actor_returned hit=235 actor=000000016079C9C0 call_returned=1
tick=268454140 thread=23028 deferred_apply_end hit=235
tick=268468859 thread=23028 deferred_apply_begin hit=239 owner=000000016F27CAD0 actors=13 age_ms=47 capture_thread=23028 planned_horizontal=1648.79 safety_scale=1.00000
tick=268468859 thread=23028 deferred_actor_begin hit=239 actor=00000001607A5180 bone="Bip01" mass=1.00000 impulse=(-1.224,-5.638,18.985) expected_vtable=00000000C48D3750
tick=268468859 thread=23028 deferred_force_enter hit=239 actor=00000001607A5180 method=00000000C4697340
tick=268468859 thread=23028 deferred_actor_returned hit=239 actor=00000001607A5180 call_returned=1
tick=268468859 thread=23028 deferred_actor_begin hit=239 actor=00000001607A5540 bone="Bip01 L Thigh" mass=1.00000 impulse=(-1.224,-5.638,18.985) expected_vtable=00000000C48D3750
tick=268468859 thread=23028 deferred_force_enter hit=239 actor=00000001607A5540 method=00000000C4697340
tick=268468859 thread=23028 deferred_actor_returned hit=239 actor=00000001607A5540 call_returned=1
tick=268468859 thread=23028 deferred_actor_begin hit=239 actor=00000001607A5F00 bone="Bip01 R Thigh" mass=1.00000 impulse=(-1.224,-5.638,18.985) expected_vtable=00000000C48D3750
tick=268468859 thread=23028 deferred_force_enter hit=239 actor=00000001607A5F00 method=00000000C4697340
tick=268468859 thread=23028 deferred_actor_returned hit=239 actor=00000001607A5F00 call_returned=1
tick=268468859 thread=23028 deferred_actor_begin hit=239 actor=00000001607A56C0 bone="Bip01 L Calf" mass=1.00000 impulse=(-1.224,-5.638,18.985) expected_vtable=00000000C48D3750
tick=268468859 thread=23028 deferred_force_enter hit=239 actor=00000001607A56C0 method=00000000C4697340
tick=268468859 thread=23028 deferred_actor_returned hit=239 actor=00000001607A56C0 call_returned=1
tick=268468859 thread=23028 deferred_actor_begin hit=239 actor=00000001607A5FC0 bone="Bip01 R Calf" mass=1.00000 impulse=(-1.224,-5.638,18.985) expected_vtable=00000000C48D3750
tick=268468859 thread=23028 deferred_force_enter hit=239 actor=00000001607A5FC0 method=00000000C4697340
tick=268468859 thread=23028 deferred_actor_returned hit=239 actor=00000001607A5FC0 call_returned=1
tick=268468859 thread=23028 deferred_actor_begin hit=239 actor=00000001607A6140 bone="Bip01 Spine1" mass=1.00000 impulse=(-1.224,-5.638,18.985) expected_vtable=00000000C48D3750
tick=268468859 thread=23028 deferred_force_enter hit=239 actor=00000001607A6140 method=00000000C4697340
tick=268468859 thread=23028 deferred_actor_returned hit=239 actor=00000001607A6140 call_returned=1
tick=268468859 thread=23028 deferred_actor_begin hit=239 actor=00000001607A6200 bone="Bip01 Spine2" mass=1.00000 impulse=(-91.365,-420.981,1417.559) expected_vtable=00000000C48D3750
tick=268468859 thread=23028 deferred_force_enter hit=239 actor=00000001607A6200 method=00000000C4697340
tick=268468859 thread=23028 deferred_actor_returned hit=239 actor=00000001607A6200 call_returned=1
tick=268468859 thread=23028 deferred_actor_begin hit=239 actor=00000001607A7400 bone="Bip01 Neck" mass=1.00000 impulse=(-1.224,-5.638,18.985) expected_vtable=00000000C48D3750
tick=268468859 thread=23028 deferred_force_enter hit=239 actor=00000001607A7400 method=00000000C4697340
tick=268468859 thread=23028 deferred_actor_returned hit=239 actor=00000001607A7400 call_returned=1
tick=268468859 thread=23028 deferred_actor_begin hit=239 actor=00000001607A7E80 bone="Bip01 L UpperArm" mass=1.00000 impulse=(-1.224,-5.638,18.985) expected_vtable=00000000C48D3750
tick=268468859 thread=23028 deferred_force_enter hit=239 actor=00000001607A7E80 method=00000000C4697340
tick=268468859 thread=23028 deferred_actor_returned hit=239 actor=00000001607A7E80 call_returned=1
tick=268468859 thread=23028 deferred_actor_begin hit=239 actor=00000001607A74C0 bone="Bip01 Head" mass=1.00000 impulse=(-1.224,-5.638,18.985) expected_vtable=00000000C48D3750
tick=268468859 thread=23028 deferred_force_enter hit=239 actor=00000001607A74C0 method=00000000C4697340
tick=268468859 thread=23028 deferred_actor_returned hit=239 actor=00000001607A74C0 call_returned=1
tick=268468859 thread=23028 deferred_actor_begin hit=239 actor=00000001607A9500 bone="Bip01 R UpperArm" mass=1.00000 impulse=(-1.224,-5.638,18.985) expected_vtable=00000000C48D3750
tick=268468859 thread=23028 deferred_force_enter hit=239 actor=00000001607A9500 method=00000000C4697340
tick=268468859 thread=23028 deferred_actor_returned hit=239 actor=00000001607A9500 call_returned=1
tick=268468859 thread=23028 deferred_actor_begin hit=239 actor=00000001607A9980 bone="Bip01 L Forearm" mass=1.00000 impulse=(-1.224,-5.638,18.985) expected_vtable=00000000C48D3750
tick=268468859 thread=23028 deferred_force_enter hit=239 actor=00000001607A9980 method=00000000C4697340
tick=268468859 thread=23028 deferred_actor_returned hit=239 actor=00000001607A9980 call_returned=1
tick=268468859 thread=23028 deferred_actor_begin hit=239 actor=00000001607A8000 bone="Bip01 R Forearm" mass=1.00000 impulse=(-1.224,-5.638,18.985) expected_vtable=00000000C48D3750
tick=268468859 thread=23028 deferred_force_enter hit=239 actor=00000001607A8000 method=00000000C4697340
tick=268468859 thread=23028 deferred_actor_returned hit=239 actor=00000001607A8000 call_returned=1
tick=268468859 thread=23028 deferred_apply_end hit=239
tick=268483578 thread=23028 deferred_apply_begin hit=244 owner=000000016F2DE0C0 actors=13 age_ms=47 capture_thread=23028 planned_horizontal=985.69 safety_scale=1.00000
tick=268483578 thread=23028 deferred_actor_begin hit=244 actor=0000000160796300 bone="Bip01" mass=1.00000 impulse=(11.123,0.069,2.372) expected_vtable=00000000C48D3750
tick=268483578 thread=23028 deferred_force_enter hit=244 actor=0000000160796300 method=00000000C4697340
tick=268483578 thread=23028 deferred_actor_returned hit=244 actor=0000000160796300 call_returned=1
tick=268483578 thread=23028 deferred_actor_begin hit=244 actor=0000000160796540 bone="Bip01 L Thigh" mass=1.00000 impulse=(11.123,0.069,2.372) expected_vtable=00000000C48D3750
tick=268483578 thread=23028 deferred_force_enter hit=244 actor=0000000160796540 method=00000000C4697340
tick=268483578 thread=23028 deferred_actor_returned hit=244 actor=0000000160796540 call_returned=1
tick=268483578 thread=23028 deferred_actor_begin hit=244 actor=0000000160796600 bone="Bip01 R Thigh" mass=1.00000 impulse=(11.123,0.069,2.372) expected_vtable=00000000C48D3750
tick=268483578 thread=23028 deferred_force_enter hit=244 actor=0000000160796600 method=00000000C4697340
tick=268483578 thread=23028 deferred_actor_returned hit=244 actor=0000000160796600 call_returned=1
tick=268483578 thread=23028 deferred_actor_begin hit=244 actor=0000000160794BC0 bone="Bip01 L Calf" mass=1.00000 impulse=(11.123,0.069,2.372) expected_vtable=00000000C48D3750
tick=268483578 thread=23028 deferred_force_enter hit=244 actor=0000000160794BC0 method=00000000C4697340
tick=268483578 thread=23028 deferred_actor_returned hit=244 actor=0000000160794BC0 call_returned=1
tick=268483578 thread=23028 deferred_actor_begin hit=244 actor=00000001607966C0 bone="Bip01 R Calf" mass=1.00000 impulse=(11.123,0.069,2.372) expected_vtable=00000000C48D3750
tick=268483578 thread=23028 deferred_force_enter hit=244 actor=00000001607966C0 method=00000000C4697340
tick=268483578 thread=23028 deferred_actor_returned hit=244 actor=00000001607966C0 call_returned=1
tick=268483578 thread=23028 deferred_actor_begin hit=244 actor=00000001607A9380 bone="Bip01 Spine1" mass=1.00000 impulse=(11.123,0.069,2.372) expected_vtable=00000000C48D3750
tick=268483578 thread=23028 deferred_force_enter hit=244 actor=00000001607A9380 method=00000000C4697340
tick=268483578 thread=23028 deferred_actor_returned hit=244 actor=00000001607A9380 call_returned=1
tick=268483578 thread=23028 deferred_actor_begin hit=244 actor=00000001607A8180 bone="Bip01 Spine2" mass=1.00000 impulse=(11.123,0.069,2.372) expected_vtable=00000000C48D3750
tick=268483578 thread=23028 deferred_force_enter hit=244 actor=00000001607A8180 method=00000000C4697340
tick=268483593 thread=23028 deferred_actor_returned hit=244 actor=00000001607A8180 call_returned=1
tick=268483593 thread=23028 deferred_actor_begin hit=244 actor=00000001607A6EC0 bone="Bip01 Neck" mass=1.00000 impulse=(11.123,0.069,2.372) expected_vtable=00000000C48D3750
tick=268483593 thread=23028 deferred_force_enter hit=244 actor=00000001607A6EC0 method=00000000C4697340
tick=268483593 thread=23028 deferred_actor_returned hit=244 actor=00000001607A6EC0 call_returned=1
tick=268483593 thread=23028 deferred_actor_begin hit=244 actor=00000001607A6C80 bone="Bip01 L UpperArm" mass=1.00000 impulse=(11.123,0.069,2.372) expected_vtable=00000000C48D3750
tick=268483593 thread=23028 deferred_force_enter hit=244 actor=00000001607A6C80 method=00000000C4697340
tick=268483593 thread=23028 deferred_actor_returned hit=244 actor=00000001607A6C80 call_returned=1
tick=268483593 thread=23028 deferred_actor_begin hit=244 actor=00000001607A8CC0 bone="Bip01 Head" mass=1.00000 impulse=(830.538,5.169,177.103) expected_vtable=00000000C48D3750
tick=268483593 thread=23028 deferred_force_enter hit=244 actor=00000001607A8CC0 method=00000000C4697340
tick=268483593 thread=23028 deferred_actor_returned hit=244 actor=00000001607A8CC0 call_returned=1
tick=268483593 thread=23028 deferred_actor_begin hit=244 actor=00000001607A80C0 bone="Bip01 R UpperArm" mass=1.00000 impulse=(11.123,0.069,2.372) expected_vtable=00000000C48D3750
tick=268483593 thread=23028 deferred_force_enter hit=244 actor=00000001607A80C0 method=00000000C4697340
tick=268483593 thread=23028 deferred_actor_returned hit=244 actor=00000001607A80C0 call_returned=1
tick=268483593 thread=23028 deferred_actor_begin hit=244 actor=00000001607A89C0 bone="Bip01 L Forearm" mass=1.00000 impulse=(11.123,0.069,2.372) expected_vtable=00000000C48D3750
tick=268483593 thread=23028 deferred_force_enter hit=244 actor=00000001607A89C0 method=00000000C4697340
tick=268483593 thread=23028 deferred_actor_returned hit=244 actor=00000001607A89C0 call_returned=1
tick=268483593 thread=23028 deferred_actor_begin hit=244 actor=00000001607A7C40 bone="Bip01 R Forearm" mass=1.00000 impulse=(11.123,0.069,2.372) expected_vtable=00000000C48D3750
tick=268483593 thread=23028 deferred_force_enter hit=244 actor=00000001607A7C40 method=00000000C4697340
tick=268483593 thread=23028 deferred_actor_returned hit=244 actor=00000001607A7C40 call_returned=1
tick=268483593 thread=23028 deferred_apply_end hit=244
tick=268492906 thread=23028 deferred_apply_begin hit=249 owner=000000016F2D2F80 actors=13 age_ms=47 capture_thread=23028 planned_horizontal=572.14 safety_scale=1.00000
tick=268492906 thread=23028 deferred_actor_begin hit=249 actor=00000001607A5300 bone="Bip01" mass=1.00000 impulse=(-4.308,0.069,-5.003) expected_vtable=00000000C48D3750
tick=268492906 thread=23028 deferred_force_enter hit=249 actor=00000001607A5300 method=00000000C4697340
tick=268492906 thread=23028 deferred_actor_returned hit=249 actor=00000001607A5300 call_returned=1
tick=268492906 thread=23028 deferred_actor_begin hit=249 actor=00000001607A5780 bone="Bip01 L Thigh" mass=1.00000 impulse=(-4.308,0.069,-5.003) expected_vtable=00000000C48D3750
tick=268492906 thread=23028 deferred_force_enter hit=249 actor=00000001607A5780 method=00000000C4697340
tick=268492906 thread=23028 deferred_actor_returned hit=249 actor=00000001607A5780 call_returned=1
tick=268492906 thread=23028 deferred_actor_begin hit=249 actor=00000001607A5480 bone="Bip01 R Thigh" mass=1.00000 impulse=(-4.308,0.069,-5.003) expected_vtable=00000000C48D3750
tick=268492906 thread=23028 deferred_force_enter hit=249 actor=00000001607A5480 method=00000000C4697340
tick=268492906 thread=23028 deferred_actor_returned hit=249 actor=00000001607A5480 call_returned=1
tick=268492906 thread=23028 deferred_actor_begin hit=249 actor=00000001607A3A40 bone="Bip01 L Calf" mass=1.00000 impulse=(-4.308,0.069,-5.003) expected_vtable=00000000C48D3750
tick=268492906 thread=23028 deferred_force_enter hit=249 actor=00000001607A3A40 method=00000000C4697340
tick=268492906 thread=23028 deferred_actor_returned hit=249 actor=00000001607A3A40 call_returned=1
tick=268492921 thread=23028 deferred_actor_begin hit=249 actor=00000001607A3BC0 bone="Bip01 R Calf" mass=1.00000 impulse=(-4.308,0.069,-5.003) expected_vtable=00000000C48D3750
tick=268492921 thread=23028 deferred_force_enter hit=249 actor=00000001607A3BC0 method=00000000C4697340
tick=268492921 thread=23028 deferred_actor_returned hit=249 actor=00000001607A3BC0 call_returned=1
tick=268492921 thread=23028 deferred_actor_begin hit=249 actor=00000001607A5900 bone="Bip01 Spine1" mass=1.00000 impulse=(-321.639,5.169,-373.524) expected_vtable=00000000C48D3750
tick=268492921 thread=23028 deferred_force_enter hit=249 actor=00000001607A5900 method=00000000C4697340
tick=268492921 thread=23028 deferred_actor_returned hit=249 actor=00000001607A5900 call_returned=1
tick=268492921 thread=23028 deferred_actor_begin hit=249 actor=00000001607A3C80 bone="Bip01 Spine2" mass=1.00000 impulse=(-4.308,0.069,-5.003) expected_vtable=00000000C48D3750
tick=268492921 thread=23028 deferred_force_enter hit=249 actor=00000001607A3C80 method=00000000C4697340
tick=268492921 thread=23028 deferred_actor_returned hit=249 actor=00000001607A3C80 call_returned=1
tick=268492921 thread=23028 deferred_actor_begin hit=249 actor=00000001607A3E00 bone="Bip01 Neck" mass=1.00000 impulse=(-4.308,0.069,-5.003) expected_vtable=00000000C48D3750
tick=268492921 thread=23028 deferred_force_enter hit=249 actor=00000001607A3E00 method=00000000C4697340
tick=268492921 thread=23028 deferred_actor_returned hit=249 actor=00000001607A3E00 call_returned=1
tick=268492921 thread=23028 deferred_actor_begin hit=249 actor=00000001607A3D40 bone="Bip01 L UpperArm" mass=1.00000 impulse=(-4.308,0.069,-5.003) expected_vtable=00000000C48D3750
tick=268492921 thread=23028 deferred_force_enter hit=249 actor=00000001607A3D40 method=00000000C4697340
tick=268492921 thread=23028 deferred_actor_returned hit=249 actor=00000001607A3D40 call_returned=1
tick=268492921 thread=23028 deferred_actor_begin hit=249 actor=00000001607A3EC0 bone="Bip01 Head" mass=1.00000 impulse=(-4.308,0.069,-5.003) expected_vtable=00000000C48D3750
tick=268492921 thread=23028 deferred_force_enter hit=249 actor=00000001607A3EC0 method=00000000C4697340
tick=268492921 thread=23028 deferred_actor_returned hit=249 actor=00000001607A3EC0 call_returned=1
tick=268492921 thread=23028 deferred_actor_begin hit=249 actor=00000001607A5B40 bone="Bip01 R UpperArm" mass=1.00000 impulse=(-4.308,0.069,-5.003) expected_vtable=00000000C48D3750
tick=268492921 thread=23028 deferred_force_enter hit=249 actor=00000001607A5B40 method=00000000C4697340
tick=268492921 thread=23028 deferred_actor_returned hit=249 actor=00000001607A5B40 call_returned=1
tick=268492921 thread=23028 deferred_actor_begin hit=249 actor=00000001607A5A80 bone="Bip01 L Forearm" mass=1.00000 impulse=(-4.308,0.069,-5.003) expected_vtable=00000000C48D3750
tick=268492921 thread=23028 deferred_force_enter hit=249 actor=00000001607A5A80 method=00000000C4697340
tick=268492921 thread=23028 deferred_actor_returned hit=249 actor=00000001607A5A80 call_returned=1
tick=268492921 thread=23028 deferred_actor_begin hit=249 actor=00000001607A44C0 bone="Bip01 R Forearm" mass=1.00000 impulse=(-4.308,0.069,-5.003) expected_vtable=00000000C48D3750
tick=268492921 thread=23028 deferred_force_enter hit=249 actor=00000001607A44C0 method=00000000C4697340
tick=268492921 thread=23028 deferred_actor_returned hit=249 actor=00000001607A44C0 call_returned=1
tick=268492921 thread=23028 deferred_apply_end hit=249
tick=268503093 thread=23028 deferred_apply_begin hit=255 owner=000000016F322740 actors=2 age_ms=47 capture_thread=23028 planned_horizontal=619.69 safety_scale=1.00000
tick=268503093 thread=23028 deferred_actor_begin hit=255 actor=0000000160791D40 bone="Bip01 R Thigh" mass=1.00000 impulse=(528.562,5.550,-221.798) expected_vtable=00000000C48D3750
tick=268503093 thread=23028 deferred_force_enter hit=255 actor=0000000160791D40 method=00000000C4697340
tick=268503093 thread=23028 deferred_actor_returned hit=255 actor=0000000160791D40 call_returned=1
tick=268503093 thread=23028 deferred_actor_begin hit=255 actor=00000001607A2FC0 bone="Bip01 R Calf" mass=1.00000 impulse=(42.856,0.450,-17.984) expected_vtable=00000000C48D3750
tick=268503093 thread=23028 deferred_force_enter hit=255 actor=00000001607A2FC0 method=00000000C4697340
tick=268503093 thread=23028 deferred_actor_returned hit=255 actor=00000001607A2FC0 call_returned=1
tick=268503093 thread=23028 deferred_apply_end hit=255
tick=268510031 thread=23028 deferred_apply_begin hit=261 owner=000000016FF6A300 actors=19 age_ms=47 capture_thread=23028 planned_horizontal=350.54 safety_scale=1.00000
tick=268510046 thread=23028 deferred_actor_begin hit=261 actor=0000000160791BC0 bone="Bip01" mass=1.00000 impulse=(-1.480,0.047,2.339) expected_vtable=00000000C48D3750
tick=268510046 thread=23028 deferred_force_enter hit=261 actor=0000000160791BC0 method=00000000C4697340
tick=268510046 thread=23028 deferred_actor_returned hit=261 actor=0000000160791BC0 call_returned=1
tick=268510046 thread=23028 deferred_actor_begin hit=261 actor=000000016078A180 bone="Bip01 L Thigh" mass=1.00000 impulse=(-1.480,0.047,2.339) expected_vtable=00000000C48D3750
tick=268510046 thread=23028 deferred_force_enter hit=261 actor=000000016078A180 method=00000000C4697340
tick=268510046 thread=23028 deferred_actor_returned hit=261 actor=000000016078A180 call_returned=1
tick=268510046 thread=23028 deferred_actor_begin hit=261 actor=0000000160789340 bone="Bip01 R Thigh" mass=1.00000 impulse=(-1.480,0.047,2.339) expected_vtable=00000000C48D3750
tick=268510046 thread=23028 deferred_force_enter hit=261 actor=0000000160789340 method=00000000C4697340
tick=268510046 thread=23028 deferred_actor_returned hit=261 actor=0000000160789340 call_returned=1
tick=268510046 thread=23028 deferred_actor_begin hit=261 actor=000000016078AE40 bone="Bip01 Spine1" mass=1.00000 impulse=(-1.480,0.047,2.339) expected_vtable=00000000C48D3750
tick=268510046 thread=23028 deferred_force_enter hit=261 actor=000000016078AE40 method=00000000C4697340
tick=268510046 thread=23028 deferred_actor_returned hit=261 actor=000000016078AE40 call_returned=1
tick=268510046 thread=23028 deferred_actor_begin hit=261 actor=000000016078A240 bone="Bip01 L Calf" mass=1.00000 impulse=(-1.480,0.047,2.339) expected_vtable=00000000C48D3750
tick=268510046 thread=23028 deferred_force_enter hit=261 actor=000000016078A240 method=00000000C4697340
tick=268510046 thread=23028 deferred_actor_returned hit=261 actor=000000016078A240 call_returned=1
tick=268510046 thread=23028 deferred_actor_begin hit=261 actor=000000016078B380 bone="Bip01 R Calf" mass=1.00000 impulse=(-1.480,0.047,2.339) expected_vtable=00000000C48D3750
tick=268510046 thread=23028 deferred_force_enter hit=261 actor=000000016078B380 method=00000000C4697340
tick=268510046 thread=23028 deferred_actor_returned hit=261 actor=000000016078B380 call_returned=1
tick=268510046 thread=23028 deferred_actor_begin hit=261 actor=000000016078B500 bone="Bip01 Spine2" mass=1.00000 impulse=(-1.480,0.047,2.339) expected_vtable=00000000C48D3750
tick=268510046 thread=23028 deferred_force_enter hit=261 actor=000000016078B500 method=00000000C4697340
tick=268510046 thread=23028 deferred_actor_returned hit=261 actor=000000016078B500 call_returned=1
tick=268510046 thread=23028 deferred_actor_begin hit=261 actor=000000016078B200 bone="Bip01 L Foot" mass=1.00000 impulse=(-1.480,0.047,2.339) expected_vtable=00000000C48D3750
tick=268510046 thread=23028 deferred_force_enter hit=261 actor=000000016078B200 method=00000000C4697340
tick=268510046 thread=23028 deferred_actor_returned hit=261 actor=000000016078B200 call_returned=1
tick=268510046 thread=23028 deferred_actor_begin hit=261 actor=000000016078A540 bone="Bip01 R Foot" mass=1.00000 impulse=(-1.480,0.047,2.339) expected_vtable=00000000C48D3750
tick=268510062 thread=23028 deferred_force_enter hit=261 actor=000000016078A540 method=00000000C4697340
tick=268510062 thread=23028 deferred_actor_returned hit=261 actor=000000016078A540 call_returned=1
tick=268510062 thread=23028 deferred_actor_begin hit=261 actor=000000016078B440 bone="Bip01 Neck" mass=1.00000 impulse=(-1.480,0.047,2.339) expected_vtable=00000000C48D3750
tick=268510062 thread=23028 deferred_force_enter hit=261 actor=000000016078B440 method=00000000C4697340
tick=268510062 thread=23028 deferred_actor_returned hit=261 actor=000000016078B440 call_returned=1
tick=268510062 thread=23028 deferred_actor_begin hit=261 actor=000000016078B680 bone="Bip01 Head" mass=1.00000 impulse=(-160.819,5.147,254.117) expected_vtable=00000000C48D3750
tick=268510062 thread=23028 deferred_force_enter hit=261 actor=000000016078B680 method=00000000C4697340
tick=268510062 thread=23028 deferred_actor_returned hit=261 actor=000000016078B680 call_returned=1
tick=268510062 thread=23028 deferred_actor_begin hit=261 actor=000000016078B740 bone="Bip01 L Clavicle" mass=1.00000 impulse=(-1.480,0.047,2.339) expected_vtable=00000000C48D3750
tick=268510062 thread=23028 deferred_force_enter hit=261 actor=000000016078B740 method=00000000C4697340
tick=268510062 thread=23028 deferred_actor_returned hit=261 actor=000000016078B740 call_returned=1
tick=268510062 thread=23028 deferred_actor_begin hit=261 actor=000000016078D6C0 bone="Bip01 R Clavicle" mass=1.00000 impulse=(-1.480,0.047,2.339) expected_vtable=00000000C48D3750
tick=268510062 thread=23028 deferred_force_enter hit=261 actor=000000016078D6C0 method=00000000C4697340
tick=268510062 thread=23028 deferred_actor_returned hit=261 actor=000000016078D6C0 call_returned=1
tick=268510062 thread=23028 deferred_actor_begin hit=261 actor=000000016078B800 bone="Bip01 L UpperArm" mass=1.00000 impulse=(-1.480,0.047,2.339) expected_vtable=00000000C48D3750
tick=268510062 thread=23028 deferred_force_enter hit=261 actor=000000016078B800 method=00000000C4697340
tick=268510062 thread=23028 deferred_actor_returned hit=261 actor=000000016078B800 call_returned=1
tick=268510062 thread=23028 deferred_actor_begin hit=261 actor=00000001607903C0 bone="Bip01 R UpperArm" mass=1.00000 impulse=(-1.480,0.047,2.339) expected_vtable=00000000C48D3750
tick=268510062 thread=23028 deferred_force_enter hit=261 actor=00000001607903C0 method=00000000C4697340
tick=268510062 thread=23028 deferred_actor_returned hit=261 actor=00000001607903C0 call_returned=1
tick=268510062 thread=23028 deferred_actor_begin hit=261 actor=0000000160788BC0 bone="Bip01 L Forearm" mass=1.00000 impulse=(-1.480,0.047,2.339) expected_vtable=00000000C48D3750
tick=268510062 thread=23028 deferred_force_enter hit=261 actor=0000000160788BC0 method=00000000C4697340
tick=268510062 thread=23028 deferred_actor_returned hit=261 actor=0000000160788BC0 call_returned=1
tick=268510062 thread=23028 deferred_actor_begin hit=261 actor=000000016078EA40 bone="Bip01 R Forearm" mass=1.00000 impulse=(-1.480,0.047,2.339) expected_vtable=00000000C48D3750
tick=268510062 thread=23028 deferred_force_enter hit=261 actor=000000016078EA40 method=00000000C4697340
tick=268510062 thread=23028 deferred_actor_returned hit=261 actor=000000016078EA40 call_returned=1
tick=268510062 thread=23028 deferred_actor_begin hit=261 actor=000000016078D3C0 bone="Bip01 L Hand" mass=1.00000 impulse=(-1.480,0.047,2.339) expected_vtable=00000000C48D3750
tick=268510062 thread=23028 deferred_force_enter hit=261 actor=000000016078D3C0 method=00000000C4697340
tick=268510062 thread=23028 deferred_actor_returned hit=261 actor=000000016078D3C0 call_returned=1
tick=268510062 thread=23028 deferred_actor_begin hit=261 actor=000000016078EE00 bone="Bip01 R Hand" mass=1.00000 impulse=(-1.480,0.047,2.339) expected_vtable=00000000C48D3750
tick=268510062 thread=23028 deferred_force_enter hit=261 actor=000000016078EE00 method=00000000C4697340
tick=268510062 thread=23028 deferred_actor_returned hit=261 actor=000000016078EE00 call_returned=1
tick=268510062 thread=23028 deferred_apply_end hit=261
tick=268513609 thread=23028 deferred_apply_begin hit=263 owner=000000016F322740 actors=2 age_ms=47 capture_thread=23028 planned_horizontal=472.71 safety_scale=1.00000
tick=268513609 thread=23028 deferred_actor_begin hit=263 actor=00000001607A4DC0 bone="Bip01 R Thigh" mass=1.00000 impulse=(263.860,5.550,348.666) expected_vtable=00000000C48D3750
tick=268513609 thread=23028 deferred_force_enter hit=263 actor=00000001607A4DC0 method=00000000C4697340
tick=268513609 thread=23028 deferred_actor_returned hit=263 actor=00000001607A4DC0 call_returned=1
tick=268513609 thread=23028 deferred_actor_begin hit=263 actor=00000001607A8300 bone="Bip01 R Calf" mass=1.00000 impulse=(21.394,0.450,28.270) expected_vtable=00000000C48D3750
tick=268513609 thread=23028 deferred_force_enter hit=263 actor=00000001607A8300 method=00000000C4697340
tick=268513609 thread=23028 deferred_actor_returned hit=263 actor=00000001607A8300 call_returned=1
tick=268513609 thread=23028 deferred_apply_end hit=263
tick=268515468 thread=23028 deferred_apply_begin hit=266 owner=000000016F2BC6D0 actors=13 age_ms=47 capture_thread=23028 planned_horizontal=1769.65 safety_scale=1.00000
tick=268515468 thread=23028 deferred_actor_begin hit=266 actor=00000001607A8540 bone="Bip01" mass=1.00000 impulse=(6.711,0.069,19.285) expected_vtable=00000000C48D3750
tick=268515468 thread=23028 deferred_force_enter hit=266 actor=00000001607A8540 method=00000000C4697340
tick=268515468 thread=23028 deferred_actor_returned hit=266 actor=00000001607A8540 call_returned=1
tick=268515468 thread=23028 deferred_actor_begin hit=266 actor=00000001607A8900 bone="Bip01 L Thigh" mass=1.00000 impulse=(6.711,0.069,19.285) expected_vtable=00000000C48D3750
tick=268515468 thread=23028 deferred_force_enter hit=266 actor=00000001607A8900 method=00000000C4697340
tick=268515468 thread=23028 deferred_actor_returned hit=266 actor=00000001607A8900 call_returned=1
tick=268515468 thread=23028 deferred_actor_begin hit=266 actor=00000001607A7280 bone="Bip01 R Thigh" mass=1.00000 impulse=(6.711,0.069,19.285) expected_vtable=00000000C48D3750
tick=268515468 thread=23028 deferred_force_enter hit=266 actor=00000001607A7280 method=00000000C4697340
tick=268515468 thread=23028 deferred_actor_returned hit=266 actor=00000001607A7280 call_returned=1
tick=268515468 thread=23028 deferred_actor_begin hit=266 actor=00000001607A6F80 bone="Bip01 L Calf" mass=1.00000 impulse=(6.711,0.069,19.285) expected_vtable=00000000C48D3750
tick=268515468 thread=23028 deferred_force_enter hit=266 actor=00000001607A6F80 method=00000000C4697340
tick=268515468 thread=23028 deferred_actor_returned hit=266 actor=00000001607A6F80 call_returned=1
tick=268515468 thread=23028 deferred_actor_begin hit=266 actor=00000001607A8600 bone="Bip01 R Calf" mass=1.00000 impulse=(6.711,0.069,19.285) expected_vtable=00000000C48D3750
tick=268515468 thread=23028 deferred_force_enter hit=266 actor=00000001607A8600 method=00000000C4697340
tick=268515468 thread=23028 deferred_actor_returned hit=266 actor=00000001607A8600 call_returned=1
tick=268515468 thread=23028 deferred_actor_begin hit=266 actor=00000001607A8840 bone="Bip01 Spine1" mass=1.00000 impulse=(501.113,5.169,1439.917) expected_vtable=00000000C48D3750
tick=268515468 thread=23028 deferred_force_enter hit=266 actor=00000001607A8840 method=00000000C4697340
tick=268515468 thread=23028 deferred_actor_returned hit=266 actor=00000001607A8840 call_returned=1
tick=268515468 thread=23028 deferred_actor_begin hit=266 actor=00000001607A7040 bone="Bip01 Spine2" mass=1.00000 impulse=(6.711,0.069,19.285) expected_vtable=00000000C48D3750
tick=268515468 thread=23028 deferred_force_enter hit=266 actor=00000001607A7040 method=00000000C4697340
tick=268515468 thread=23028 deferred_actor_returned hit=266 actor=00000001607A7040 call_returned=1
tick=268515468 thread=23028 deferred_actor_begin hit=266 actor=00000001607A7880 bone="Bip01 Neck" mass=1.00000 impulse=(6.711,0.069,19.285) expected_vtable=00000000C48D3750
tick=268515468 thread=23028 deferred_force_enter hit=266 actor=00000001607A7880 method=00000000C4697340
tick=268515468 thread=23028 deferred_actor_returned hit=266 actor=00000001607A7880 call_returned=1
tick=268515468 thread=23028 deferred_actor_begin hit=266 actor=00000001607A8B40 bone="Bip01 L UpperArm" mass=1.00000 impulse=(6.711,0.069,19.285) expected_vtable=00000000C48D3750
tick=268515468 thread=23028 deferred_force_enter hit=266 actor=00000001607A8B40 method=00000000C4697340
tick=268515468 thread=23028 deferred_actor_returned hit=266 actor=00000001607A8B40 call_returned=1
tick=268515468 thread=23028 deferred_actor_begin hit=266 actor=00000001607A7940 bone="Bip01 Head" mass=1.00000 impulse=(6.711,0.069,19.285) expected_vtable=00000000C48D3750
tick=268515468 thread=23028 deferred_force_enter hit=266 actor=00000001607A7940 method=00000000C4697340
tick=268515468 thread=23028 deferred_actor_returned hit=266 actor=00000001607A7940 call_returned=1
tick=268515468 thread=23028 deferred_actor_begin hit=266 actor=00000001607A7A00 bone="Bip01 R UpperArm" mass=1.00000 impulse=(6.711,0.069,19.285) expected_vtable=00000000C48D3750
tick=268515468 thread=23028 deferred_force_enter hit=266 actor=00000001607A7A00 method=00000000C4697340
tick=268515468 thread=23028 deferred_actor_returned hit=266 actor=00000001607A7A00 call_returned=1
tick=268515468 thread=23028 deferred_actor_begin hit=266 actor=00000001607A7100 bone="Bip01 L Forearm" mass=1.00000 impulse=(6.711,0.069,19.285) expected_vtable=00000000C48D3750
tick=268515468 thread=23028 deferred_force_enter hit=266 actor=00000001607A7100 method=00000000C4697340
tick=268515484 thread=23028 deferred_actor_returned hit=266 actor=00000001607A7100 call_returned=1
tick=268515484 thread=23028 deferred_actor_begin hit=266 actor=00000001607A8C00 bone="Bip01 R Forearm" mass=1.00000 impulse=(6.711,0.069,19.285) expected_vtable=00000000C48D3750
tick=268515484 thread=23028 deferred_force_enter hit=266 actor=00000001607A8C00 method=00000000C4697340
tick=268515484 thread=23028 deferred_actor_returned hit=266 actor=00000001607A8C00 call_returned=1
tick=268515484 thread=23028 deferred_apply_end hit=266
tick=268515906 thread=23028 deferred_apply_begin hit=267 owner=000000016F31C550 actors=2 age_ms=47 capture_thread=23028 planned_horizontal=992.43 safety_scale=1.00000
tick=268515906 thread=23028 deferred_actor_begin hit=267 actor=00000001607A9BC0 bone="Bip01 L UpperArm" mass=1.00000 impulse=(-69.808,0.450,25.827) expected_vtable=00000000C48D3750
tick=268515906 thread=23028 deferred_force_enter hit=267 actor=00000001607A9BC0 method=00000000C4697340
tick=268515906 thread=23028 deferred_actor_returned hit=267 actor=00000001607A9BC0 call_returned=1
tick=268515906 thread=23028 deferred_actor_begin hit=267 actor=00000001607A9A40 bone="Bip01 L Forearm" mass=1.00000 impulse=(-860.964,5.550,318.531) expected_vtable=00000000C48D3750
tick=268515906 thread=23028 deferred_force_enter hit=267 actor=00000001607A9A40 method=00000000C4697340
tick=268515906 thread=23028 deferred_actor_returned hit=267 actor=00000001607A9A40 call_returned=1
tick=268515906 thread=23028 deferred_apply_end hit=267
tick=268527250 thread=23028 deferred_apply_begin hit=268 owner=000000016F31C550 actors=13 age_ms=47 capture_thread=23028 planned_horizontal=1285.92 safety_scale=1.00000
tick=268527250 thread=23028 deferred_actor_begin hit=268 actor=00000001607ABCC0 bone="Bip01" mass=1.00000 impulse=(8.273,0.069,-12.317) expected_vtable=00000000C48D3750
tick=268527250 thread=23028 deferred_force_enter hit=268 actor=00000001607ABCC0 method=00000000C4697340
tick=268527250 thread=23028 deferred_actor_returned hit=268 actor=00000001607ABCC0 call_returned=1
tick=268527250 thread=23028 deferred_actor_begin hit=268 actor=00000001607AA1C0 bone="Bip01 L Thigh" mass=1.00000 impulse=(8.273,0.069,-12.317) expected_vtable=00000000C48D3750
tick=268527250 thread=23028 deferred_force_enter hit=268 actor=00000001607AA1C0 method=00000000C4697340
tick=268527250 thread=23028 deferred_actor_returned hit=268 actor=00000001607AA1C0 call_returned=1
tick=268527250 thread=23028 deferred_actor_begin hit=268 actor=00000001607AA880 bone="Bip01 R Thigh" mass=1.00000 impulse=(8.273,0.069,-12.317) expected_vtable=00000000C48D3750
tick=268527250 thread=23028 deferred_force_enter hit=268 actor=00000001607AA880 method=00000000C4697340
tick=268527250 thread=23028 deferred_actor_returned hit=268 actor=00000001607AA880 call_returned=1
tick=268527250 thread=23028 deferred_actor_begin hit=268 actor=00000001607AC5C0 bone="Bip01 L Calf" mass=1.00000 impulse=(8.273,0.069,-12.317) expected_vtable=00000000C48D3750
tick=268527250 thread=23028 deferred_force_enter hit=268 actor=00000001607AC5C0 method=00000000C4697340
tick=268527250 thread=23028 deferred_actor_returned hit=268 actor=00000001607AC5C0 call_returned=1
tick=268527250 thread=23028 deferred_actor_begin hit=268 actor=00000001607AA4C0 bone="Bip01 R Calf" mass=1.00000 impulse=(8.273,0.069,-12.317) expected_vtable=00000000C48D3750
tick=268527250 thread=23028 deferred_force_enter hit=268 actor=00000001607AA4C0 method=00000000C4697340
tick=268527250 thread=23028 deferred_actor_returned hit=268 actor=00000001607AA4C0 call_returned=1
tick=268527250 thread=23028 deferred_actor_begin hit=268 actor=00000001607AAB80 bone="Bip01 Spine1" mass=1.00000 impulse=(8.273,0.069,-12.317) expected_vtable=00000000C48D3750
tick=268527250 thread=23028 deferred_force_enter hit=268 actor=00000001607AAB80 method=00000000C4697340
tick=268527250 thread=23028 deferred_actor_returned hit=268 actor=00000001607AAB80 call_returned=1
tick=268527250 thread=23028 deferred_actor_begin hit=268 actor=00000001607AB300 bone="Bip01 Spine2" mass=1.00000 impulse=(617.730,5.169,-919.667) expected_vtable=00000000C48D3750
tick=268527250 thread=23028 deferred_force_enter hit=268 actor=00000001607AB300 method=00000000C4697340
tick=268527250 thread=23028 deferred_actor_returned hit=268 actor=00000001607AB300 call_returned=1
tick=268527250 thread=23028 deferred_actor_begin hit=268 actor=00000001607AC140 bone="Bip01 Neck" mass=1.00000 impulse=(8.273,0.069,-12.317) expected_vtable=00000000C48D3750
tick=268527250 thread=23028 deferred_force_enter hit=268 actor=00000001607AC140 method=00000000C4697340
tick=268527250 thread=23028 deferred_actor_returned hit=268 actor=00000001607AC140 call_returned=1
tick=268527250 thread=23028 deferred_actor_begin hit=268 actor=00000001607A9BC0 bone="Bip01 L UpperArm" mass=1.00000 impulse=(8.273,0.069,-12.317) expected_vtable=00000000C48D3750
tick=268527250 thread=23028 deferred_force_enter hit=268 actor=00000001607A9BC0 method=00000000C4697340
tick=268527250 thread=23028 deferred_actor_returned hit=268 actor=00000001607A9BC0 call_returned=1
tick=268527250 thread=23028 deferred_actor_begin hit=268 actor=00000001607AC740 bone="Bip01 Head" mass=1.00000 impulse=(8.273,0.069,-12.317) expected_vtable=00000000C48D3750
tick=268527250 thread=23028 deferred_force_enter hit=268 actor=00000001607AC740 method=00000000C4697340
tick=268527250 thread=23028 deferred_actor_returned hit=268 actor=00000001607AC740 call_returned=1
tick=268527250 thread=23028 deferred_actor_begin hit=268 actor=00000001607ABC00 bone="Bip01 R UpperArm" mass=1.00000 impulse=(8.273,0.069,-12.317) expected_vtable=00000000C48D3750
tick=268527250 thread=23028 deferred_force_enter hit=268 actor=00000001607ABC00 method=00000000C4697340
tick=268527250 thread=23028 deferred_actor_returned hit=268 actor=00000001607ABC00 call_returned=1
tick=268527250 thread=23028 deferred_actor_begin hit=268 actor=00000001607A9A40 bone="Bip01 L Forearm" mass=1.00000 impulse=(8.273,0.069,-12.317) expected_vtable=00000000C48D3750
tick=268527250 thread=23028 deferred_force_enter hit=268 actor=00000001607A9A40 method=00000000C4697340
tick=268527250 thread=23028 deferred_actor_returned hit=268 actor=00000001607A9A40 call_returned=1
tick=268527250 thread=23028 deferred_actor_begin hit=268 actor=00000001607AB480 bone="Bip01 R Forearm" mass=1.00000 impulse=(8.273,0.069,-12.317) expected_vtable=00000000C48D3750
tick=268527250 thread=23028 deferred_force_enter hit=268 actor=00000001607AB480 method=00000000C4697340
tick=268527250 thread=23028 deferred_actor_returned hit=268 actor=00000001607AB480 call_returned=1
tick=268527250 thread=23028 deferred_apply_end hit=268
tick=268621656 thread=23028 deferred_apply_begin hit=279 owner=000000016F2D8820 actors=13 age_ms=47 capture_thread=23028 planned_horizontal=237.28 safety_scale=1.00000
tick=268621656 thread=23028 deferred_actor_begin hit=279 actor=000000016079B280 bone="Bip01" mass=1.00000 impulse=(1.099,0.069,-2.507) expected_vtable=00000000C48D3750
tick=268621656 thread=23028 deferred_force_enter hit=279 actor=000000016079B280 method=00000000C4697340
tick=268621656 thread=23028 deferred_actor_returned hit=279 actor=000000016079B280 call_returned=1
tick=268621656 thread=23028 deferred_actor_begin hit=279 actor=000000016079C6C0 bone="Bip01 L Thigh" mass=1.00000 impulse=(1.099,0.069,-2.507) expected_vtable=00000000C48D3750
tick=268621656 thread=23028 deferred_force_enter hit=279 actor=000000016079C6C0 method=00000000C4697340
tick=268621656 thread=23028 deferred_actor_returned hit=279 actor=000000016079C6C0 call_returned=1
tick=268621656 thread=23028 deferred_actor_begin hit=279 actor=000000016079C900 bone="Bip01 R Thigh" mass=1.00000 impulse=(1.099,0.069,-2.507) expected_vtable=00000000C48D3750
tick=268621656 thread=23028 deferred_force_enter hit=279 actor=000000016079C900 method=00000000C4697340
tick=268621656 thread=23028 deferred_actor_returned hit=279 actor=000000016079C900 call_returned=1
tick=268621656 thread=23028 deferred_actor_begin hit=279 actor=000000016079D500 bone="Bip01 L Calf" mass=1.00000 impulse=(1.099,0.069,-2.507) expected_vtable=00000000C48D3750
tick=268621656 thread=23028 deferred_force_enter hit=279 actor=000000016079D500 method=00000000C4697340
tick=268621656 thread=23028 deferred_actor_returned hit=279 actor=000000016079D500 call_returned=1
tick=268621656 thread=23028 deferred_actor_begin hit=279 actor=000000016079CFC0 bone="Bip01 R Calf" mass=1.00000 impulse=(1.099,0.069,-2.507) expected_vtable=00000000C48D3750
tick=268621656 thread=23028 deferred_force_enter hit=279 actor=000000016079CFC0 method=00000000C4697340
tick=268621656 thread=23028 deferred_actor_returned hit=279 actor=000000016079CFC0 call_returned=1
tick=268621656 thread=23028 deferred_actor_begin hit=279 actor=000000016079AD40 bone="Bip01 Spine1" mass=1.00000 impulse=(1.099,0.069,-2.507) expected_vtable=00000000C48D3750
tick=268621656 thread=23028 deferred_force_enter hit=279 actor=000000016079AD40 method=00000000C4697340
tick=268621656 thread=23028 deferred_actor_returned hit=279 actor=000000016079AD40 call_returned=1
tick=268621656 thread=23028 deferred_actor_begin hit=279 actor=000000016079D800 bone="Bip01 Spine2" mass=1.00000 impulse=(82.075,5.169,-187.224) expected_vtable=00000000C48D3750
tick=268621656 thread=23028 deferred_force_enter hit=279 actor=000000016079D800 method=00000000C4697340
tick=268621656 thread=23028 deferred_actor_returned hit=279 actor=000000016079D800 call_returned=1
tick=268621656 thread=23028 deferred_actor_begin hit=279 actor=000000016079B340 bone="Bip01 Neck" mass=1.00000 impulse=(1.099,0.069,-2.507) expected_vtable=00000000C48D3750
tick=268621656 thread=23028 deferred_force_enter hit=279 actor=000000016079B340 method=00000000C4697340
tick=268621656 thread=23028 deferred_actor_returned hit=279 actor=000000016079B340 call_returned=1
tick=268621656 thread=23028 deferred_actor_begin hit=279 actor=000000016079D080 bone="Bip01 L UpperArm" mass=1.00000 impulse=(1.099,0.069,-2.507) expected_vtable=00000000C48D3750
tick=268621656 thread=23028 deferred_force_enter hit=279 actor=000000016079D080 method=00000000C4697340
tick=268621656 thread=23028 deferred_actor_returned hit=279 actor=000000016079D080 call_returned=1
tick=268621656 thread=23028 deferred_actor_begin hit=279 actor=000000016079BE80 bone="Bip01 Head" mass=1.00000 impulse=(1.099,0.069,-2.507) expected_vtable=00000000C48D3750
tick=268621656 thread=23028 deferred_force_enter hit=279 actor=000000016079BE80 method=00000000C4697340
tick=268621656 thread=23028 deferred_actor_returned hit=279 actor=000000016079BE80 call_returned=1
tick=268621656 thread=23028 deferred_actor_begin hit=279 actor=000000016079C180 bone="Bip01 R UpperArm" mass=1.00000 impulse=(1.099,0.069,-2.507) expected_vtable=00000000C48D3750
tick=268621656 thread=23028 deferred_force_enter hit=279 actor=000000016079C180 method=00000000C4697340
tick=268621656 thread=23028 deferred_actor_returned hit=279 actor=000000016079C180 call_returned=1
tick=268621656 thread=23028 deferred_actor_begin hit=279 actor=000000016079BA00 bone="Bip01 L Forearm" mass=1.00000 impulse=(1.099,0.069,-2.507) expected_vtable=00000000C48D3750
tick=268621656 thread=23028 deferred_force_enter hit=279 actor=000000016079BA00 method=00000000C4697340
tick=268621656 thread=23028 deferred_actor_returned hit=279 actor=000000016079BA00 call_returned=1
tick=268621656 thread=23028 deferred_actor_begin hit=279 actor=000000016079DB00 bone="Bip01 R Forearm" mass=1.00000 impulse=(1.099,0.069,-2.507) expected_vtable=00000000C48D3750
tick=268621656 thread=23028 deferred_force_enter hit=279 actor=000000016079DB00 method=00000000C4697340
tick=268621656 thread=23028 deferred_actor_returned hit=279 actor=000000016079DB00 call_returned=1
tick=268621671 thread=23028 deferred_apply_end hit=279
tick=268628921 thread=23028 deferred_apply_begin hit=284 owner=000000016F30B540 actors=13 age_ms=46 capture_thread=23028 planned_horizontal=496.33 safety_scale=1.00000
tick=268628921 thread=23028 deferred_actor_begin hit=284 actor=000000016079F9C0 bone="Bip01" mass=1.00000 impulse=(4.330,0.069,3.748) expected_vtable=00000000C48D3750
tick=268628921 thread=23028 deferred_force_enter hit=284 actor=000000016079F9C0 method=00000000C4697340
tick=268628921 thread=23028 deferred_actor_returned hit=284 actor=000000016079F9C0 call_returned=1
tick=268628921 thread=23028 deferred_actor_begin hit=284 actor=00000001607A0680 bone="Bip01 L Thigh" mass=1.00000 impulse=(4.330,0.069,3.748) expected_vtable=00000000C48D3750
tick=268628921 thread=23028 deferred_force_enter hit=284 actor=00000001607A0680 method=00000000C4697340
tick=268628921 thread=23028 deferred_actor_returned hit=284 actor=00000001607A0680 call_returned=1
tick=268628921 thread=23028 deferred_actor_begin hit=284 actor=00000001607A08C0 bone="Bip01 R Thigh" mass=1.00000 impulse=(4.330,0.069,3.748) expected_vtable=00000000C48D3750
tick=268628921 thread=23028 deferred_force_enter hit=284 actor=00000001607A08C0 method=00000000C4697340
tick=268628921 thread=23028 deferred_actor_returned hit=284 actor=00000001607A08C0 call_returned=1
tick=268628921 thread=23028 deferred_actor_begin hit=284 actor=000000016079F0C0 bone="Bip01 L Calf" mass=1.00000 impulse=(4.330,0.069,3.748) expected_vtable=00000000C48D3750
tick=268628921 thread=23028 deferred_force_enter hit=284 actor=000000016079F0C0 method=00000000C4697340
tick=268628921 thread=23028 deferred_actor_returned hit=284 actor=000000016079F0C0 call_returned=1
tick=268628921 thread=23028 deferred_actor_begin hit=284 actor=000000016079F300 bone="Bip01 R Calf" mass=1.00000 impulse=(4.330,0.069,3.748) expected_vtable=00000000C48D3750
tick=268628921 thread=23028 deferred_force_enter hit=284 actor=000000016079F300 method=00000000C4697340
tick=268628921 thread=23028 deferred_actor_returned hit=284 actor=000000016079F300 call_returned=1
tick=268628921 thread=23028 deferred_actor_begin hit=284 actor=000000016079FF00 bone="Bip01 Spine1" mass=1.00000 impulse=(4.330,0.069,3.748) expected_vtable=00000000C48D3750
tick=268628921 thread=23028 deferred_force_enter hit=284 actor=000000016079FF00 method=00000000C4697340
tick=268628921 thread=23028 deferred_actor_returned hit=284 actor=000000016079FF00 call_returned=1
tick=268628921 thread=23028 deferred_actor_begin hit=284 actor=000000016079E400 bone="Bip01 Spine2" mass=1.00000 impulse=(323.320,5.169,279.845) expected_vtable=00000000C48D3750
tick=268628921 thread=23028 deferred_force_enter hit=284 actor=000000016079E400 method=00000000C4697340
tick=268628921 thread=23028 deferred_actor_returned hit=284 actor=000000016079E400 call_returned=1
tick=268628921 thread=23028 deferred_actor_begin hit=284 actor=000000016079DBC0 bone="Bip01 Neck" mass=1.00000 impulse=(4.330,0.069,3.748) expected_vtable=00000000C48D3750
tick=268628921 thread=23028 deferred_force_enter hit=284 actor=000000016079DBC0 method=00000000C4697340
tick=268628921 thread=23028 deferred_actor_returned hit=284 actor=000000016079DBC0 call_returned=1
tick=268628921 thread=23028 deferred_actor_begin hit=284 actor=000000016079E1C0 bone="Bip01 L UpperArm" mass=1.00000 impulse=(4.330,0.069,3.748) expected_vtable=00000000C48D3750
tick=268628921 thread=23028 deferred_force_enter hit=284 actor=000000016079E1C0 method=00000000C4697340
tick=268628921 thread=23028 deferred_actor_returned hit=284 actor=000000016079E1C0 call_returned=1
tick=268628921 thread=23028 deferred_actor_begin hit=284 actor=00000001607A0380 bone="Bip01 Head" mass=1.00000 impulse=(4.330,0.069,3.748) expected_vtable=00000000C48D3750
tick=268628921 thread=23028 deferred_force_enter hit=284 actor=00000001607A0380 method=00000000C4697340
tick=268628921 thread=23028 deferred_actor_returned hit=284 actor=00000001607A0380 call_returned=1
tick=268628921 thread=23028 deferred_actor_begin hit=284 actor=00000001607A0440 bone="Bip01 R UpperArm" mass=1.00000 impulse=(4.330,0.069,3.748) expected_vtable=00000000C48D3750
tick=268628921 thread=23028 deferred_force_enter hit=284 actor=00000001607A0440 method=00000000C4697340
tick=268628937 thread=23028 deferred_actor_returned hit=284 actor=00000001607A0440 call_returned=1
tick=268628937 thread=23028 deferred_actor_begin hit=284 actor=00000001607A02C0 bone="Bip01 L Forearm" mass=1.00000 impulse=(4.330,0.069,3.748) expected_vtable=00000000C48D3750
tick=268628937 thread=23028 deferred_force_enter hit=284 actor=00000001607A02C0 method=00000000C4697340
tick=268628937 thread=23028 deferred_actor_returned hit=284 actor=00000001607A02C0 call_returned=1
tick=268628937 thread=23028 deferred_actor_begin hit=284 actor=000000016079E280 bone="Bip01 R Forearm" mass=1.00000 impulse=(4.330,0.069,3.748) expected_vtable=00000000C48D3750
tick=268628937 thread=23028 deferred_force_enter hit=284 actor=000000016079E280 method=00000000C4697340
tick=268628937 thread=23028 deferred_actor_returned hit=284 actor=000000016079E280 call_returned=1
tick=268628937 thread=23028 deferred_apply_end hit=284
tick=268628937 thread=23028 deferred_apply_begin hit=285 owner=000000016F2E9200 actors=13 age_ms=62 capture_thread=23028 planned_horizontal=792.49 safety_scale=1.00000
tick=268628937 thread=23028 deferred_actor_begin hit=285 actor=00000001607A3500 bone="Bip01" mass=1.00000 impulse=(-8.769,0.069,2.593) expected_vtable=00000000C48D3750
tick=268628937 thread=23028 deferred_force_enter hit=285 actor=00000001607A3500 method=00000000C4697340
tick=268628937 thread=23028 deferred_actor_returned hit=285 actor=00000001607A3500 call_returned=1
tick=268628937 thread=23028 deferred_actor_begin hit=285 actor=00000001607A1A00 bone="Bip01 L Thigh" mass=1.00000 impulse=(-8.769,0.069,2.593) expected_vtable=00000000C48D3750
tick=268628937 thread=23028 deferred_force_enter hit=285 actor=00000001607A1A00 method=00000000C4697340
tick=268628937 thread=23028 deferred_actor_returned hit=285 actor=00000001607A1A00 call_returned=1
tick=268628937 thread=23028 deferred_actor_begin hit=285 actor=00000001607A3800 bone="Bip01 R Thigh" mass=1.00000 impulse=(-8.769,0.069,2.593) expected_vtable=00000000C48D3750
tick=268628937 thread=23028 deferred_force_enter hit=285 actor=00000001607A3800 method=00000000C4697340
tick=268628937 thread=23028 deferred_actor_returned hit=285 actor=00000001607A3800 call_returned=1
tick=268628937 thread=23028 deferred_actor_begin hit=285 actor=00000001607A2B40 bone="Bip01 L Calf" mass=1.00000 impulse=(-8.769,0.069,2.593) expected_vtable=00000000C48D3750
tick=268628937 thread=23028 deferred_force_enter hit=285 actor=00000001607A2B40 method=00000000C4697340
tick=268628937 thread=23028 deferred_actor_returned hit=285 actor=00000001607A2B40 call_returned=1
tick=268628937 thread=23028 deferred_actor_begin hit=285 actor=00000001607A2E40 bone="Bip01 R Calf" mass=1.00000 impulse=(-8.769,0.069,2.593) expected_vtable=00000000C48D3750
tick=268628937 thread=23028 deferred_force_enter hit=285 actor=00000001607A2E40 method=00000000C4697340
tick=268628937 thread=23028 deferred_actor_returned hit=285 actor=00000001607A2E40 call_returned=1
tick=268628937 thread=23028 deferred_actor_begin hit=285 actor=00000001607A11C0 bone="Bip01 Spine1" mass=1.00000 impulse=(-8.769,0.069,2.593) expected_vtable=00000000C48D3750
tick=268628937 thread=23028 deferred_force_enter hit=285 actor=00000001607A11C0 method=00000000C4697340
tick=268628937 thread=23028 deferred_actor_returned hit=285 actor=00000001607A11C0 call_returned=1
tick=268628937 thread=23028 deferred_actor_begin hit=285 actor=00000001607A2300 bone="Bip01 Spine2" mass=1.00000 impulse=(-654.725,5.169,193.631) expected_vtable=00000000C48D3750
tick=268628937 thread=23028 deferred_force_enter hit=285 actor=00000001607A2300 method=00000000C4697340
tick=268628937 thread=23028 deferred_actor_returned hit=285 actor=00000001607A2300 call_returned=1
tick=268628937 thread=23028 deferred_actor_begin hit=285 actor=00000001607A38C0 bone="Bip01 Neck" mass=1.00000 impulse=(-8.769,0.069,2.593) expected_vtable=00000000C48D3750
tick=268628937 thread=23028 deferred_force_enter hit=285 actor=00000001607A38C0 method=00000000C4697340
tick=268628937 thread=23028 deferred_actor_returned hit=285 actor=00000001607A38C0 call_returned=1
tick=268628937 thread=23028 deferred_actor_begin hit=285 actor=00000001607A2C00 bone="Bip01 L UpperArm" mass=1.00000 impulse=(-8.769,0.069,2.593) expected_vtable=00000000C48D3750
tick=268628937 thread=23028 deferred_force_enter hit=285 actor=00000001607A2C00 method=00000000C4697340
tick=268628937 thread=23028 deferred_actor_returned hit=285 actor=00000001607A2C00 call_returned=1
tick=268628937 thread=23028 deferred_actor_begin hit=285 actor=00000001607A14C0 bone="Bip01 Head" mass=1.00000 impulse=(-8.769,0.069,2.593) expected_vtable=00000000C48D3750
tick=268628937 thread=23028 deferred_force_enter hit=285 actor=00000001607A14C0 method=00000000C4697340
tick=268628937 thread=23028 deferred_actor_returned hit=285 actor=00000001607A14C0 call_returned=1
tick=268628937 thread=23028 deferred_actor_begin hit=285 actor=00000001607A17C0 bone="Bip01 R UpperArm" mass=1.00000 impulse=(-8.769,0.069,2.593) expected_vtable=00000000C48D3750
tick=268628937 thread=23028 deferred_force_enter hit=285 actor=00000001607A17C0 method=00000000C4697340
tick=268628937 thread=23028 deferred_actor_returned hit=285 actor=00000001607A17C0 call_returned=1
tick=268628937 thread=23028 deferred_actor_begin hit=285 actor=00000001607A2F00 bone="Bip01 L Forearm" mass=1.00000 impulse=(-8.769,0.069,2.593) expected_vtable=00000000C48D3750
tick=268628937 thread=23028 deferred_force_enter hit=285 actor=00000001607A2F00 method=00000000C4697340
tick=268628937 thread=23028 deferred_actor_returned hit=285 actor=00000001607A2F00 call_returned=1
tick=268628937 thread=23028 deferred_actor_begin hit=285 actor=00000001607A23C0 bone="Bip01 R Forearm" mass=1.00000 impulse=(-8.769,0.069,2.593) expected_vtable=00000000C48D3750
tick=268628937 thread=23028 deferred_force_enter hit=285 actor=00000001607A23C0 method=00000000C4697340
tick=268628937 thread=23028 deferred_actor_returned hit=285 actor=00000001607A23C0 call_returned=1
tick=268628937 thread=23028 deferred_apply_end hit=285
tick=268637562 thread=23028 deferred_apply_begin hit=288 owner=000000016F2C7810 actors=13 age_ms=719 capture_thread=23028 planned_horizontal=1254.35 safety_scale=1.00000
tick=268637562 thread=23028 deferred_actor_begin hit=288 actor=00000001607A2000 bone="Bip01" mass=1.00000 impulse=(7.970,0.069,-12.081) expected_vtable=00000000C48D3750
tick=268637562 thread=23028 deferred_force_enter hit=288 actor=00000001607A2000 method=00000000C4697340
tick=268637562 thread=23028 deferred_actor_returned hit=288 actor=00000001607A2000 call_returned=1
tick=268637562 thread=23028 deferred_actor_begin hit=288 actor=00000001607A0E00 bone="Bip01 L Thigh" mass=1.00000 impulse=(7.970,0.069,-12.081) expected_vtable=00000000C48D3750
tick=268637562 thread=23028 deferred_force_enter hit=288 actor=00000001607A0E00 method=00000000C4697340
tick=268637562 thread=23028 deferred_actor_returned hit=288 actor=00000001607A0E00 call_returned=1
tick=268637562 thread=23028 deferred_actor_begin hit=288 actor=00000001607AC980 bone="Bip01 R Thigh" mass=1.00000 impulse=(7.970,0.069,-12.081) expected_vtable=00000000C48D3750
tick=268637562 thread=23028 deferred_force_enter hit=288 actor=00000001607AC980 method=00000000C4697340
tick=268637578 thread=23028 deferred_actor_returned hit=288 actor=00000001607AC980 call_returned=1
tick=268637578 thread=23028 deferred_actor_begin hit=288 actor=00000001607AB840 bone="Bip01 L Calf" mass=1.00000 impulse=(7.970,0.069,-12.081) expected_vtable=00000000C48D3750
tick=268637578 thread=23028 deferred_force_enter hit=288 actor=00000001607AB840 method=00000000C4697340
tick=268637578 thread=23028 deferred_actor_returned hit=288 actor=00000001607AB840 call_returned=1
tick=268637578 thread=23028 deferred_actor_begin hit=288 actor=00000001607AAF40 bone="Bip01 R Calf" mass=1.00000 impulse=(7.970,0.069,-12.081) expected_vtable=00000000C48D3750
tick=268637578 thread=23028 deferred_force_enter hit=288 actor=00000001607AAF40 method=00000000C4697340
tick=268637578 thread=23028 deferred_actor_returned hit=288 actor=00000001607AAF40 call_returned=1
tick=268637578 thread=23028 deferred_actor_begin hit=288 actor=00000001607AA400 bone="Bip01 Spine1" mass=1.00000 impulse=(595.123,5.169,-902.041) expected_vtable=00000000C48D3750
tick=268637578 thread=23028 deferred_force_enter hit=288 actor=00000001607AA400 method=00000000C4697340
tick=268637578 thread=23028 deferred_actor_returned hit=288 actor=00000001607AA400 call_returned=1
tick=268637578 thread=23028 deferred_actor_begin hit=288 actor=00000001607AB240 bone="Bip01 Spine2" mass=1.00000 impulse=(7.970,0.069,-12.081) expected_vtable=00000000C48D3750
tick=268637578 thread=23028 deferred_force_enter hit=288 actor=00000001607AB240 method=00000000C4697340
tick=268637578 thread=23028 deferred_actor_returned hit=288 actor=00000001607AB240 call_returned=1
tick=268637578 thread=23028 deferred_actor_begin hit=288 actor=00000001607AC380 bone="Bip01 Neck" mass=1.00000 impulse=(7.970,0.069,-12.081) expected_vtable=00000000C48D3750
tick=268637578 thread=23028 deferred_force_enter hit=288 actor=00000001607AC380 method=00000000C4697340
tick=268637578 thread=23028 deferred_actor_returned hit=288 actor=00000001607AC380 call_returned=1
tick=268637578 thread=23028 deferred_actor_begin hit=288 actor=00000001607AB180 bone="Bip01 L UpperArm" mass=1.00000 impulse=(7.970,0.069,-12.081) expected_vtable=00000000C48D3750
tick=268637578 thread=23028 deferred_force_enter hit=288 actor=00000001607AB180 method=00000000C4697340
tick=268637578 thread=23028 deferred_actor_returned hit=288 actor=00000001607AB180 call_returned=1
tick=268637578 thread=23028 deferred_actor_begin hit=288 actor=00000001607AC440 bone="Bip01 Head" mass=1.00000 impulse=(7.970,0.069,-12.081) expected_vtable=00000000C48D3750
tick=268637578 thread=23028 deferred_force_enter hit=288 actor=00000001607AC440 method=00000000C4697340
tick=268637578 thread=23028 deferred_actor_returned hit=288 actor=00000001607AC440 call_returned=1
tick=268637578 thread=23028 deferred_actor_begin hit=288 actor=00000001607AF8C0 bone="Bip01 R UpperArm" mass=1.00000 impulse=(7.970,0.069,-12.081) expected_vtable=00000000C48D3750
tick=268637578 thread=23028 deferred_force_enter hit=288 actor=00000001607AF8C0 method=00000000C4697340
tick=268637578 thread=23028 deferred_actor_returned hit=288 actor=00000001607AF8C0 call_returned=1
tick=268637578 thread=23028 deferred_actor_begin hit=288 actor=00000001607AC200 bone="Bip01 L Forearm" mass=1.00000 impulse=(7.970,0.069,-12.081) expected_vtable=00000000C48D3750
tick=268637578 thread=23028 deferred_force_enter hit=288 actor=00000001607AC200 method=00000000C4697340
tick=268637578 thread=23028 deferred_actor_returned hit=288 actor=00000001607AC200 call_returned=1
tick=268637578 thread=23028 deferred_actor_begin hit=288 actor=00000001607AD4C0 bone="Bip01 R Forearm" mass=1.00000 impulse=(7.970,0.069,-12.081) expected_vtable=00000000C48D3750
tick=268637578 thread=23028 deferred_force_enter hit=288 actor=00000001607AD4C0 method=00000000C4697340
tick=268637578 thread=23028 deferred_actor_returned hit=288 actor=00000001607AD4C0 call_returned=1
tick=268637578 thread=23028 deferred_apply_end hit=288
tick=268657531 thread=23028 deferred_apply_begin hit=296 owner=000000016F5BB2F0 actors=4 age_ms=47 capture_thread=23028 planned_horizontal=544.44 safety_scale=1.00000
tick=268657531 thread=23028 deferred_actor_begin hit=296 actor=00000001601F4780 bone="Bip01 L Thigh" mass=1.00000 impulse=(-19.240,0.225,6.829) expected_vtable=00000000C48D3750
tick=268657531 thread=23028 deferred_force_enter hit=296 actor=00000001601F4780 method=00000000C4697340
tick=268657531 thread=23028 deferred_actor_returned hit=296 actor=00000001601F4780 call_returned=1
tick=268657531 thread=23028 deferred_actor_begin hit=296 actor=00000001601F4900 bone="Bip01 L Calf" mass=1.00000 impulse=(-455.356,5.325,161.623) expected_vtable=00000000C48D3750
tick=268657531 thread=23028 deferred_force_enter hit=296 actor=00000001601F4900 method=00000000C4697340
tick=268657531 thread=23028 deferred_actor_returned hit=296 actor=00000001601F4900 call_returned=1
tick=268657531 thread=23028 deferred_actor_begin hit=296 actor=00000001601C2380 bone="Bip01 L UpperArm" mass=1.00000 impulse=(-19.240,0.225,6.829) expected_vtable=00000000C48D3750
tick=268657531 thread=23028 deferred_force_enter hit=296 actor=00000001601C2380 method=00000000C4697340
tick=268657531 thread=23028 deferred_actor_returned hit=296 actor=00000001601C2380 call_returned=1
tick=268657546 thread=23028 deferred_actor_begin hit=296 actor=00000001601C2440 bone="Bip01 L Forearm" mass=1.00000 impulse=(-19.240,0.225,6.829) expected_vtable=00000000C48D3750
tick=268657546 thread=23028 deferred_force_enter hit=296 actor=00000001601C2440 method=00000000C4697340
tick=268657546 thread=23028 deferred_actor_returned hit=296 actor=00000001601C2440 call_returned=1
tick=268657546 thread=23028 deferred_apply_end hit=296
tick=268668468 thread=23028 deferred_apply_begin hit=297 owner=000000016F2C1F70 actors=13 age_ms=47 capture_thread=23028 planned_horizontal=1664.64 safety_scale=1.00000
tick=268668468 thread=23028 deferred_actor_begin hit=297 actor=00000001607AEF00 bone="Bip01" mass=1.00000 impulse=(-18.188,0.069,6.175) expected_vtable=00000000C48D3750
tick=268668468 thread=23028 deferred_force_enter hit=297 actor=00000001607AEF00 method=00000000C4697340
tick=268668468 thread=23028 deferred_actor_returned hit=297 actor=00000001607AEF00 call_returned=1
tick=268668468 thread=23028 deferred_actor_begin hit=297 actor=00000001607AE000 bone="Bip01 L Thigh" mass=1.00000 impulse=(-18.188,0.069,6.175) expected_vtable=00000000C48D3750
tick=268668468 thread=23028 deferred_force_enter hit=297 actor=00000001607AE000 method=00000000C4697340
tick=268668468 thread=23028 deferred_actor_returned hit=297 actor=00000001607AE000 call_returned=1
tick=268668468 thread=23028 deferred_actor_begin hit=297 actor=00000001607AE0C0 bone="Bip01 R Thigh" mass=1.00000 impulse=(-18.188,0.069,6.175) expected_vtable=00000000C48D3750
tick=268668468 thread=23028 deferred_force_enter hit=297 actor=00000001607AE0C0 method=00000000C4697340
tick=268668468 thread=23028 deferred_actor_returned hit=297 actor=00000001607AE0C0 call_returned=1
tick=268668468 thread=23028 deferred_actor_begin hit=297 actor=00000001607AF080 bone="Bip01 L Calf" mass=1.00000 impulse=(-18.188,0.069,6.175) expected_vtable=00000000C48D3750
tick=268668468 thread=23028 deferred_force_enter hit=297 actor=00000001607AF080 method=00000000C4697340
tick=268668468 thread=23028 deferred_actor_returned hit=297 actor=00000001607AF080 call_returned=1
tick=268668468 thread=23028 deferred_actor_begin hit=297 actor=00000001607B2740 bone="Bip01 R Calf" mass=1.00000 impulse=(-18.188,0.069,6.175) expected_vtable=00000000C48D3750
tick=268668468 thread=23028 deferred_force_enter hit=297 actor=00000001607B2740 method=00000000C4697340
tick=268668468 thread=23028 deferred_actor_returned hit=297 actor=00000001607B2740 call_returned=1
tick=268668468 thread=23028 deferred_actor_begin hit=297 actor=00000001607B0400 bone="Bip01 Spine1" mass=1.00000 impulse=(-1358.010,5.169,461.078) expected_vtable=00000000C48D3750
tick=268668468 thread=23028 deferred_force_enter hit=297 actor=00000001607B0400 method=00000000C4697340
tick=268668468 thread=23028 deferred_actor_returned hit=297 actor=00000001607B0400 call_returned=1
tick=268668468 thread=23028 deferred_actor_begin hit=297 actor=00000001607B1480 bone="Bip01 Spine2" mass=1.00000 impulse=(-18.188,0.069,6.175) expected_vtable=00000000C48D3750
tick=268668484 thread=23028 deferred_force_enter hit=297 actor=00000001607B1480 method=00000000C4697340
tick=268668484 thread=23028 deferred_actor_returned hit=297 actor=00000001607B1480 call_returned=1
tick=268668484 thread=23028 deferred_actor_begin hit=297 actor=00000001607B1C00 bone="Bip01 Neck" mass=1.00000 impulse=(-18.188,0.069,6.175) expected_vtable=00000000C48D3750
tick=268668484 thread=23028 deferred_force_enter hit=297 actor=00000001607B1C00 method=00000000C4697340
tick=268668484 thread=23028 deferred_actor_returned hit=297 actor=00000001607B1C00 call_returned=1
tick=268668484 thread=23028 deferred_actor_begin hit=297 actor=00000001607B1600 bone="Bip01 L UpperArm" mass=1.00000 impulse=(-18.188,0.069,6.175) expected_vtable=00000000C48D3750
tick=268668484 thread=23028 deferred_force_enter hit=297 actor=00000001607B1600 method=00000000C4697340
tick=268668484 thread=23028 deferred_actor_returned hit=297 actor=00000001607B1600 call_returned=1
tick=268668484 thread=23028 deferred_actor_begin hit=297 actor=00000001607B0E80 bone="Bip01 Head" mass=1.00000 impulse=(-18.188,0.069,6.175) expected_vtable=00000000C48D3750
tick=268668484 thread=23028 deferred_force_enter hit=297 actor=00000001607B0E80 method=00000000C4697340
tick=268668484 thread=23028 deferred_actor_returned hit=297 actor=00000001607B0E80 call_returned=1
tick=268668484 thread=23028 deferred_actor_begin hit=297 actor=00000001607B1300 bone="Bip01 R UpperArm" mass=1.00000 impulse=(-18.188,0.069,6.175) expected_vtable=00000000C48D3750
tick=268668484 thread=23028 deferred_force_enter hit=297 actor=00000001607B1300 method=00000000C4697340
tick=268668484 thread=23028 deferred_actor_returned hit=297 actor=00000001607B1300 call_returned=1
tick=268668484 thread=23028 deferred_actor_begin hit=297 actor=00000001607B1180 bone="Bip01 L Forearm" mass=1.00000 impulse=(-18.188,0.069,6.175) expected_vtable=00000000C48D3750
tick=268668484 thread=23028 deferred_force_enter hit=297 actor=00000001607B1180 method=00000000C4697340
tick=268668484 thread=23028 deferred_actor_returned hit=297 actor=00000001607B1180 call_returned=1
tick=268668484 thread=23028 deferred_actor_begin hit=297 actor=00000001607B2980 bone="Bip01 R Forearm" mass=1.00000 impulse=(-18.188,0.069,6.175) expected_vtable=00000000C48D3750
tick=268668484 thread=23028 deferred_force_enter hit=297 actor=00000001607B2980 method=00000000C4697340
tick=268668484 thread=23028 deferred_actor_returned hit=297 actor=00000001607B2980 call_returned=1
tick=268668484 thread=23028 deferred_apply_end hit=297
tick=268671453 thread=23028 deferred_apply_begin hit=300 owner=000000016F2E3960 actors=4 age_ms=47 capture_thread=23028 planned_horizontal=1525.92 safety_scale=1.00000
tick=268671453 thread=23028 deferred_actor_begin hit=300 actor=00000001601EFE00 bone="Bip01 L Thigh" mass=1.00000 impulse=(-5.589,0.225,56.948) expected_vtable=00000000C48D3750
tick=268671453 thread=23028 deferred_force_enter hit=300 actor=00000001601EFE00 method=00000000C4697340
tick=268671453 thread=23028 deferred_actor_returned hit=300 actor=00000001601EFE00 call_returned=1
tick=268671453 thread=23028 deferred_actor_begin hit=300 actor=00000001601EFBC0 bone="Bip01 L Calf" mass=1.00000 impulse=(-5.589,0.225,56.948) expected_vtable=00000000C48D3750
tick=268671453 thread=23028 deferred_force_enter hit=300 actor=00000001601EFBC0 method=00000000C4697340
tick=268671453 thread=23028 deferred_actor_returned hit=300 actor=00000001601EFBC0 call_returned=1
tick=268671453 thread=23028 deferred_actor_begin hit=300 actor=00000001601F0340 bone="Bip01 L UpperArm" mass=1.00000 impulse=(-132.282,5.325,1347.779) expected_vtable=00000000C48D3750
tick=268671453 thread=23028 deferred_force_enter hit=300 actor=00000001601F0340 method=00000000C4697340
tick=268671453 thread=23028 deferred_actor_returned hit=300 actor=00000001601F0340 call_returned=1
tick=268671453 thread=23028 deferred_actor_begin hit=300 actor=00000001601F0400 bone="Bip01 L Forearm" mass=1.00000 impulse=(-5.589,0.225,56.948) expected_vtable=00000000C48D3750
tick=268671453 thread=23028 deferred_force_enter hit=300 actor=00000001601F0400 method=00000000C4697340
tick=268671453 thread=23028 deferred_actor_returned hit=300 actor=00000001601F0400 call_returned=1
tick=268671453 thread=23028 deferred_apply_end hit=300
tick=268680921 thread=23028 deferred_apply_begin hit=303 owner=000000016F5BB2F0 actors=13 age_ms=46 capture_thread=23028 planned_horizontal=702.89 safety_scale=1.00000
tick=268680921 thread=23028 deferred_actor_begin hit=303 actor=00000001601EEE40 bone="Bip01" mass=1.00000 impulse=(4.643,0.069,-6.650) expected_vtable=00000000C48D3750
tick=268680921 thread=23028 deferred_force_enter hit=303 actor=00000001601EEE40 method=00000000C4697340
tick=268680921 thread=23028 deferred_actor_returned hit=303 actor=00000001601EEE40 call_returned=1
tick=268680921 thread=23028 deferred_actor_begin hit=303 actor=00000001601F4780 bone="Bip01 L Thigh" mass=1.00000 impulse=(4.643,0.069,-6.650) expected_vtable=00000000C48D3750
tick=268680921 thread=23028 deferred_force_enter hit=303 actor=00000001601F4780 method=00000000C4697340
tick=268680921 thread=23028 deferred_actor_returned hit=303 actor=00000001601F4780 call_returned=1
tick=268680921 thread=23028 deferred_actor_begin hit=303 actor=00000001601F4A80 bone="Bip01 R Thigh" mass=1.00000 impulse=(4.643,0.069,-6.650) expected_vtable=00000000C48D3750
tick=268680921 thread=23028 deferred_force_enter hit=303 actor=00000001601F4A80 method=00000000C4697340
tick=268680921 thread=23028 deferred_actor_returned hit=303 actor=00000001601F4A80 call_returned=1
tick=268680921 thread=23028 deferred_actor_begin hit=303 actor=00000001601F4900 bone="Bip01 L Calf" mass=1.00000 impulse=(4.643,0.069,-6.650) expected_vtable=00000000C48D3750
tick=268680921 thread=23028 deferred_force_enter hit=303 actor=00000001601F4900 method=00000000C4697340
tick=268680921 thread=23028 deferred_actor_returned hit=303 actor=00000001601F4900 call_returned=1
tick=268680921 thread=23028 deferred_actor_begin hit=303 actor=00000001601F4C00 bone="Bip01 R Calf" mass=1.00000 impulse=(4.643,0.069,-6.650) expected_vtable=00000000C48D3750
tick=268680921 thread=23028 deferred_force_enter hit=303 actor=00000001601F4C00 method=00000000C4697340
tick=268680921 thread=23028 deferred_actor_returned hit=303 actor=00000001601F4C00 call_returned=1
tick=268680921 thread=23028 deferred_actor_begin hit=303 actor=00000001601C1FC0 bone="Bip01 Spine1" mass=1.00000 impulse=(4.643,0.069,-6.650) expected_vtable=00000000C48D3750
tick=268680921 thread=23028 deferred_force_enter hit=303 actor=00000001601C1FC0 method=00000000C4697340
tick=268680921 thread=23028 deferred_actor_returned hit=303 actor=00000001601C1FC0 call_returned=1
tick=268680921 thread=23028 deferred_actor_begin hit=303 actor=00000001601C2080 bone="Bip01 Spine2" mass=1.00000 impulse=(346.681,5.169,-496.507) expected_vtable=00000000C48D3750
tick=268680921 thread=23028 deferred_force_enter hit=303 actor=00000001601C2080 method=00000000C4697340
tick=268680921 thread=23028 deferred_actor_returned hit=303 actor=00000001601C2080 call_returned=1
tick=268680921 thread=23028 deferred_actor_begin hit=303 actor=00000001601C4180 bone="Bip01 Neck" mass=1.00000 impulse=(4.643,0.069,-6.650) expected_vtable=00000000C48D3750
tick=268680921 thread=23028 deferred_force_enter hit=303 actor=00000001601C4180 method=00000000C4697340
tick=268680921 thread=23028 deferred_actor_returned hit=303 actor=00000001601C4180 call_returned=1
tick=268680921 thread=23028 deferred_actor_begin hit=303 actor=00000001601C2380 bone="Bip01 L UpperArm" mass=1.00000 impulse=(4.643,0.069,-6.650) expected_vtable=00000000C48D3750
tick=268680921 thread=23028 deferred_force_enter hit=303 actor=00000001601C2380 method=00000000C4697340
tick=268680921 thread=23028 deferred_actor_returned hit=303 actor=00000001601C2380 call_returned=1
tick=268680921 thread=23028 deferred_actor_begin hit=303 actor=00000001601C3940 bone="Bip01 Head" mass=1.00000 impulse=(4.643,0.069,-6.650) expected_vtable=00000000C48D3750
tick=268680921 thread=23028 deferred_force_enter hit=303 actor=00000001601C3940 method=00000000C4697340
tick=268680921 thread=23028 deferred_actor_returned hit=303 actor=00000001601C3940 call_returned=1
tick=268680921 thread=23028 deferred_actor_begin hit=303 actor=00000001601C2500 bone="Bip01 R UpperArm" mass=1.00000 impulse=(4.643,0.069,-6.650) expected_vtable=00000000C48D3750
tick=268680921 thread=23028 deferred_force_enter hit=303 actor=00000001601C2500 method=00000000C4697340
tick=268680921 thread=23028 deferred_actor_returned hit=303 actor=00000001601C2500 call_returned=1
tick=268680921 thread=23028 deferred_actor_begin hit=303 actor=00000001601C2440 bone="Bip01 L Forearm" mass=1.00000 impulse=(4.643,0.069,-6.650) expected_vtable=00000000C48D3750
tick=268680937 thread=23028 deferred_force_enter hit=303 actor=00000001601C2440 method=00000000C4697340
tick=268680937 thread=23028 deferred_actor_returned hit=303 actor=00000001601C2440 call_returned=1
tick=268680937 thread=23028 deferred_actor_begin hit=303 actor=00000001601C2D40 bone="Bip01 R Forearm" mass=1.00000 impulse=(4.643,0.069,-6.650) expected_vtable=00000000C48D3750
tick=268680937 thread=23028 deferred_force_enter hit=303 actor=00000001601C2D40 method=00000000C4697340
tick=268680937 thread=23028 deferred_actor_returned hit=303 actor=00000001601C2D40 call_returned=1
tick=268680937 thread=23028 deferred_apply_end hit=303
tick=268681765 thread=23028 deferred_apply_begin hit=304 owner=000000016F2E3960 actors=13 age_ms=47 capture_thread=23028 planned_horizontal=1619.45 safety_scale=1.00000
tick=268681765 thread=23028 deferred_actor_begin hit=304 actor=00000001601F1240 bone="Bip01" mass=1.00000 impulse=(6.561,0.069,17.496) expected_vtable=00000000C48D3750
tick=268681765 thread=23028 deferred_force_enter hit=304 actor=00000001601F1240 method=00000000C4697340
tick=268681765 thread=23028 deferred_actor_returned hit=304 actor=00000001601F1240 call_returned=1
tick=268681765 thread=23028 deferred_actor_begin hit=304 actor=00000001601EFE00 bone="Bip01 L Thigh" mass=1.00000 impulse=(6.561,0.069,17.496) expected_vtable=00000000C48D3750
tick=268681765 thread=23028 deferred_force_enter hit=304 actor=00000001601EFE00 method=00000000C4697340
tick=268681765 thread=23028 deferred_actor_returned hit=304 actor=00000001601EFE00 call_returned=1
tick=268681765 thread=23028 deferred_actor_begin hit=304 actor=00000001601EFC80 bone="Bip01 R Thigh" mass=1.00000 impulse=(6.561,0.069,17.496) expected_vtable=00000000C48D3750
tick=268681765 thread=23028 deferred_force_enter hit=304 actor=00000001601EFC80 method=00000000C4697340
tick=268681765 thread=23028 deferred_actor_returned hit=304 actor=00000001601EFC80 call_returned=1
tick=268681765 thread=23028 deferred_actor_begin hit=304 actor=00000001601EFBC0 bone="Bip01 L Calf" mass=1.00000 impulse=(6.561,0.069,17.496) expected_vtable=00000000C48D3750
tick=268681765 thread=23028 deferred_force_enter hit=304 actor=00000001601EFBC0 method=00000000C4697340
tick=268681765 thread=23028 deferred_actor_returned hit=304 actor=00000001601EFBC0 call_returned=1
tick=268681765 thread=23028 deferred_actor_begin hit=304 actor=00000001601EFD40 bone="Bip01 R Calf" mass=1.00000 impulse=(6.561,0.069,17.496) expected_vtable=00000000C48D3750
tick=268681765 thread=23028 deferred_force_enter hit=304 actor=00000001601EFD40 method=00000000C4697340
tick=268681765 thread=23028 deferred_actor_returned hit=304 actor=00000001601EFD40 call_returned=1
tick=268681765 thread=23028 deferred_actor_begin hit=304 actor=00000001601F01C0 bone="Bip01 Spine1" mass=1.00000 impulse=(6.561,0.069,17.496) expected_vtable=00000000C48D3750
tick=268681765 thread=23028 deferred_force_enter hit=304 actor=00000001601F01C0 method=00000000C4697340
tick=268681765 thread=23028 deferred_actor_returned hit=304 actor=00000001601F01C0 call_returned=1
tick=268681765 thread=23028 deferred_actor_begin hit=304 actor=00000001601F0280 bone="Bip01 Spine2" mass=1.00000 impulse=(6.561,0.069,17.496) expected_vtable=00000000C48D3750
tick=268681765 thread=23028 deferred_force_enter hit=304 actor=00000001601F0280 method=00000000C4697340
tick=268681765 thread=23028 deferred_actor_returned hit=304 actor=00000001601F0280 call_returned=1
tick=268681765 thread=23028 deferred_actor_begin hit=304 actor=00000001601F0580 bone="Bip01 Neck" mass=1.00000 impulse=(6.561,0.069,17.496) expected_vtable=00000000C48D3750
tick=268681765 thread=23028 deferred_force_enter hit=304 actor=00000001601F0580 method=00000000C4697340
tick=268681765 thread=23028 deferred_actor_returned hit=304 actor=00000001601F0580 call_returned=1
tick=268681765 thread=23028 deferred_actor_begin hit=304 actor=00000001601F0340 bone="Bip01 L UpperArm" mass=1.00000 impulse=(6.561,0.069,17.496) expected_vtable=00000000C48D3750
tick=268681765 thread=23028 deferred_force_enter hit=304 actor=00000001601F0340 method=00000000C4697340
tick=268681765 thread=23028 deferred_actor_returned hit=304 actor=00000001601F0340 call_returned=1
tick=268681765 thread=23028 deferred_actor_begin hit=304 actor=00000001601F0640 bone="Bip01 Head" mass=1.00000 impulse=(489.869,5.169,1306.389) expected_vtable=00000000C48D3750
tick=268681765 thread=23028 deferred_force_enter hit=304 actor=00000001601F0640 method=00000000C4697340
tick=268681765 thread=23028 deferred_actor_returned hit=304 actor=00000001601F0640 call_returned=1
tick=268681765 thread=23028 deferred_actor_begin hit=304 actor=00000001601F3F40 bone="Bip01 R UpperArm" mass=1.00000 impulse=(6.561,0.069,17.496) expected_vtable=00000000C48D3750
tick=268681765 thread=23028 deferred_force_enter hit=304 actor=00000001601F3F40 method=00000000C4697340
tick=268681765 thread=23028 deferred_actor_returned hit=304 actor=00000001601F3F40 call_returned=1
tick=268681765 thread=23028 deferred_actor_begin hit=304 actor=00000001601F0400 bone="Bip01 L Forearm" mass=1.00000 impulse=(6.561,0.069,17.496) expected_vtable=00000000C48D3750
tick=268681765 thread=23028 deferred_force_enter hit=304 actor=00000001601F0400 method=00000000C4697340
tick=268681765 thread=23028 deferred_actor_returned hit=304 actor=00000001601F0400 call_returned=1
tick=268681765 thread=23028 deferred_actor_begin hit=304 actor=00000001601F3880 bone="Bip01 R Forearm" mass=1.00000 impulse=(6.561,0.069,17.496) expected_vtable=00000000C48D3750
tick=268681765 thread=23028 deferred_force_enter hit=304 actor=00000001601F3880 method=00000000C4697340
tick=268681765 thread=23028 deferred_actor_returned hit=304 actor=00000001601F3880 call_returned=1
tick=268681765 thread=23028 deferred_apply_end hit=304
tick=268687843 thread=23028 deferred_apply_begin hit=306 owner=000000016F2FFFE0 actors=13 age_ms=47 capture_thread=23028 planned_horizontal=1447.79 safety_scale=1.00000
tick=268687843 thread=23028 deferred_actor_begin hit=306 actor=00000001607A71C0 bone="Bip01" mass=1.00000 impulse=(-3.055,-4.942,16.424) expected_vtable=00000000C48D3750
tick=268687843 thread=23028 deferred_force_enter hit=306 actor=00000001607A71C0 method=00000000C4697340
tick=268687843 thread=23028 deferred_actor_returned hit=306 actor=00000001607A71C0 call_returned=1
tick=268687843 thread=23028 deferred_actor_begin hit=306 actor=00000001607A7580 bone="Bip01 L Thigh" mass=1.00000 impulse=(-3.055,-4.942,16.424) expected_vtable=00000000C48D3750
tick=268687843 thread=23028 deferred_force_enter hit=306 actor=00000001607A7580 method=00000000C4697340
tick=268687843 thread=23028 deferred_actor_returned hit=306 actor=00000001607A7580 call_returned=1
tick=268687843 thread=23028 deferred_actor_begin hit=306 actor=00000001607A8240 bone="Bip01 R Thigh" mass=1.00000 impulse=(-3.055,-4.942,16.424) expected_vtable=00000000C48D3750
tick=268687843 thread=23028 deferred_force_enter hit=306 actor=00000001607A8240 method=00000000C4697340
tick=268687843 thread=23028 deferred_actor_returned hit=306 actor=00000001607A8240 call_returned=1
tick=268687843 thread=23028 deferred_actor_begin hit=306 actor=00000001607A8780 bone="Bip01 L Calf" mass=1.00000 impulse=(-3.055,-4.942,16.424) expected_vtable=00000000C48D3750
tick=268687843 thread=23028 deferred_force_enter hit=306 actor=00000001607A8780 method=00000000C4697340
tick=268687843 thread=23028 deferred_actor_returned hit=306 actor=00000001607A8780 call_returned=1
tick=268687843 thread=23028 deferred_actor_begin hit=306 actor=00000001607A95C0 bone="Bip01 R Calf" mass=1.00000 impulse=(-3.055,-4.942,16.424) expected_vtable=00000000C48D3750
tick=268687843 thread=23028 deferred_force_enter hit=306 actor=00000001607A95C0 method=00000000C4697340
tick=268687843 thread=23028 deferred_actor_returned hit=306 actor=00000001607A95C0 call_returned=1
tick=268687843 thread=23028 deferred_actor_begin hit=306 actor=00000001607A9740 bone="Bip01 Spine1" mass=1.00000 impulse=(-228.137,-369.030,1226.289) expected_vtable=00000000C48D3750
tick=268687843 thread=23028 deferred_force_enter hit=306 actor=00000001607A9740 method=00000000C4697340
tick=268687843 thread=23028 deferred_actor_returned hit=306 actor=00000001607A9740 call_returned=1
tick=268687843 thread=23028 deferred_actor_begin hit=306 actor=00000001607A7700 bone="Bip01 Spine2" mass=1.00000 impulse=(-3.055,-4.942,16.424) expected_vtable=00000000C48D3750
tick=268687843 thread=23028 deferred_force_enter hit=306 actor=00000001607A7700 method=00000000C4697340
tick=268687843 thread=23028 deferred_actor_returned hit=306 actor=00000001607A7700 call_returned=1
tick=268687843 thread=23028 deferred_actor_begin hit=306 actor=00000001607A7D00 bone="Bip01 Neck" mass=1.00000 impulse=(-3.055,-4.942,16.424) expected_vtable=00000000C48D3750
tick=268687843 thread=23028 deferred_force_enter hit=306 actor=00000001607A7D00 method=00000000C4697340
tick=268687859 thread=23028 deferred_actor_returned hit=306 actor=00000001607A7D00 call_returned=1
tick=268687859 thread=23028 deferred_actor_begin hit=306 actor=00000001607A7B80 bone="Bip01 L UpperArm" mass=1.00000 impulse=(-3.055,-4.942,16.424) expected_vtable=00000000C48D3750
tick=268687859 thread=23028 deferred_force_enter hit=306 actor=00000001607A7B80 method=00000000C4697340
tick=268687859 thread=23028 deferred_actor_returned hit=306 actor=00000001607A7B80 call_returned=1
tick=268687859 thread=23028 deferred_actor_begin hit=306 actor=00000001607A6B00 bone="Bip01 Head" mass=1.00000 impulse=(-3.055,-4.942,16.424) expected_vtable=00000000C48D3750
tick=268687859 thread=23028 deferred_force_enter hit=306 actor=00000001607A6B00 method=00000000C4697340
tick=268687859 thread=23028 deferred_actor_returned hit=306 actor=00000001607A6B00 call_returned=1
tick=268687859 thread=23028 deferred_actor_begin hit=306 actor=00000001607A7AC0 bone="Bip01 R UpperArm" mass=1.00000 impulse=(-3.055,-4.942,16.424) expected_vtable=00000000C48D3750
tick=268687859 thread=23028 deferred_force_enter hit=306 actor=00000001607A7AC0 method=00000000C4697340
tick=268687859 thread=23028 deferred_actor_returned hit=306 actor=00000001607A7AC0 call_returned=1
tick=268687859 thread=23028 deferred_actor_begin hit=306 actor=00000001607A8480 bone="Bip01 L Forearm" mass=1.00000 impulse=(-3.055,-4.942,16.424) expected_vtable=00000000C48D3750
tick=268687859 thread=23028 deferred_force_enter hit=306 actor=00000001607A8480 method=00000000C4697340
tick=268687859 thread=23028 deferred_actor_returned hit=306 actor=00000001607A8480 call_returned=1
tick=268687859 thread=23028 deferred_actor_begin hit=306 actor=00000001607A6BC0 bone="Bip01 R Forearm" mass=1.00000 impulse=(-3.055,-4.942,16.424) expected_vtable=00000000C48D3750
tick=268687859 thread=23028 deferred_force_enter hit=306 actor=00000001607A6BC0 method=00000000C4697340
tick=268687859 thread=23028 deferred_actor_returned hit=306 actor=00000001607A6BC0 call_returned=1
tick=268687859 thread=23028 deferred_apply_end hit=306
tick=268693656 thread=23028 deferred_apply_begin hit=307 owner=000000016F322740 actors=13 age_ms=47 capture_thread=23028 planned_horizontal=1023.17 safety_scale=1.00000
tick=268693656 thread=23028 deferred_actor_begin hit=307 actor=00000001607A4A00 bone="Bip01" mass=1.00000 impulse=(-4.048,-3.473,11.090) expected_vtable=00000000C48D3750
tick=268693656 thread=23028 deferred_force_enter hit=307 actor=00000001607A4A00 method=00000000C4697340
tick=268693656 thread=23028 deferred_actor_returned hit=307 actor=00000001607A4A00 call_returned=1
tick=268693656 thread=23028 deferred_actor_begin hit=307 actor=00000001607A4640 bone="Bip01 L Thigh" mass=1.00000 impulse=(-4.048,-3.473,11.090) expected_vtable=00000000C48D3750
tick=268693656 thread=23028 deferred_force_enter hit=307 actor=00000001607A4640 method=00000000C4697340
tick=268693656 thread=23028 deferred_actor_returned hit=307 actor=00000001607A4640 call_returned=1
tick=268693656 thread=23028 deferred_actor_begin hit=307 actor=00000001607A4DC0 bone="Bip01 R Thigh" mass=1.00000 impulse=(-4.048,-3.473,11.090) expected_vtable=00000000C48D3750
tick=268693656 thread=23028 deferred_force_enter hit=307 actor=00000001607A4DC0 method=00000000C4697340
tick=268693656 thread=23028 deferred_actor_returned hit=307 actor=00000001607A4DC0 call_returned=1
tick=268693656 thread=23028 deferred_actor_begin hit=307 actor=00000001607A4880 bone="Bip01 L Calf" mass=1.00000 impulse=(-4.048,-3.473,11.090) expected_vtable=00000000C48D3750
tick=268693656 thread=23028 deferred_force_enter hit=307 actor=00000001607A4880 method=00000000C4697340
tick=268693656 thread=23028 deferred_actor_returned hit=307 actor=00000001607A4880 call_returned=1
tick=268693656 thread=23028 deferred_actor_begin hit=307 actor=00000001607A8300 bone="Bip01 R Calf" mass=1.00000 impulse=(-4.048,-3.473,11.090) expected_vtable=00000000C48D3750
tick=268693656 thread=23028 deferred_force_enter hit=307 actor=00000001607A8300 method=00000000C4697340
tick=268693656 thread=23028 deferred_actor_returned hit=307 actor=00000001607A8300 call_returned=1
tick=268693656 thread=23028 deferred_actor_begin hit=307 actor=00000001607A86C0 bone="Bip01 Spine1" mass=1.00000 impulse=(-4.048,-3.473,11.090) expected_vtable=00000000C48D3750
tick=268693656 thread=23028 deferred_force_enter hit=307 actor=00000001607A86C0 method=00000000C4697340
tick=268693656 thread=23028 deferred_actor_returned hit=307 actor=00000001607A86C0 call_returned=1
tick=268693656 thread=23028 deferred_actor_begin hit=307 actor=00000001607A83C0 bone="Bip01 Spine2" mass=1.00000 impulse=(-302.224,-259.280,828.070) expected_vtable=00000000C48D3750
tick=268693656 thread=23028 deferred_force_enter hit=307 actor=00000001607A83C0 method=00000000C4697340
tick=268693656 thread=23028 deferred_actor_returned hit=307 actor=00000001607A83C0 call_returned=1
tick=268693656 thread=23028 deferred_actor_begin hit=307 actor=00000001607A6D40 bone="Bip01 Neck" mass=1.00000 impulse=(-4.048,-3.473,11.090) expected_vtable=00000000C48D3750
tick=268693656 thread=23028 deferred_force_enter hit=307 actor=00000001607A6D40 method=00000000C4697340
tick=268693656 thread=23028 deferred_actor_returned hit=307 actor=00000001607A6D40 call_returned=1
tick=268693656 thread=23028 deferred_actor_begin hit=307 actor=00000001607A8D80 bone="Bip01 L UpperArm" mass=1.00000 impulse=(-4.048,-3.473,11.090) expected_vtable=00000000C48D3750
tick=268693656 thread=23028 deferred_force_enter hit=307 actor=00000001607A8D80 method=00000000C4697340
tick=268693656 thread=23028 deferred_actor_returned hit=307 actor=00000001607A8D80 call_returned=1
tick=268693656 thread=23028 deferred_actor_begin hit=307 actor=00000001607A98C0 bone="Bip01 Head" mass=1.00000 impulse=(-4.048,-3.473,11.090) expected_vtable=00000000C48D3750
tick=268693656 thread=23028 deferred_force_enter hit=307 actor=00000001607A98C0 method=00000000C4697340
tick=268693656 thread=23028 deferred_actor_returned hit=307 actor=00000001607A98C0 call_returned=1
tick=268693656 thread=23028 deferred_actor_begin hit=307 actor=00000001607A6A40 bone="Bip01 R UpperArm" mass=1.00000 impulse=(-4.048,-3.473,11.090) expected_vtable=00000000C48D3750
tick=268693656 thread=23028 deferred_force_enter hit=307 actor=00000001607A6A40 method=00000000C4697340
tick=268693656 thread=23028 deferred_actor_returned hit=307 actor=00000001607A6A40 call_returned=1
tick=268693656 thread=23028 deferred_actor_begin hit=307 actor=00000001607A8FC0 bone="Bip01 L Forearm" mass=1.00000 impulse=(-4.048,-3.473,11.090) expected_vtable=00000000C48D3750
tick=268693656 thread=23028 deferred_force_enter hit=307 actor=00000001607A8FC0 method=00000000C4697340
tick=268693656 thread=23028 deferred_actor_returned hit=307 actor=00000001607A8FC0 call_returned=1
tick=268693656 thread=23028 deferred_actor_begin hit=307 actor=00000001607A7F40 bone="Bip01 R Forearm" mass=1.00000 impulse=(-4.048,-3.473,11.090) expected_vtable=00000000C48D3750
tick=268693656 thread=23028 deferred_force_enter hit=307 actor=00000001607A7F40 method=00000000C4697340
tick=268693656 thread=23028 deferred_actor_returned hit=307 actor=00000001607A7F40 call_returned=1
tick=268693656 thread=23028 deferred_apply_end hit=307
